feed_id,source_stop_id,name,lat,lon,mode,location_type,source_parent_id,city,district,region,country,wheelchair,platform_code,zone_id,timezone,departures_per_day
czptt,-SR70S-CZ-00701-3m,Jindř.Hradec JHMD,49.154878,15.005179,train,0,-SR70ST-CZ-00701,,,,CZ,,3m,,Europe/Prague,0
czptt,-SR70S-CZ-00701-5m,Jindř.Hradec JHMD,49.154878,15.005179,train,0,-SR70ST-CZ-00701,,,,CZ,,5m,,Europe/Prague,6
czptt,-SR70S-CZ-00701-7m,Jindř.Hradec JHMD,49.154878,15.005179,train,0,-SR70ST-CZ-00701,,,,CZ,,7m,,Europe/Prague,19
czptt,-SR70S-CZ-30025,Bohumín-Vrbice st.hr,49.916385,18.322483,train,0,,,,,CZ,,,,Europe/Prague,2
czptt,-SR70S-CZ-30055,Břeclav státní hranice,48.712541,16.868387,train,0,,,,,CZ,,,,Europe/Prague,0
czptt,-SR70S-CZ-30075,Velká nad Veličkou státní hranice,48.829328,17.518918,train,0,,,,,CZ,,,,Europe/Prague,0
czptt,-SR70S-CZ-33005-101,Bojkovice město,49.035337,17.811044,train,0,-SR70ST-CZ-33005,,,,CZ,,101,,Europe/Prague,755
czptt,-SR70S-CZ-33012-1,Blatec,49.525464,17.246139,train,0,-SR70ST-CZ-33012,,,,CZ,,1,,Europe/Prague,255
czptt,-SR70S-CZ-33012-3,Blatec,49.525464,17.246139,train,0,-SR70ST-CZ-33012,,,,CZ,,3,,Europe/Prague,436
czptt,-SR70S-CZ-33014-1,Albrechtice u Českého Těšína,49.792761,18.524387,train,0,-SR70ST-CZ-33014,,,,CZ,,1,,Europe/Prague,527
czptt,-SR70S-CZ-33014-2,Albrechtice u Českého Těšína,49.792761,18.524387,train,0,-SR70ST-CZ-33014,,,,CZ,,2,,Europe/Prague,518
czptt,-SR70S-CZ-33014-3,Albrechtice u Českého Těšína,49.792761,18.524387,train,0,-SR70ST-CZ-33014,,,,CZ,,3,,Europe/Prague,56
czptt,-SR70S-CZ-33014-6,Albrechtice u Českého Těšína,49.792761,18.524387,train,0,-SR70ST-CZ-33014,,,,CZ,,6,,Europe/Prague,46
czptt,-SR70S-CZ-33015-1,Adamov,49.295415,16.663198,train,0,-SR70ST-CZ-33015,,,,CZ,,1,,Europe/Prague,695
czptt,-SR70S-CZ-33015-2,Adamov,49.295415,16.663198,train,0,-SR70ST-CZ-33015,,,,CZ,,2,,Europe/Prague,782
czptt,-SR70S-CZ-33015-3,Adamov,49.295415,16.663198,train,0,-SR70ST-CZ-33015,,,,CZ,,3,,Europe/Prague,10
czptt,-SR70S-CZ-33015-3b,Adamov,49.295415,16.663198,train,0,-SR70ST-CZ-33015,,,,CZ,,3b,,Europe/Prague,1
czptt,-SR70S-CZ-33015-4,Adamov,49.295415,16.663198,train,0,-SR70ST-CZ-33015,,,,CZ,,4,,Europe/Prague,4
czptt,-SR70S-CZ-33022,Nemilany,49.558732,17.244292,train,0,,,,,CZ,,,,Europe/Prague,686
czptt,-SR70S-CZ-33024-1,Baška,49.651064,18.369132,train,0,-SR70ST-CZ-33024,,,,CZ,,1,,Europe/Prague,1062
czptt,-SR70S-CZ-33024-3,Baška,49.651064,18.369132,train,0,-SR70ST-CZ-33024,,,,CZ,,3,,Europe/Prague,4
czptt,-SR70S-CZ-33025,Adamov zastávka,49.301993,16.648105,train,0,,,,,CZ,,,,Europe/Prague,1424
czptt,-SR70S-CZ-33032,Olomouc-Nové Sady,49.570875,17.260583,train,0,,,,,CZ,,,,Europe/Prague,690
czptt,-SR70S-CZ-33035,Babice nad Svitavou,49.27654,16.672735,train,0,,,,,CZ,,,,Europe/Prague,927
czptt,-SR70S-CZ-33042,Bludov,49.928012,16.939166,train,0,,,,,CZ,,,,Europe/Prague,6
czptt,-SR70S-CZ-33042-1,Bludov,49.928012,16.939166,train,0,-SR70ST-CZ-33042,,,,CZ,,1,,Europe/Prague,1484
czptt,-SR70S-CZ-33042-2,Bludov,49.928012,16.939166,train,0,-SR70ST-CZ-33042,,,,CZ,,2,,Europe/Prague,0
czptt,-SR70S-CZ-33042-3,Bludov,49.928012,16.939166,train,0,-SR70ST-CZ-33042,,,,CZ,,3,,Europe/Prague,7
czptt,-SR70S-CZ-33042-3a,Bludov,49.928012,16.939166,train,0,-SR70ST-CZ-33042,,,,CZ,,3a,,Europe/Prague,22
czptt,-SR70S-CZ-33042-5,Bludov,49.928012,16.939166,train,0,-SR70ST-CZ-33042,,,,CZ,,5,,Europe/Prague,13
czptt,-SR70S-CZ-33042-5c,Bludov,49.928012,16.939166,train,0,-SR70ST-CZ-33042,,,,CZ,,5c,,Europe/Prague,33
czptt,-SR70S-CZ-33045-1,Bedihošť,49.441677,17.166581,train,0,-SR70ST-CZ-33045,,,,CZ,,1,,Europe/Prague,697
czptt,-SR70S-CZ-33045-2,Bedihošť,49.441677,17.166581,train,0,-SR70ST-CZ-33045,,,,CZ,,2,,Europe/Prague,10
czptt,-SR70S-CZ-33052,Bohutín,49.951743,16.875917,train,0,,,,,CZ,,,,Europe/Prague,356
czptt,-SR70S-CZ-33054,Studénka město,49.716277,18.065136,train,0,,,,,CZ,,,,Europe/Prague,166
czptt,-SR70S-CZ-33055,Čelčice,49.41185,17.191383,train,0,,,,,CZ,,,,Europe/Prague,739
czptt,-SR70S-CZ-33062,Bludov lázně,49.941178,16.902489,train,0,,,,,CZ,,,,Europe/Prague,352
czptt,-SR70S-CZ-33064-2,Bílovec,49.753319,18.013968,train,0,-SR70ST-CZ-33064,,,,CZ,,2,,Europe/Prague,166
czptt,-SR70S-CZ-33065,Doloplazy,49.352742,17.161682,train,0,,,,,CZ,,,,Europe/Prague,735
czptt,-SR70S-CZ-33072-1,Bohdíkov,50.027139,16.902121,train,0,-SR70ST-CZ-33072,,,,CZ,,1,,Europe/Prague,369
czptt,-SR70S-CZ-33072-2,Bohdíkov,50.027139,16.902121,train,0,-SR70ST-CZ-33072,,,,CZ,,2,,Europe/Prague,37
czptt,-SR70S-CZ-33074,Velké Albrechtice,49.748596,18.030914,train,0,,,,,CZ,,,,Europe/Prague,166
czptt,-SR70S-CZ-33075-1,Pivín,49.38749,17.18875,train,0,-SR70ST-CZ-33075,,,,CZ,,1,,Europe/Prague,673
czptt,-SR70S-CZ-33075-2,Pivín,49.38749,17.18875,train,0,-SR70ST-CZ-33075,,,,CZ,,2,,Europe/Prague,67
czptt,-SR70S-CZ-33082,Komňátka,50.009378,16.897194,train,0,,,,,CZ,,,,Europe/Prague,357
czptt,-SR70S-CZ-33084-1,Budišov nad Budišovkou,49.795759,17.614053,train,0,-SR70ST-CZ-33084,,,,CZ,,1,,Europe/Prague,0
czptt,-SR70S-CZ-33084-2,Budišov nad Budišovkou,49.795759,17.614053,train,0,-SR70ST-CZ-33084,,,,CZ,,2,,Europe/Prague,176
czptt,-SR70S-CZ-33085,Bílovice nad Svitavou,49.242516,16.673399,train,0,,,,,CZ,,,,Europe/Prague,1467
czptt,-SR70S-CZ-33092-1,Bohuňovice,49.662491,17.281087,train,0,-SR70ST-CZ-33092,,,,CZ,,1,,Europe/Prague,659
czptt,-SR70S-CZ-33092-3,Bohuňovice,49.662491,17.281087,train,0,-SR70ST-CZ-33092,,,,CZ,,3,,Europe/Prague,305
czptt,-SR70S-CZ-33094-1,Svatoňovice,49.799332,17.667952,train,0,-SR70ST-CZ-33094,,,,CZ,,1,,Europe/Prague,176
czptt,-SR70S-CZ-33095-1,Blansko,49.353212,16.646189,train,0,-SR70ST-CZ-33095,,,,CZ,,1,,Europe/Prague,660
czptt,-SR70S-CZ-33095-2,Blansko,49.353212,16.646189,train,0,-SR70ST-CZ-33095,,,,CZ,,2,,Europe/Prague,313
czptt,-SR70S-CZ-33095-4,Blansko,49.353212,16.646189,train,0,-SR70ST-CZ-33095,,,,CZ,,4,,Europe/Prague,719
czptt,-SR70S-CZ-33095-5,Blansko,49.353212,16.646189,train,0,-SR70ST-CZ-33095,,,,CZ,,5,,Europe/Prague,5
czptt,-SR70S-CZ-33095-5a,Blansko,49.353212,16.646189,train,0,-SR70ST-CZ-33095,,,,CZ,,5a,,Europe/Prague,236
czptt,-SR70S-CZ-33102,Hlušovice,49.639063,17.281183,train,0,,,,,CZ,,,,Europe/Prague,945
czptt,-SR70S-CZ-33104-1,Bystřice,49.636568,18.71693,train,0,-SR70ST-CZ-33104,,,,CZ,,1,,Europe/Prague,196
czptt,-SR70S-CZ-33104-2,Bystřice,49.636568,18.71693,train,0,-SR70ST-CZ-33104,,,,CZ,,2,,Europe/Prague,2
czptt,-SR70S-CZ-33104-3,Bystřice,49.636568,18.71693,train,0,-SR70ST-CZ-33104,,,,CZ,,3,,Europe/Prague,42
czptt,-SR70S-CZ-33104-4,Bystřice,49.636568,18.71693,train,0,-SR70ST-CZ-33104,,,,CZ,,4,,Europe/Prague,297
czptt,-SR70S-CZ-33105,Dolní Lhota,49.387501,16.633786,train,0,,,,,CZ,,,,Europe/Prague,1165
czptt,-SR70S-CZ-33112-1,Branná,50.147748,17.014822,train,0,-SR70ST-CZ-33112,,,,CZ,,1,,Europe/Prague,431
czptt,-SR70S-CZ-33112-2,Branná,50.147748,17.014822,train,0,-SR70ST-CZ-33112,,,,CZ,,2,,Europe/Prague,92
czptt,-SR70S-CZ-33114,Hrádek,49.613769,18.73946,train,0,,,,,CZ,,,,Europe/Prague,447
czptt,-SR70S-CZ-33115,Blansko město,49.361175,16.639289,train,0,,,,,CZ,,,,Europe/Prague,887
czptt,-SR70S-CZ-33115-1a,Blansko město,49.361175,16.639289,train,0,-SR70ST-CZ-33115,,,,CZ,,1a,,Europe/Prague,297
czptt,-SR70S-CZ-33115-2a,Blansko město,49.361175,16.639289,train,0,-SR70ST-CZ-33115,,,,CZ,,2a,,Europe/Prague,295
czptt,-SR70S-CZ-33122-1,Brantice,50.052048,17.611626,train,0,-SR70ST-CZ-33122,,,,CZ,,1,,Europe/Prague,308
czptt,-SR70S-CZ-33122-2,Brantice,50.052048,17.611626,train,0,-SR70ST-CZ-33122,,,,CZ,,2,,Europe/Prague,77
czptt,-SR70S-CZ-33124,Vendryně (Wędrynia),49.656175,18.696306,train,0,,,,,CZ,,,,Europe/Prague,452
czptt,-SR70S-CZ-33125-1,Blažovice,49.163685,16.798251,train,0,-SR70ST-CZ-33125,,,,CZ,,1,,Europe/Prague,166
czptt,-SR70S-CZ-33125-2,Blažovice,49.163685,16.798251,train,0,-SR70ST-CZ-33125,,,,CZ,,2,,Europe/Prague,172
czptt,-SR70S-CZ-33125-4,Blažovice,49.163685,16.798251,train,0,-SR70ST-CZ-33125,,,,CZ,,4,,Europe/Prague,0
czptt,-SR70S-CZ-33125-6b,Blažovice,49.163685,16.798251,train,0,-SR70ST-CZ-33125,,,,CZ,,6b,,Europe/Prague,0
czptt,-SR70S-CZ-33132,Zátor,50.03937,17.596263,train,0,,,,,CZ,,,,Europe/Prague,385
czptt,-SR70S-CZ-33135,Křenovice dol.n.,49.144209,16.834138,train,0,,,,,CZ,,,,Europe/Prague,349
czptt,-SR70S-CZ-33142-1,Brodek u Přerova,49.482046,17.337388,train,0,-SR70ST-CZ-33142,,,,CZ,,1,,Europe/Prague,480
czptt,-SR70S-CZ-33142-2,Brodek u Přerova,49.482046,17.337388,train,0,-SR70ST-CZ-33142,,,,CZ,,2,,Europe/Prague,545
czptt,-SR70S-CZ-33142-3,Brodek u Přerova,49.482046,17.337388,train,0,-SR70ST-CZ-33142,,,,CZ,,3,,Europe/Prague,109
czptt,-SR70S-CZ-33142-4,Brodek u Přerova,49.482046,17.337388,train,0,-SR70ST-CZ-33142,,,,CZ,,4,,Europe/Prague,2
czptt,-SR70S-CZ-33145-1,Bohuslavice nad Vláří,49.096204,17.926159,train,0,-SR70ST-CZ-33145,,,,CZ,,1,,Europe/Prague,344
czptt,-SR70S-CZ-33145-2,Bohuslavice nad Vláří,49.096204,17.926159,train,0,-SR70ST-CZ-33145,,,,CZ,,2,,Europe/Prague,13
czptt,-SR70S-CZ-33152,Rokytnice u Přerova,49.460656,17.374091,train,0,,,,,CZ,,,,Europe/Prague,1137
czptt,-SR70S-CZ-33155,Divnice,49.097677,17.914588,train,0,,,,,CZ,,,,Europe/Prague,356
czptt,-SR70S-CZ-33162-1,Bruntál,49.993579,17.47449,train,0,-SR70ST-CZ-33162,,,,CZ,,1,,Europe/Prague,856
czptt,-SR70S-CZ-33162-2,Bruntál,49.993579,17.47449,train,0,-SR70ST-CZ-33162,,,,CZ,,2,,Europe/Prague,31
czptt,-SR70S-CZ-33162-3,Bruntál,49.993579,17.47449,train,0,-SR70ST-CZ-33162,,,,CZ,,3,,Europe/Prague,6
czptt,-SR70S-CZ-33162-4,Bruntál,49.993579,17.47449,train,0,-SR70ST-CZ-33162,,,,CZ,,4,,Europe/Prague,40
czptt,-SR70S-CZ-33162-5a,Bruntál,49.993579,17.47449,train,0,-SR70ST-CZ-33162,,,,CZ,,5a,,Europe/Prague,2
czptt,-SR70S-CZ-33165,Popov,49.080689,17.966963,train,0,,,,,CZ,,,,Europe/Prague,409
czptt,-SR70S-CZ-33172-1,Malá Morávka,50.010144,17.317287,train,0,-SR70ST-CZ-33172,,,,CZ,,1,,Europe/Prague,40
czptt,-SR70S-CZ-33172-3,Malá Morávka,50.010144,17.317287,train,0,-SR70ST-CZ-33172,,,,CZ,,3,,Europe/Prague,1
czptt,-SR70S-CZ-33175,Bohuslavice u Kyjova,49.054898,17.119262,train,0,,,,,CZ,,,,Europe/Prague,252
czptt,-SR70S-CZ-33182,Kožušany,49.540363,17.249976,train,0,,,,,CZ,,,,Europe/Prague,689
czptt,-SR70S-CZ-33185-1,Bojkovice,49.036112,17.795359,train,0,-SR70ST-CZ-33185,,,,CZ,,1,,Europe/Prague,609
czptt,-SR70S-CZ-33185-3,Bojkovice,49.036112,17.795359,train,0,-SR70ST-CZ-33185,,,,CZ,,3,,Europe/Prague,205
czptt,-SR70S-CZ-33185-3a,Bojkovice,49.036112,17.795359,train,0,-SR70ST-CZ-33185,,,,CZ,,3a,,Europe/Prague,46
czptt,-SR70S-CZ-33185-5,Bojkovice,49.036112,17.795359,train,0,-SR70ST-CZ-33185,,,,CZ,,5,,Europe/Prague,18
czptt,-SR70S-CZ-33192,Rudná pod Pradědem,50.035976,17.401202,train,0,,,,,CZ,,,,Europe/Prague,40
czptt,-SR70S-CZ-33195,Pitín zastávka,49.037456,17.843154,train,0,,,,,CZ,,,,Europe/Prague,433
czptt,-SR70S-CZ-33202-1,Světlá Hora,50.043068,17.394421,train,0,-SR70ST-CZ-33202,,,,CZ,,1,,Europe/Prague,41
czptt,-SR70S-CZ-33205-1,Boskovice,49.491529,16.651713,train,0,-SR70ST-CZ-33205,,,,CZ,,1,,Europe/Prague,364
czptt,-SR70S-CZ-33205-2,Boskovice,49.491529,16.651713,train,0,-SR70ST-CZ-33205,,,,CZ,,2,,Europe/Prague,1
czptt,-SR70S-CZ-33215-1,Boří les,48.737944,16.867058,train,0,-SR70ST-CZ-33215,,,,CZ,,1,,Europe/Prague,314
czptt,-SR70S-CZ-33215-3,Boří les,48.737944,16.867058,train,0,-SR70ST-CZ-33215,,,,CZ,,3,,Europe/Prague,49
czptt,-SR70S-CZ-33222,Rudná pod Pradědem zastávka,50.0231,17.338971,train,0,,,,,CZ,,,,Europe/Prague,40
czptt,-SR70S-CZ-33225-1,Božice u Znojma,48.823278,16.287761,train,0,-SR70ST-CZ-33225,,,,CZ,,1,,Europe/Prague,78
czptt,-SR70S-CZ-33225-1a,Božice u Znojma,48.823278,16.287761,train,0,-SR70ST-CZ-33225,,,,CZ,,1a,,Europe/Prague,389
czptt,-SR70S-CZ-33225-5,Božice u Znojma,48.823278,16.287761,train,0,-SR70ST-CZ-33225,,,,CZ,,5,,Europe/Prague,0
czptt,-SR70S-CZ-33232-1,Břidličná,49.913311,17.382609,train,0,-SR70ST-CZ-33232,,,,CZ,,1,,Europe/Prague,253
czptt,-SR70S-CZ-33234-0,Český Těšín,49.743197,18.62236,train,0,-SR70ST-CZ-33234,,,,CZ,,0,,Europe/Prague,2
czptt,-SR70S-CZ-33234-1,Český Těšín,49.743197,18.62236,train,0,-SR70ST-CZ-33234,,,,CZ,,1,,Europe/Prague,537
czptt,-SR70S-CZ-33234-2,Český Těšín,49.743197,18.62236,train,0,-SR70ST-CZ-33234,,,,CZ,,2,,Europe/Prague,552
czptt,-SR70S-CZ-33234-238,Český Těšín,49.743197,18.62236,train,0,-SR70ST-CZ-33234,,,,CZ,,238,,Europe/Prague,9
czptt,-SR70S-CZ-33234-5,Český Těšín,49.743197,18.62236,train,0,-SR70ST-CZ-33234,,,,CZ,,5,,Europe/Prague,530
czptt,-SR70S-CZ-33234-6,Český Těšín,49.743197,18.62236,train,0,-SR70ST-CZ-33234,,,,CZ,,6,,Europe/Prague,681
czptt,-SR70S-CZ-33234-7,Český Těšín,49.743197,18.62236,train,0,-SR70ST-CZ-33234,,,,CZ,,7,,Europe/Prague,59
czptt,-SR70S-CZ-33234-8,Český Těšín,49.743197,18.62236,train,0,-SR70ST-CZ-33234,,,,CZ,,8,,Europe/Prague,120
czptt,-SR70S-CZ-33236-1,Branky na Moravě,49.459375,17.905613,train,0,-SR70ST-CZ-33236,,,,CZ,,1,,Europe/Prague,251
czptt,-SR70S-CZ-33236-3,Branky na Moravě,49.459375,17.905613,train,0,-SR70ST-CZ-33236,,,,CZ,,3,,Europe/Prague,138
czptt,-SR70S-CZ-33242,Břidličná zastávka,49.912426,17.3696,train,0,,,,,CZ,,,,Europe/Prague,253
czptt,-SR70S-CZ-33244,Chotěbuz (Kocobędz),49.781418,18.598236,train,0,,,,,CZ,,,,Europe/Prague,988
czptt,-SR70S-CZ-33246,Police u Valašského Meziříčí,49.450651,17.868696,train,0,,,,,CZ,,,,Europe/Prague,390
czptt,-SR70S-CZ-33252,Raškov,50.040276,16.912595,train,0,,,,,CZ,,,,Europe/Prague,354
czptt,-SR70S-CZ-33254,Ropice zastávka,49.716666,18.626984,train,0,,,,,CZ,,,,Europe/Prague,291
czptt,-SR70S-CZ-33255-1,Bransouze,49.305693,15.74934,train,0,-SR70ST-CZ-33255,,,,CZ,,1,,Europe/Prague,239
czptt,-SR70S-CZ-33255-3a,Bransouze,49.305693,15.74934,train,0,-SR70ST-CZ-33255,,,,CZ,,3a,,Europe/Prague,135
czptt,-SR70S-CZ-33255-5,Bransouze,49.305693,15.74934,train,0,-SR70ST-CZ-33255,,,,CZ,,5,,Europe/Prague,13
czptt,-SR70S-CZ-33264-1,Děhylov,49.880559,18.171021,train,0,-SR70ST-CZ-33264,,,,CZ,,1,,Europe/Prague,345
czptt,-SR70S-CZ-33264-2,Děhylov,49.880559,18.171021,train,0,-SR70ST-CZ-33264,,,,CZ,,2,,Europe/Prague,247
czptt,-SR70S-CZ-33265,Přímělkov,49.343524,15.741459,train,0,,,,,CZ,,,,Europe/Prague,338
czptt,-SR70S-CZ-33274-1,Dětmarovice,49.900134,18.466528,train,0,-SR70ST-CZ-33274,,,,CZ,,1,,Europe/Prague,166
czptt,-SR70S-CZ-33274-2,Dětmarovice,49.900134,18.466528,train,0,-SR70ST-CZ-33274,,,,CZ,,2,,Europe/Prague,197
czptt,-SR70S-CZ-33275,Dolní Smrčné,49.322948,15.747423,train,0,,,,,CZ,,,,Europe/Prague,338
czptt,-SR70S-CZ-33283,Dobrá u F-M kolej 90,49.671549,18.435891,train,0,,,,,CZ,,,,Europe/Prague,1
czptt,-SR70S-CZ-33284-1,Dobrá u Frýdku-Místku,49.670887,18.414222,train,0,-SR70ST-CZ-33284,,,,CZ,,1,,Europe/Prague,519
czptt,-SR70S-CZ-33284-2,Dobrá u Frýdku-Místku,49.670887,18.414222,train,0,-SR70ST-CZ-33284,,,,CZ,,2,,Europe/Prague,70
czptt,-SR70S-CZ-33285,Číchov,49.281959,15.763498,train,0,,,,,CZ,,,,Europe/Prague,388
czptt,-SR70S-CZ-33292-1,Čelechovice na Hané,49.513387,17.09654,train,0,-SR70ST-CZ-33292,,,,CZ,,1,,Europe/Prague,307
czptt,-SR70S-CZ-33294,Dobratice-Vojkovice,49.669711,18.472699,train,0,,,,,CZ,,,,Europe/Prague,582
czptt,-SR70S-CZ-33295-1,Brno hl. n.,49.189992,16.611046,train,0,-SR70ST-CZ-33295,,,,CZ,,1,,Europe/Prague,1466
czptt,-SR70S-CZ-33295-11,Brno hl. n.,49.189992,16.611046,train,0,-SR70ST-CZ-33295,,,,CZ,,11,,Europe/Prague,602
czptt,-SR70S-CZ-33295-13,Brno hl. n.,49.189992,16.611046,train,0,-SR70ST-CZ-33295,,,,CZ,,13,,Europe/Prague,559
czptt,-SR70S-CZ-33295-1h,Brno hl. n.,49.189992,16.611046,train,0,-SR70ST-CZ-33295,,,,CZ,,1h,,Europe/Prague,374
czptt,-SR70S-CZ-33295-2,Brno hl. n.,49.189992,16.611046,train,0,-SR70ST-CZ-33295,,,,CZ,,2,,Europe/Prague,2635
czptt,-SR70S-CZ-33295-2h,Brno hl. n.,49.189992,16.611046,train,0,-SR70ST-CZ-33295,,,,CZ,,2h,,Europe/Prague,362
czptt,-SR70S-CZ-33295-3,Brno hl. n.,49.189992,16.611046,train,0,-SR70ST-CZ-33295,,,,CZ,,3,,Europe/Prague,2249
czptt,-SR70S-CZ-33295-4,Brno hl. n.,49.189992,16.611046,train,0,-SR70ST-CZ-33295,,,,CZ,,4,,Europe/Prague,1542
czptt,-SR70S-CZ-33295-5,Brno hl. n.,49.189992,16.611046,train,0,-SR70ST-CZ-33295,,,,CZ,,5,,Europe/Prague,844
czptt,-SR70S-CZ-33295-6,Brno hl. n.,49.189992,16.611046,train,0,-SR70ST-CZ-33295,,,,CZ,,6,,Europe/Prague,870
czptt,-SR70S-CZ-33295-701,Brno hl. n.,49.189992,16.611046,train,0,-SR70ST-CZ-33295,,,,CZ,,701,,Europe/Prague,74
czptt,-SR70S-CZ-33295-8,Brno hl. n.,49.189992,16.611046,train,0,-SR70ST-CZ-33295,,,,CZ,,8,,Europe/Prague,676
czptt,-SR70S-CZ-33295-9,Brno hl. n.,49.189992,16.611046,train,0,-SR70ST-CZ-33295,,,,CZ,,9,,Europe/Prague,470
czptt,-SR70S-CZ-33302,Kaple,49.531097,17.104638,train,0,,,,,CZ,,,,Europe/Prague,283
czptt,-SR70S-CZ-33304-1,Dolní Benešov,49.923152,18.119003,train,0,-SR70ST-CZ-33304,,,,CZ,,1,,Europe/Prague,161
czptt,-SR70S-CZ-33304-2,Dolní Benešov,49.923152,18.119003,train,0,-SR70ST-CZ-33304,,,,CZ,,2,,Europe/Prague,145
czptt,-SR70S-CZ-33305-1,Brno-Horní Heršpice,49.167048,16.606879,train,0,-SR70ST-CZ-33305,,,,CZ,,1,,Europe/Prague,794
czptt,-SR70S-CZ-33305-2,Brno-Horní Heršpice,49.167048,16.606879,train,0,-SR70ST-CZ-33305,,,,CZ,,2,,Europe/Prague,56
czptt,-SR70S-CZ-33305-3,Brno-Horní Heršpice,49.167048,16.606879,train,0,-SR70ST-CZ-33305,,,,CZ,,3,,Europe/Prague,1174
czptt,-SR70S-CZ-33305-5,Brno-Horní Heršpice,49.167048,16.606879,train,0,-SR70ST-CZ-33305,,,,CZ,,5,,Europe/Prague,340
czptt,-SR70S-CZ-33307,H.Heršpice výh.č.651,49.172917,16.610513,train,0,,,,,CZ,,,,Europe/Prague,0
czptt,-SR70S-CZ-33308,H.Heršpice zhl.S.sil,49.161329,16.598572,train,0,,,,,CZ,,,,Europe/Prague,0
czptt,-SR70S-CZ-33312-1,Červenka,49.724049,17.091105,train,0,-SR70ST-CZ-33312,,,,CZ,,1,,Europe/Prague,500
czptt,-SR70S-CZ-33312-2,Červenka,49.724049,17.091105,train,0,-SR70ST-CZ-33312,,,,CZ,,2,,Europe/Prague,597
czptt,-SR70S-CZ-33312-3,Červenka,49.724049,17.091105,train,0,-SR70ST-CZ-33312,,,,CZ,,3,,Europe/Prague,112
czptt,-SR70S-CZ-33312-4,Červenka,49.724049,17.091105,train,0,-SR70ST-CZ-33312,,,,CZ,,4,,Europe/Prague,28
czptt,-SR70S-CZ-33312-5,Červenka,49.724049,17.091105,train,0,-SR70ST-CZ-33312,,,,CZ,,5,,Europe/Prague,23
czptt,-SR70S-CZ-33312-5a,Červenka,49.724049,17.091105,train,0,-SR70ST-CZ-33312,,,,CZ,,5a,,Europe/Prague,0
czptt,-SR70S-CZ-33312-7,Červenka,49.724049,17.091105,train,0,-SR70ST-CZ-33312,,,,CZ,,7,,Europe/Prague,581
czptt,-SR70S-CZ-33314,Kozmice,49.910543,18.15376,train,0,,,,,CZ,,,,Europe/Prague,274
czptt,-SR70S-CZ-33315-1,Brno-Kr. Pole,49.231486,16.596195,train,0,-SR70ST-CZ-33315,,,,CZ,,1,,Europe/Prague,1257
czptt,-SR70S-CZ-33315-2,Brno-Kr. Pole,49.231486,16.596195,train,0,-SR70ST-CZ-33315,,,,CZ,,2,,Europe/Prague,1348
czptt,-SR70S-CZ-33315-3,Brno-Kr. Pole,49.231486,16.596195,train,0,-SR70ST-CZ-33315,,,,CZ,,3,,Europe/Prague,1
czptt,-SR70S-CZ-33315-5,Brno-Kr. Pole,49.231486,16.596195,train,0,-SR70ST-CZ-33315,,,,CZ,,5,,Europe/Prague,30
czptt,-SR70S-CZ-33315-6,Brno-Kr. Pole,49.231486,16.596195,train,0,-SR70ST-CZ-33315,,,,CZ,,6,,Europe/Prague,41
czptt,-SR70S-CZ-33315-7,Brno-Kr. Pole,49.231486,16.596195,train,0,-SR70ST-CZ-33315,,,,CZ,,7,,Europe/Prague,117
czptt,-SR70S-CZ-33315-9,Brno-Kr. Pole,49.231486,16.596195,train,0,-SR70ST-CZ-33315,,,,CZ,,9,,Europe/Prague,169
czptt,-SR70S-CZ-33315-9a,Brno-Kr. Pole,49.231486,16.596195,train,0,-SR70ST-CZ-33315,,,,CZ,,9a,,Europe/Prague,87
czptt,-SR70S-CZ-33322-1,Dětřichov nad Bystřicí,49.838449,17.394923,train,0,-SR70ST-CZ-33322,,,,CZ,,1,,Europe/Prague,503
czptt,-SR70S-CZ-33322-2,Dětřichov nad Bystřicí,49.838449,17.394923,train,0,-SR70ST-CZ-33322,,,,CZ,,2,,Europe/Prague,71
czptt,-SR70S-CZ-33323,hr.VUSC 0710/0800 01,49.811574,17.398022,train,0,,,,,CZ,,,,Europe/Prague,2
czptt,-SR70S-CZ-33324,Frenštát p.R. město,49.544492,18.208428,train,0,,,,,CZ,,,,Europe/Prague,908
czptt,-SR70S-CZ-33325,Brno-Řečkovice,49.250747,16.590347,train,0,,,,,CZ,,,,Europe/Prague,1387
czptt,-SR70S-CZ-33332,Lomnice u Rýmařova,49.873049,17.419251,train,0,,,,,CZ,,,,Europe/Prague,574
czptt,-SR70S-CZ-33334-1,Frenštát p.R.,49.541931,18.224185,train,0,-SR70ST-CZ-33334,,,,CZ,,1,,Europe/Prague,661
czptt,-SR70S-CZ-33334-2,Frenštát p.R.,49.541931,18.224185,train,0,-SR70ST-CZ-33334,,,,CZ,,2,,Europe/Prague,243
czptt,-SR70S-CZ-33334-3,Frenštát p.R.,49.541931,18.224185,train,0,-SR70ST-CZ-33334,,,,CZ,,3,,Europe/Prague,167
czptt,-SR70S-CZ-33334-5,Frenštát p.R.,49.541931,18.224185,train,0,-SR70ST-CZ-33334,,,,CZ,,5,,Europe/Prague,37
czptt,-SR70S-CZ-33335,Brno-Lesná,49.220696,16.626536,train,0,,,,,CZ,,,,Europe/Prague,2130
czptt,-SR70S-CZ-33344-2,Frýdek-Místek,49.677742,18.353696,train,0,-SR70ST-CZ-33344,,,,CZ,,2,,Europe/Prague,468
czptt,-SR70S-CZ-33344-2a,Frýdek-Místek,49.677742,18.353696,train,0,-SR70ST-CZ-33344,,,,CZ,,2a,,Europe/Prague,222
czptt,-SR70S-CZ-33344-3,Frýdek-Místek,49.677742,18.353696,train,0,-SR70ST-CZ-33344,,,,CZ,,3,,Europe/Prague,676
czptt,-SR70S-CZ-33344-4,Frýdek-Místek,49.677742,18.353696,train,0,-SR70ST-CZ-33344,,,,CZ,,4,,Europe/Prague,61
czptt,-SR70S-CZ-33344-5,Frýdek-Místek,49.677742,18.353696,train,0,-SR70ST-CZ-33344,,,,CZ,,5,,Europe/Prague,594
czptt,-SR70S-CZ-33344-6,Frýdek-Místek,49.677742,18.353696,train,0,-SR70ST-CZ-33344,,,,CZ,,6,,Europe/Prague,0
czptt,-SR70S-CZ-33353,"vl. v km 102,205",49.598338,18.352473,train,0,,,,,CZ,,,,Europe/Prague,1
czptt,-SR70S-CZ-33354-1,Frýdlant nad Ostravicí,49.588841,18.354704,train,0,-SR70ST-CZ-33354,,,,CZ,,1,,Europe/Prague,669
czptt,-SR70S-CZ-33354-2,Frýdlant nad Ostravicí,49.588841,18.354704,train,0,-SR70ST-CZ-33354,,,,CZ,,2,,Europe/Prague,452
czptt,-SR70S-CZ-33354-2a,Frýdlant nad Ostravicí,49.588841,18.354704,train,0,-SR70ST-CZ-33354,,,,CZ,,2a,,Europe/Prague,41
czptt,-SR70S-CZ-33354-3,Frýdlant nad Ostravicí,49.588841,18.354704,train,0,-SR70ST-CZ-33354,,,,CZ,,3,,Europe/Prague,509
czptt,-SR70S-CZ-33354-3a,Frýdlant nad Ostravicí,49.588841,18.354704,train,0,-SR70ST-CZ-33354,,,,CZ,,3a,,Europe/Prague,197
czptt,-SR70S-CZ-33354-4,Frýdlant nad Ostravicí,49.588841,18.354704,train,0,-SR70ST-CZ-33354,,,,CZ,,4,,Europe/Prague,189
czptt,-SR70S-CZ-33354-6,Frýdlant nad Ostravicí,49.588841,18.354704,train,0,-SR70ST-CZ-33354,,,,CZ,,6,,Europe/Prague,0
czptt,-SR70S-CZ-33355-10,Brno-Maloměřice,49.21686,16.647632,train,0,-SR70ST-CZ-33355,,,,CZ,,10,,Europe/Prague,0
czptt,-SR70S-CZ-33355-552,Brno-Maloměřice,49.21686,16.647632,train,0,-SR70ST-CZ-33355,,,,CZ,,552,,Europe/Prague,0
czptt,-SR70S-CZ-33355-9,Brno-Maloměřice,49.21686,16.647632,train,0,-SR70ST-CZ-33355,,,,CZ,,9,,Europe/Prague,2
czptt,-SR70S-CZ-33357,"Brno Mal.- kol.1K,2K",49.211568,16.644082,train,0,,,,,CZ,,,,Europe/Prague,1
czptt,-SR70S-CZ-33364,Čeladná,49.552974,18.334354,train,0,,,,,CZ,,,,Europe/Prague,949
czptt,-SR70S-CZ-33365-1,Brno-Slatina,49.169513,16.682041,train,0,-SR70ST-CZ-33365,,,,CZ,,1,,Europe/Prague,205
czptt,-SR70S-CZ-33365-2,Brno-Slatina,49.169513,16.682041,train,0,-SR70ST-CZ-33365,,,,CZ,,2,,Europe/Prague,190
czptt,-SR70S-CZ-33374,Frýdlant nad Ostravicí-Nová Dědina,49.570122,18.360624,train,0,,,,,CZ,,,,Europe/Prague,416
czptt,-SR70S-CZ-33384,Frýdlant nad Ostravicí zastávka,49.58512,18.360544,train,0,,,,,CZ,,,,Europe/Prague,412
czptt,-SR70S-CZ-33385,Brno-Černovice,49.188598,16.630776,train,0,,,,,CZ,,,,Europe/Prague,78
czptt,-SR70S-CZ-33394-1,Pržno,49.617065,18.361892,train,0,-SR70ST-CZ-33394,,,,CZ,,1,,Europe/Prague,438
czptt,-SR70S-CZ-33394-3,Pržno,49.617065,18.361892,train,0,-SR70ST-CZ-33394,,,,CZ,,3,,Europe/Prague,628
czptt,-SR70S-CZ-33395,Brno-Židenice,49.20193,16.635224,train,0,,,,,CZ,,,,Europe/Prague,0
czptt,-SR70S-CZ-33395-1,Brno-Židenice,49.20193,16.635224,train,0,-SR70ST-CZ-33395,,,,CZ,,1,,Europe/Prague,820
czptt,-SR70S-CZ-33395-1a,Brno-Židenice,49.20193,16.635224,train,0,-SR70ST-CZ-33395,,,,CZ,,1a,,Europe/Prague,1074
czptt,-SR70S-CZ-33395-2,Brno-Židenice,49.20193,16.635224,train,0,-SR70ST-CZ-33395,,,,CZ,,2,,Europe/Prague,886
czptt,-SR70S-CZ-33395-2a,Brno-Židenice,49.20193,16.635224,train,0,-SR70ST-CZ-33395,,,,CZ,,2a,,Europe/Prague,170
czptt,-SR70S-CZ-33395-2b,Brno-Židenice,49.20193,16.635224,train,0,-SR70ST-CZ-33395,,,,CZ,,2b,,Europe/Prague,1008
czptt,-SR70S-CZ-33395-6,Brno-Židenice,49.20193,16.635224,train,0,-SR70ST-CZ-33395,,,,CZ,,6,,Europe/Prague,198
czptt,-SR70S-CZ-33404-1,Fulnek,49.713541,17.912787,train,0,-SR70ST-CZ-33404,,,,CZ,,1,,Europe/Prague,117
czptt,-SR70S-CZ-33405-1,Brumov,49.094285,18.036758,train,0,-SR70ST-CZ-33405,,,,CZ,,1,,Europe/Prague,184
czptt,-SR70S-CZ-33405-3,Brumov,49.094285,18.036758,train,0,-SR70ST-CZ-33405,,,,CZ,,3,,Europe/Prague,174
czptt,-SR70S-CZ-33412,Halenkov zastávka,49.3159,18.14181,train,0,,,,,CZ,,,,Europe/Prague,368
czptt,-SR70S-CZ-33414,Stachovice,49.694293,17.931831,train,0,,,,,CZ,,,,Europe/Prague,117
czptt,-SR70S-CZ-33415,Návojná,49.101043,18.04442,train,0,,,,,CZ,,,,Europe/Prague,283
czptt,-SR70S-CZ-33422-1,Domašov nad Bystřicí,49.740303,17.44474,train,0,-SR70ST-CZ-33422,,,,CZ,,1,,Europe/Prague,566
czptt,-SR70S-CZ-33422-2,Domašov nad Bystřicí,49.740303,17.44474,train,0,-SR70ST-CZ-33422,,,,CZ,,2,,Europe/Prague,24
czptt,-SR70S-CZ-33422-3,Domašov nad Bystřicí,49.740303,17.44474,train,0,-SR70ST-CZ-33422,,,,CZ,,3,,Europe/Prague,13
czptt,-SR70S-CZ-33424-1,Háj ve Slezsku,49.901266,18.092978,train,0,-SR70ST-CZ-33424,,,,CZ,,1,,Europe/Prague,666
czptt,-SR70S-CZ-33424-2,Háj ve Slezsku,49.901266,18.092978,train,0,-SR70ST-CZ-33424,,,,CZ,,2,,Europe/Prague,22
czptt,-SR70S-CZ-33424-3,Háj ve Slezsku,49.901266,18.092978,train,0,-SR70ST-CZ-33424,,,,CZ,,3,,Europe/Prague,278
czptt,-SR70S-CZ-33425-1,Břeclav,48.754384,16.893605,train,0,-SR70ST-CZ-33425,,,,CZ,,1,,Europe/Prague,819
czptt,-SR70S-CZ-33425-10,Břeclav,48.754384,16.893605,train,0,-SR70ST-CZ-33425,,,,CZ,,10,,Europe/Prague,84
czptt,-SR70S-CZ-33425-10b,Břeclav,48.754384,16.893605,train,0,-SR70ST-CZ-33425,,,,CZ,,10b,,Europe/Prague,21
czptt,-SR70S-CZ-33425-11,Břeclav,48.754384,16.893605,train,0,-SR70ST-CZ-33425,,,,CZ,,11,,Europe/Prague,14
czptt,-SR70S-CZ-33425-11a,Břeclav,48.754384,16.893605,train,0,-SR70ST-CZ-33425,,,,CZ,,11a,,Europe/Prague,110
czptt,-SR70S-CZ-33425-14,Břeclav,48.754384,16.893605,train,0,-SR70ST-CZ-33425,,,,CZ,,14,,Europe/Prague,82
czptt,-SR70S-CZ-33425-14b,Břeclav,48.754384,16.893605,train,0,-SR70ST-CZ-33425,,,,CZ,,14b,,Europe/Prague,5
czptt,-SR70S-CZ-33425-16,Břeclav,48.754384,16.893605,train,0,-SR70ST-CZ-33425,,,,CZ,,16,,Europe/Prague,0
czptt,-SR70S-CZ-33425-2,Břeclav,48.754384,16.893605,train,0,-SR70ST-CZ-33425,,,,CZ,,2,,Europe/Prague,335
czptt,-SR70S-CZ-33425-3b,Břeclav,48.754384,16.893605,train,0,-SR70ST-CZ-33425,,,,CZ,,3b,,Europe/Prague,0
czptt,-SR70S-CZ-33425-4,Břeclav,48.754384,16.893605,train,0,-SR70ST-CZ-33425,,,,CZ,,4,,Europe/Prague,21
czptt,-SR70S-CZ-33425-5,Břeclav,48.754384,16.893605,train,0,-SR70ST-CZ-33425,,,,CZ,,5,,Europe/Prague,381
czptt,-SR70S-CZ-33425-5b,Břeclav,48.754384,16.893605,train,0,-SR70ST-CZ-33425,,,,CZ,,5b,,Europe/Prague,1
czptt,-SR70S-CZ-33425-7,Břeclav,48.754384,16.893605,train,0,-SR70ST-CZ-33425,,,,CZ,,7,,Europe/Prague,231
czptt,-SR70S-CZ-33425-7b,Břeclav,48.754384,16.893605,train,0,-SR70ST-CZ-33425,,,,CZ,,7b,,Europe/Prague,67
czptt,-SR70S-CZ-33425-7c,Břeclav,48.754384,16.893605,train,0,-SR70ST-CZ-33425,,,,CZ,,7c,,Europe/Prague,150
czptt,-SR70S-CZ-33425-8,Břeclav,48.754384,16.893605,train,0,-SR70ST-CZ-33425,,,,CZ,,8,,Europe/Prague,341
czptt,-SR70S-CZ-33425-9a,Břeclav,48.754384,16.893605,train,0,-SR70ST-CZ-33425,,,,CZ,,9a,,Europe/Prague,454
czptt,-SR70S-CZ-33432,Hrubá Voda-Smilov,49.691007,17.443292,train,0,,,,,CZ,,,,Europe/Prague,120
czptt,-SR70S-CZ-33434,Jilešovice,49.89697,18.142107,train,0,,,,,CZ,,,,Europe/Prague,545
czptt,-SR70S-CZ-33435,Brumov střed,49.085063,18.025638,train,0,,,,,CZ,,,,Europe/Prague,370
czptt,-SR70S-CZ-33437-1,Březová n. Svit.,49.633501,16.520171,train,0,-SR70ST-CZ-33437,,,,CZ,,1,,Europe/Prague,237
czptt,-SR70S-CZ-33437-2,Březová n. Svit.,49.633501,16.520171,train,0,-SR70ST-CZ-33437,,,,CZ,,2,,Europe/Prague,311
czptt,-SR70S-CZ-33437-2a,Březová n. Svit.,49.633501,16.520171,train,0,-SR70ST-CZ-33437,,,,CZ,,2a,,Europe/Prague,0
czptt,-SR70S-CZ-33437-3,Březová n. Svit.,49.633501,16.520171,train,0,-SR70ST-CZ-33437,,,,CZ,,3,,Europe/Prague,5
czptt,-SR70S-CZ-33437-3c,Březová n. Svit.,49.633501,16.520171,train,0,-SR70ST-CZ-33437,,,,CZ,,3c,,Europe/Prague,1
czptt,-SR70S-CZ-33437-4,Březová n. Svit.,49.633501,16.520171,train,0,-SR70ST-CZ-33437,,,,CZ,,4,,Europe/Prague,58
czptt,-SR70S-CZ-33442,Jívová,49.710181,17.442132,train,0,,,,,CZ,,,,Europe/Prague,166
czptt,-SR70S-CZ-33444,Lhota u Opavy,49.907204,18.046964,train,0,,,,,CZ,,,,Europe/Prague,609
czptt,-SR70S-CZ-33447,Březová nad Svitavou-Dlouhá,49.655444,16.508454,train,0,,,,,CZ,,,,Europe/Prague,265
czptt,-SR70S-CZ-33452-1,Drahanovice,49.583345,17.07924,train,0,-SR70ST-CZ-33452,,,,CZ,,1,,Europe/Prague,164
czptt,-SR70S-CZ-33452-2,Drahanovice,49.583345,17.07924,train,0,-SR70ST-CZ-33452,,,,CZ,,2,,Europe/Prague,374
czptt,-SR70S-CZ-33454-1,Havířov,49.791557,18.411566,train,0,-SR70ST-CZ-33454,,,,CZ,,1,,Europe/Prague,359
czptt,-SR70S-CZ-33454-10,Havířov,49.791557,18.411566,train,0,-SR70ST-CZ-33454,,,,CZ,,10,,Europe/Prague,54
czptt,-SR70S-CZ-33454-2,Havířov,49.791557,18.411566,train,0,-SR70ST-CZ-33454,,,,CZ,,2,,Europe/Prague,353
czptt,-SR70S-CZ-33454-4,Havířov,49.791557,18.411566,train,0,-SR70ST-CZ-33454,,,,CZ,,4,,Europe/Prague,1
czptt,-SR70S-CZ-33454-5,Havířov,49.791557,18.411566,train,0,-SR70ST-CZ-33454,,,,CZ,,5,,Europe/Prague,397
czptt,-SR70S-CZ-33454-6,Havířov,49.791557,18.411566,train,0,-SR70ST-CZ-33454,,,,CZ,,6,,Europe/Prague,511
czptt,-SR70S-CZ-33454-8,Havířov,49.791557,18.411566,train,0,-SR70ST-CZ-33454,,,,CZ,,8,,Europe/Prague,0
czptt,-SR70S-CZ-33457,Hradec nad Svitavou,49.700447,16.484731,train,0,,,,,CZ,,,,Europe/Prague,266
czptt,-SR70S-CZ-33461,Havířov střed,49.788329,18.439544,train,0,,,,,CZ,,,,Europe/Prague,693
czptt,-SR70S-CZ-33461-101,Havířov střed,49.788329,18.439544,train,0,-SR70ST-CZ-33461,,,,CZ,,101,,Europe/Prague,203
czptt,-SR70S-CZ-33461-102,Havířov střed,49.788329,18.439544,train,0,-SR70ST-CZ-33461,,,,CZ,,102,,Europe/Prague,204
czptt,-SR70S-CZ-33462,Slatinice,49.567254,17.108834,train,0,,,,,CZ,,,,Europe/Prague,307
czptt,-SR70S-CZ-33464,Šenov,49.776622,18.370841,train,0,,,,,CZ,,,,Europe/Prague,726
czptt,-SR70S-CZ-33465,Jankovice,49.356208,17.62312,train,0,,,,,CZ,,,,Europe/Prague,552
czptt,-SR70S-CZ-33467,Moravská Chrastová,49.62333,16.524469,train,0,,,,,CZ,,,,Europe/Prague,301
czptt,-SR70S-CZ-33472-1,Drahotuše,49.552401,17.682328,train,0,-SR70ST-CZ-33472,,,,CZ,,1,,Europe/Prague,334
czptt,-SR70S-CZ-33472-2,Drahotuše,49.552401,17.682328,train,0,-SR70ST-CZ-33472,,,,CZ,,2,,Europe/Prague,359
czptt,-SR70S-CZ-33472-4,Drahotuše,49.552401,17.682328,train,0,-SR70ST-CZ-33472,,,,CZ,,4,,Europe/Prague,39
czptt,-SR70S-CZ-33474,Havířov-Suchá,49.790722,18.460136,train,0,,,,,CZ,,,,Europe/Prague,1102
czptt,-SR70S-CZ-33475,Bzenec-Olšovec,48.97045,17.294055,train,0,,,,,CZ,,,,Europe/Prague,338
czptt,-SR70S-CZ-33477,Svitavy-Lány,49.735286,16.483301,train,0,,,,,CZ,,,,Europe/Prague,264
czptt,-SR70S-CZ-33482-1,Grygov,49.533995,17.305286,train,0,-SR70ST-CZ-33482,,,,CZ,,1,,Europe/Prague,589
czptt,-SR70S-CZ-33482-2,Grygov,49.533995,17.305286,train,0,-SR70ST-CZ-33482,,,,CZ,,2,,Europe/Prague,515
czptt,-SR70S-CZ-33482-3,Grygov,49.533995,17.305286,train,0,-SR70ST-CZ-33482,,,,CZ,,3,,Europe/Prague,1
czptt,-SR70S-CZ-33482-4,Grygov,49.533995,17.305286,train,0,-SR70ST-CZ-33482,,,,CZ,,4,,Europe/Prague,32
czptt,-SR70S-CZ-33484,Horní Suchá,49.792872,18.488039,train,0,,,,,CZ,,,,Europe/Prague,1102
czptt,-SR70S-CZ-33485,Břežany,48.872903,16.367515,train,0,,,,,CZ,,,,Europe/Prague,112
czptt,-SR70S-CZ-33492-1,Halenkov,49.322353,18.153943,train,0,-SR70ST-CZ-33492,,,,CZ,,1,,Europe/Prague,227
czptt,-SR70S-CZ-33492-2,Halenkov,49.322353,18.153943,train,0,-SR70ST-CZ-33492,,,,CZ,,2,,Europe/Prague,140
czptt,-SR70S-CZ-33494,Hladké Životice,49.677738,17.98465,train,0,,,,,CZ,,,,Europe/Prague,344
czptt,-SR70S-CZ-33495,Pravice,48.84853,16.370279,train,0,,,,,CZ,,,,Europe/Prague,112
czptt,-SR70S-CZ-33502,Huslenky,49.303097,18.092202,train,0,,,,,CZ,,,,Europe/Prague,368
czptt,-SR70S-CZ-33504-1,Hlučín,49.901008,18.19382,train,0,-SR70ST-CZ-33504,,,,CZ,,1,,Europe/Prague,300
czptt,-SR70S-CZ-33504-2,Hlučín,49.901008,18.19382,train,0,-SR70ST-CZ-33504,,,,CZ,,2,,Europe/Prague,0
czptt,-SR70S-CZ-33505-1,Bučovice,49.145367,16.99993,train,0,-SR70ST-CZ-33505,,,,CZ,,1,,Europe/Prague,323
czptt,-SR70S-CZ-33505-2,Bučovice,49.145367,16.99993,train,0,-SR70ST-CZ-33505,,,,CZ,,2,,Europe/Prague,298
czptt,-SR70S-CZ-33505-4,Bučovice,49.145367,16.99993,train,0,-SR70ST-CZ-33505,,,,CZ,,4,,Europe/Prague,0
czptt,-SR70S-CZ-33512,Huslenky zastávka,49.309393,18.119606,train,0,,,,,CZ,,,,Europe/Prague,368
czptt,-SR70S-CZ-33514-1,Hnojník,49.678509,18.539612,train,0,-SR70ST-CZ-33514,,,,CZ,,1,,Europe/Prague,326
czptt,-SR70S-CZ-33514-2,Hnojník,49.678509,18.539612,train,0,-SR70ST-CZ-33514,,,,CZ,,2,,Europe/Prague,267
czptt,-SR70S-CZ-33515,Marefy,49.149188,16.972967,train,0,,,,,CZ,,,,Europe/Prague,342
czptt,-SR70S-CZ-33522-1,Nový Hrozenkov,49.34075,18.204118,train,0,-SR70ST-CZ-33522,,,,CZ,,1,,Europe/Prague,367
czptt,-SR70S-CZ-33524,Střítež u Českého Těšína,49.678587,18.568989,train,0,,,,,CZ,,,,Europe/Prague,565
czptt,-SR70S-CZ-33525,Nevojice,49.136926,17.048089,train,0,,,,,CZ,,,,Europe/Prague,342
czptt,-SR70S-CZ-33532,Nový Hrozenkov zastávka,49.334562,18.177538,train,0,,,,,CZ,,,,Europe/Prague,367
czptt,-SR70S-CZ-33534,Horní Tošanovice,49.681457,18.504098,train,0,,,,,CZ,,,,Europe/Prague,584
czptt,-SR70S-CZ-33535-1,Bylnice,49.06774,18.013452,train,0,-SR70ST-CZ-33535,,,,CZ,,1,,Europe/Prague,321
czptt,-SR70S-CZ-33535-2,Bylnice,49.06774,18.013452,train,0,-SR70ST-CZ-33535,,,,CZ,,2,,Europe/Prague,2
czptt,-SR70S-CZ-33535-2a,Bylnice,49.06774,18.013452,train,0,-SR70ST-CZ-33535,,,,CZ,,2a,,Europe/Prague,104
czptt,-SR70S-CZ-33535-4a,Bylnice,49.06774,18.013452,train,0,-SR70ST-CZ-33535,,,,CZ,,4a,,Europe/Prague,371
czptt,-SR70S-CZ-33542-1,Hanušovice,50.071686,16.929454,train,0,-SR70ST-CZ-33542,,,,CZ,,1,,Europe/Prague,113
czptt,-SR70S-CZ-33542-1b,Hanušovice,50.071686,16.929454,train,0,-SR70ST-CZ-33542,,,,CZ,,1b,,Europe/Prague,232
czptt,-SR70S-CZ-33542-3,Hanušovice,50.071686,16.929454,train,0,-SR70ST-CZ-33542,,,,CZ,,3,,Europe/Prague,279
czptt,-SR70S-CZ-33542-3b,Hanušovice,50.071686,16.929454,train,0,-SR70ST-CZ-33542,,,,CZ,,3b,,Europe/Prague,9
czptt,-SR70S-CZ-33542-4,Hanušovice,50.071686,16.929454,train,0,-SR70ST-CZ-33542,,,,CZ,,4,,Europe/Prague,83
czptt,-SR70S-CZ-33542-4b,Hanušovice,50.071686,16.929454,train,0,-SR70ST-CZ-33542,,,,CZ,,4b,,Europe/Prague,283
czptt,-SR70S-CZ-33545,Svatý Štěpán,49.045894,18.035515,train,0,,,,,CZ,,,,Europe/Prague,34
czptt,-SR70S-CZ-33552,Chrastice,50.14331,16.949546,train,0,,,,,CZ,,,,Europe/Prague,217
czptt,-SR70S-CZ-33554-1,Jakartovice,49.917308,17.691489,train,0,-SR70ST-CZ-33554,,,,CZ,,1,,Europe/Prague,47
czptt,-SR70S-CZ-33555-1,Bystřice nad Pernštejnem,49.513236,16.248296,train,0,-SR70ST-CZ-33555,,,,CZ,,1,,Europe/Prague,150
czptt,-SR70S-CZ-33555-3,Bystřice nad Pernštejnem,49.513236,16.248296,train,0,-SR70ST-CZ-33555,,,,CZ,,3,,Europe/Prague,155
czptt,-SR70S-CZ-33562,Potůčník,50.080181,16.963796,train,0,,,,,CZ,,,,Europe/Prague,341
czptt,-SR70S-CZ-33564-1,Svobodné Heřmanice,49.943253,17.654144,train,0,-SR70ST-CZ-33564,,,,CZ,,1,,Europe/Prague,47
czptt,-SR70S-CZ-33565,Rovné-Divišov,49.547611,16.172926,train,0,,,,,CZ,,,,Europe/Prague,295
czptt,-SR70S-CZ-33572,Vysoké Žibřidovice,50.11639,16.937586,train,0,,,,,CZ,,,,Europe/Prague,217
czptt,-SR70S-CZ-33574-1,Hradec nad Moravicí,49.877512,17.875961,train,0,-SR70ST-CZ-33574,,,,CZ,,1,,Europe/Prague,179
czptt,-SR70S-CZ-33575,Rozsochy,49.537405,16.195066,train,0,,,,,CZ,,,,Europe/Prague,295
czptt,-SR70S-CZ-33582,Hanušovice zastávka,50.089216,16.920115,train,0,,,,,CZ,,,,Europe/Prague,146
czptt,-SR70S-CZ-33584,Branka u Opavy,49.889194,17.877999,train,0,,,,,CZ,,,,Europe/Prague,179
czptt,-SR70S-CZ-33585-1,Bystřice pod Hostýnem,49.392896,17.665097,train,0,-SR70ST-CZ-33585,,,,CZ,,1,,Europe/Prague,406
czptt,-SR70S-CZ-33585-2,Bystřice pod Hostýnem,49.392896,17.665097,train,0,-SR70ST-CZ-33585,,,,CZ,,2,,Europe/Prague,164
czptt,-SR70S-CZ-33585-3,Bystřice pod Hostýnem,49.392896,17.665097,train,0,-SR70ST-CZ-33585,,,,CZ,,3,,Europe/Prague,7
czptt,-SR70S-CZ-33585-5,Bystřice pod Hostýnem,49.392896,17.665097,train,0,-SR70ST-CZ-33585,,,,CZ,,5,,Europe/Prague,0
czptt,-SR70S-CZ-33592-1,Hlubočky,49.647203,17.40809,train,0,-SR70ST-CZ-33592,,,,CZ,,1,,Europe/Prague,407
czptt,-SR70S-CZ-33592-3,Hlubočky,49.647203,17.40809,train,0,-SR70ST-CZ-33592,,,,CZ,,3,,Europe/Prague,95
czptt,-SR70S-CZ-33594-1,Chuchelná,49.98873,18.11312,train,0,-SR70ST-CZ-33594,,,,CZ,,1,,Europe/Prague,231
czptt,-SR70S-CZ-33595-1,Hlinsko pod Hostýnem,49.370859,17.631807,train,0,-SR70ST-CZ-33595,,,,CZ,,1,,Europe/Prague,552
czptt,-SR70S-CZ-33602-1,Hlubočky-Mariánské Údolí,49.613313,17.394849,train,0,-SR70ST-CZ-33602,,,,CZ,,1,,Europe/Prague,834
czptt,-SR70S-CZ-33602-3,Hlubočky-Mariánské Údolí,49.613313,17.394849,train,0,-SR70ST-CZ-33602,,,,CZ,,3,,Europe/Prague,10
czptt,-SR70S-CZ-33604,Bolatice,49.963367,18.07338,train,0,,,,,CZ,,,,Europe/Prague,231
czptt,-SR70S-CZ-33605,Loukov,49.409879,17.714673,train,0,,,,,CZ,,,,Europe/Prague,408
czptt,-SR70S-CZ-33612,Hlubočky zastávka,49.625814,17.403079,train,0,,,,,CZ,,,,Europe/Prague,498
czptt,-SR70S-CZ-33614,Štěpánkovice,49.950615,18.034604,train,0,,,,,CZ,,,,Europe/Prague,231
czptt,-SR70S-CZ-33615-1,Bzenec,48.969047,17.263038,train,0,-SR70ST-CZ-33615,,,,CZ,,1,,Europe/Prague,320
czptt,-SR70S-CZ-33615-2,Bzenec,48.969047,17.263038,train,0,-SR70ST-CZ-33615,,,,CZ,,2,,Europe/Prague,301
czptt,-SR70S-CZ-33615-4,Bzenec,48.969047,17.263038,train,0,-SR70ST-CZ-33615,,,,CZ,,4,,Europe/Prague,21
czptt,-SR70S-CZ-33615-6,Bzenec,48.969047,17.263038,train,0,-SR70ST-CZ-33615,,,,CZ,,6,,Europe/Prague,309
czptt,-SR70S-CZ-33615-8b,Bzenec,48.969047,17.263038,train,0,-SR70ST-CZ-33615,,,,CZ,,8b,,Europe/Prague,0
czptt,-SR70S-CZ-33621,hr.VUSC 0720/0800 01,49.504327,17.994264,train,0,,,,,CZ,,,,Europe/Prague,0
czptt,-SR70S-CZ-33622-1,Hostašovice,49.520939,18.016757,train,0,-SR70ST-CZ-33622,,,,CZ,,1,,Europe/Prague,433
czptt,-SR70S-CZ-33622-2,Hostašovice,49.520939,18.016757,train,0,-SR70ST-CZ-33622,,,,CZ,,2,,Europe/Prague,42
czptt,-SR70S-CZ-33622-4,Hostašovice,49.520939,18.016757,train,0,-SR70ST-CZ-33622,,,,CZ,,4,,Europe/Prague,0
czptt,-SR70S-CZ-33624-1,Návsí,49.589478,18.754954,train,0,-SR70ST-CZ-33624,,,,CZ,,1,,Europe/Prague,266
czptt,-SR70S-CZ-33624-2,Návsí,49.589478,18.754954,train,0,-SR70ST-CZ-33624,,,,CZ,,2,,Europe/Prague,1
czptt,-SR70S-CZ-33624-3,Návsí,49.589478,18.754954,train,0,-SR70ST-CZ-33624,,,,CZ,,3,,Europe/Prague,2
czptt,-SR70S-CZ-33624-4,Návsí,49.589478,18.754954,train,0,-SR70ST-CZ-33624,,,,CZ,,4,,Europe/Prague,315
czptt,-SR70S-CZ-33624-5,Návsí,49.589478,18.754954,train,0,-SR70ST-CZ-33624,,,,CZ,,5,,Europe/Prague,166
czptt,-SR70S-CZ-33625,Vracov,48.976613,17.219349,train,0,,,,,CZ,,,,Europe/Prague,603
czptt,-SR70S-CZ-33634,Bocanovice,49.563612,18.740032,train,0,,,,,CZ,,,,Europe/Prague,278
czptt,-SR70S-CZ-33635-1,Čejč,48.942117,16.958845,train,0,-SR70ST-CZ-33635,,,,CZ,,1,,Europe/Prague,277
czptt,-SR70S-CZ-33635-2,Čejč,48.942117,16.958845,train,0,-SR70ST-CZ-33635,,,,CZ,,2,,Europe/Prague,6
czptt,-SR70S-CZ-33638,Čejč výh.č.101,48.94697,16.944911,train,0,,,,,CZ,,,,Europe/Prague,0
czptt,-SR70S-CZ-33642-1,Horka nad Moravou,49.638219,17.200965,train,0,-SR70ST-CZ-33642,,,,CZ,,1,,Europe/Prague,591
czptt,-SR70S-CZ-33644-1,Jindřichov ve Slezsku,50.248255,17.539612,train,0,-SR70ST-CZ-33644,,,,CZ,,1,,Europe/Prague,337
czptt,-SR70S-CZ-33644-2,Jindřichov ve Slezsku,50.248255,17.539612,train,0,-SR70ST-CZ-33644,,,,CZ,,2,,Europe/Prague,1
czptt,-SR70S-CZ-33644-3,Jindřichov ve Slezsku,50.248255,17.539612,train,0,-SR70ST-CZ-33644,,,,CZ,,3,,Europe/Prague,5
czptt,-SR70S-CZ-33652-1,Horní Lideč,49.18992,18.058311,train,0,-SR70ST-CZ-33652,,,,CZ,,1,,Europe/Prague,289
czptt,-SR70S-CZ-33652-12a,Horní Lideč,49.18992,18.058311,train,0,-SR70ST-CZ-33652,,,,CZ,,12a,,Europe/Prague,2
czptt,-SR70S-CZ-33652-2,Horní Lideč,49.18992,18.058311,train,0,-SR70ST-CZ-33652,,,,CZ,,2,,Europe/Prague,298
czptt,-SR70S-CZ-33652-3,Horní Lideč,49.18992,18.058311,train,0,-SR70ST-CZ-33652,,,,CZ,,3,,Europe/Prague,93
czptt,-SR70S-CZ-33652-4,Horní Lideč,49.18992,18.058311,train,0,-SR70ST-CZ-33652,,,,CZ,,4,,Europe/Prague,13
czptt,-SR70S-CZ-33652-5,Horní Lideč,49.18992,18.058311,train,0,-SR70ST-CZ-33652,,,,CZ,,5,,Europe/Prague,140
czptt,-SR70S-CZ-33652-7,Horní Lideč,49.18992,18.058311,train,0,-SR70ST-CZ-33652,,,,CZ,,7,,Europe/Prague,3
czptt,-SR70S-CZ-33654-1,Jistebník,49.749522,18.151775,train,0,-SR70ST-CZ-33654,,,,CZ,,1,,Europe/Prague,386
czptt,-SR70S-CZ-33654-2,Jistebník,49.749522,18.151775,train,0,-SR70ST-CZ-33654,,,,CZ,,2,,Europe/Prague,408
czptt,-SR70S-CZ-33654-3,Jistebník,49.749522,18.151775,train,0,-SR70ST-CZ-33654,,,,CZ,,3,,Europe/Prague,32
czptt,-SR70S-CZ-33654-4,Jistebník,49.749522,18.151775,train,0,-SR70ST-CZ-33654,,,,CZ,,4,,Europe/Prague,4
czptt,-SR70S-CZ-33655-1,Dobronín,49.478223,15.641659,train,0,-SR70ST-CZ-33655,,,,CZ,,1,,Europe/Prague,434
czptt,-SR70S-CZ-33655-2,Dobronín,49.478223,15.641659,train,0,-SR70ST-CZ-33655,,,,CZ,,2,,Europe/Prague,65
czptt,-SR70S-CZ-33655-3,Dobronín,49.478223,15.641659,train,0,-SR70ST-CZ-33655,,,,CZ,,3,,Europe/Prague,1
czptt,-SR70S-CZ-33655-4,Dobronín,49.478223,15.641659,train,0,-SR70ST-CZ-33655,,,,CZ,,4,,Europe/Prague,92
czptt,-SR70S-CZ-33662-1,Mořkov hlavní trať,49.528793,18.068223,train,0,-SR70ST-CZ-33662,,,,CZ,,1,,Europe/Prague,471
czptt,-SR70S-CZ-33672,Lidečko,49.229794,18.043918,train,0,,,,,CZ,,,,Europe/Prague,223
czptt,-SR70S-CZ-33674-1,Karviná hl. n.,49.855921,18.526541,train,0,-SR70ST-CZ-33674,,,,CZ,,1,,Europe/Prague,253
czptt,-SR70S-CZ-33674-2,Karviná hl. n.,49.855921,18.526541,train,0,-SR70ST-CZ-33674,,,,CZ,,2,,Europe/Prague,267
czptt,-SR70S-CZ-33674-3,Karviná hl. n.,49.855921,18.526541,train,0,-SR70ST-CZ-33674,,,,CZ,,3,,Europe/Prague,3
czptt,-SR70S-CZ-33674-4,Karviná hl. n.,49.855921,18.526541,train,0,-SR70ST-CZ-33674,,,,CZ,,4,,Europe/Prague,16
czptt,-SR70S-CZ-33674-6,Karviná hl. n.,49.855921,18.526541,train,0,-SR70ST-CZ-33674,,,,CZ,,6,,Europe/Prague,24
czptt,-SR70S-CZ-33674-6b,Karviná hl. n.,49.855921,18.526541,train,0,-SR70ST-CZ-33674,,,,CZ,,6b,,Europe/Prague,3
czptt,-SR70S-CZ-33675,Střítež u Jihlavy,49.458947,15.625774,train,0,,,,,CZ,,,,Europe/Prague,488
czptt,-SR70S-CZ-33682,Lidečko ves,49.209745,18.052907,train,0,,,,,CZ,,,,Europe/Prague,256
czptt,-SR70S-CZ-33685,Kamenná,49.507354,15.655199,train,0,,,,,CZ,,,,Europe/Prague,372
czptt,-SR70S-CZ-33692,Střelná,49.17625,18.099941,train,0,,,,,CZ,,,,Europe/Prague,228
czptt,-SR70S-CZ-33702-1,Horní Lipová,50.224588,17.084588,train,0,-SR70ST-CZ-33702,,,,CZ,,1,,Europe/Prague,523
czptt,-SR70S-CZ-33704-1,Kopřivnice,49.595393,18.147455,train,0,-SR70ST-CZ-33704,,,,CZ,,1,,Europe/Prague,80
czptt,-SR70S-CZ-33704-4,Kopřivnice,49.595393,18.147455,train,0,-SR70ST-CZ-33704,,,,CZ,,4,,Europe/Prague,802
czptt,-SR70S-CZ-33714,Kopřivnice zastávka,49.603581,18.149408,train,0,,,,,CZ,,,,Europe/Prague,757
czptt,-SR70S-CZ-33715-1,Dzbel,49.610194,16.848208,train,0,-SR70ST-CZ-33715,,,,CZ,,1,,Europe/Prague,366
czptt,-SR70S-CZ-33715-2,Dzbel,49.610194,16.848208,train,0,-SR70ST-CZ-33715,,,,CZ,,2,,Europe/Prague,8
czptt,-SR70S-CZ-33722-1,Hranice na Moravě,49.56543,17.741332,train,0,-SR70ST-CZ-33722,,,,CZ,,1,,Europe/Prague,980
czptt,-SR70S-CZ-33722-11,Hranice na Moravě,49.56543,17.741332,train,0,-SR70ST-CZ-33722,,,,CZ,,11,,Europe/Prague,0
czptt,-SR70S-CZ-33722-13,Hranice na Moravě,49.56543,17.741332,train,0,-SR70ST-CZ-33722,,,,CZ,,13,,Europe/Prague,274
czptt,-SR70S-CZ-33722-2,Hranice na Moravě,49.56543,17.741332,train,0,-SR70ST-CZ-33722,,,,CZ,,2,,Europe/Prague,1069
czptt,-SR70S-CZ-33722-4,Hranice na Moravě,49.56543,17.741332,train,0,-SR70ST-CZ-33722,,,,CZ,,4,,Europe/Prague,0
czptt,-SR70S-CZ-33722-6,Hranice na Moravě,49.56543,17.741332,train,0,-SR70ST-CZ-33722,,,,CZ,,6,,Europe/Prague,3
czptt,-SR70S-CZ-33722-7,Hranice na Moravě,49.56543,17.741332,train,0,-SR70ST-CZ-33722,,,,CZ,,7,,Europe/Prague,872
czptt,-SR70S-CZ-33722-9,Hranice na Moravě,49.56543,17.741332,train,0,-SR70ST-CZ-33722,,,,CZ,,9,,Europe/Prague,701
czptt,-SR70S-CZ-33725,Jesenec,49.606358,16.861086,train,0,,,,,CZ,,,,Europe/Prague,319
czptt,-SR70S-CZ-33732-1,Hranice na Moravě město,49.545783,17.741824,train,0,-SR70ST-CZ-33732,,,,CZ,,1,,Europe/Prague,338
czptt,-SR70S-CZ-33732-2,Hranice na Moravě město,49.545783,17.741824,train,0,-SR70ST-CZ-33732,,,,CZ,,2,,Europe/Prague,298
czptt,-SR70S-CZ-33732-3,Hranice na Moravě město,49.545783,17.741824,train,0,-SR70ST-CZ-33732,,,,CZ,,3,,Europe/Prague,31
czptt,-SR70S-CZ-33732-4,Hranice na Moravě město,49.545783,17.741824,train,0,-SR70ST-CZ-33732,,,,CZ,,4,,Europe/Prague,27
czptt,-SR70S-CZ-33735-1,Konice,49.591483,16.883782,train,0,-SR70ST-CZ-33735,,,,CZ,,1,,Europe/Prague,319
czptt,-SR70S-CZ-33742,Černotín,49.52739,17.772746,train,0,,,,,CZ,,,,Europe/Prague,624
czptt,-SR70S-CZ-33745-1,Zlín-Malenovice,49.2098,17.599658,train,0,-SR70ST-CZ-33745,,,,CZ,,1,,Europe/Prague,226
czptt,-SR70S-CZ-33745-3,Zlín-Malenovice,49.2098,17.599658,train,0,-SR70ST-CZ-33745,,,,CZ,,3,,Europe/Prague,132
czptt,-SR70S-CZ-33752-1,Hrubá Voda,49.66963,17.438411,train,0,-SR70ST-CZ-33752,,,,CZ,,1,,Europe/Prague,340
czptt,-SR70S-CZ-33752-3,Hrubá Voda,49.66963,17.438411,train,0,-SR70ST-CZ-33752,,,,CZ,,3,,Europe/Prague,139
czptt,-SR70S-CZ-33754-1,Kravaře ve Slezsku,49.935079,18.010185,train,0,-SR70ST-CZ-33754,,,,CZ,,1,,Europe/Prague,459
czptt,-SR70S-CZ-33754-2,Kravaře ve Slezsku,49.935079,18.010185,train,0,-SR70ST-CZ-33754,,,,CZ,,2,,Europe/Prague,36
czptt,-SR70S-CZ-33754-3,Kravaře ve Slezsku,49.935079,18.010185,train,0,-SR70ST-CZ-33754,,,,CZ,,3,,Europe/Prague,42
czptt,-SR70S-CZ-33755-1,Zlín střed,49.226527,17.658513,train,0,-SR70ST-CZ-33755,,,,CZ,,1,,Europe/Prague,227
czptt,-SR70S-CZ-33755-3,Zlín střed,49.226527,17.658513,train,0,-SR70ST-CZ-33755,,,,CZ,,3,,Europe/Prague,192
czptt,-SR70S-CZ-33755-4,Zlín střed,49.226527,17.658513,train,0,-SR70ST-CZ-33755,,,,CZ,,4,,Europe/Prague,4
czptt,-SR70S-CZ-33762,Hrubá Voda zastávka,49.668419,17.421625,train,0,,,,,CZ,,,,Europe/Prague,472
czptt,-SR70S-CZ-33764,Kravaře-Kouty,49.930965,18.039136,train,0,,,,,CZ,,,,Europe/Prague,279
czptt,-SR70S-CZ-33765,Zlín-Louky,49.216518,17.623667,train,0,,,,,CZ,,,,Europe/Prague,358
czptt,-SR70S-CZ-33772-1,Velká Kraš,50.362372,17.126906,train,0,-SR70ST-CZ-33772,,,,CZ,,1,,Europe/Prague,374
czptt,-SR70S-CZ-33774,Malé Hoštice,49.932189,17.945794,train,0,,,,,CZ,,,,Europe/Prague,346
czptt,-SR70S-CZ-33775,Zlín-Podvesná,49.225887,17.691135,train,0,,,,,CZ,,,,Europe/Prague,324
czptt,-SR70S-CZ-33782,Kobylá nad Vidnavkou,50.338319,17.125236,train,0,,,,,CZ,,,,Europe/Prague,374
czptt,-SR70S-CZ-33784,Velké Hoštice,49.938134,17.969661,train,0,,,,,CZ,,,,Europe/Prague,346
czptt,-SR70S-CZ-33785,Zlín-Prštné,49.219828,17.640253,train,0,,,,,CZ,,,,Europe/Prague,371
czptt,-SR70S-CZ-33794,Dolní Benešov - Zábřeh,49.924352,18.082409,train,0,,,,,CZ,,,,Europe/Prague,279
czptt,-SR70S-CZ-33795,Zlín-Příluky,49.220916,17.715555,train,0,,,,,CZ,,,,Europe/Prague,322
czptt,-SR70S-CZ-33805-1,Grešlové Mýto,48.984427,15.874282,train,0,-SR70ST-CZ-33805,,,,CZ,,1,,Europe/Prague,430
czptt,-SR70S-CZ-33805-1a,Grešlové Mýto,48.984427,15.874282,train,0,-SR70ST-CZ-33805,,,,CZ,,1a,,Europe/Prague,1
czptt,-SR70S-CZ-33805-2,Grešlové Mýto,48.984427,15.874282,train,0,-SR70ST-CZ-33805,,,,CZ,,2,,Europe/Prague,24
czptt,-SR70S-CZ-33812-1,Hustopeče nad Bečvou,49.523513,17.86416,train,0,-SR70ST-CZ-33812,,,,CZ,,1,,Europe/Prague,332
czptt,-SR70S-CZ-33812-2,Hustopeče nad Bečvou,49.523513,17.86416,train,0,-SR70ST-CZ-33812,,,,CZ,,2,,Europe/Prague,292
czptt,-SR70S-CZ-33815,Blížkovice,49.00427,15.854397,train,0,,,,,CZ,,,,Europe/Prague,417
czptt,-SR70S-CZ-33822,Milotice nad Bečvou,49.534238,17.835497,train,0,,,,,CZ,,,,Europe/Prague,625
czptt,-SR70S-CZ-33825-1,Hodonice,48.84143,16.164524,train,0,-SR70ST-CZ-33825,,,,CZ,,1,,Europe/Prague,482
czptt,-SR70S-CZ-33825-2,Hodonice,48.84143,16.164524,train,0,-SR70ST-CZ-33825,,,,CZ,,2,,Europe/Prague,42
czptt,-SR70S-CZ-33825-4,Hodonice,48.84143,16.164524,train,0,-SR70ST-CZ-33825,,,,CZ,,4,,Europe/Prague,5
czptt,-SR70S-CZ-33832,Špičky,49.536791,17.81289,train,0,,,,,CZ,,,,Europe/Prague,624
czptt,-SR70S-CZ-33835,Dyje,48.850064,16.120625,train,0,,,,,CZ,,,,Europe/Prague,463
czptt,-SR70S-CZ-33842-1,Jablůnka,49.37701,17.947307,train,0,-SR70ST-CZ-33842,,,,CZ,,1,,Europe/Prague,336
czptt,-SR70S-CZ-33842-2,Jablůnka,49.37701,17.947307,train,0,-SR70ST-CZ-33842,,,,CZ,,2,,Europe/Prague,303
czptt,-SR70S-CZ-33845-1,Hodonín,48.855759,17.120943,train,0,-SR70ST-CZ-33845,,,,CZ,,1,,Europe/Prague,201
czptt,-SR70S-CZ-33845-2,Hodonín,48.855759,17.120943,train,0,-SR70ST-CZ-33845,,,,CZ,,2,,Europe/Prague,233
czptt,-SR70S-CZ-33845-3,Hodonín,48.855759,17.120943,train,0,-SR70ST-CZ-33845,,,,CZ,,3,,Europe/Prague,0
czptt,-SR70S-CZ-33845-3a,Hodonín,48.855759,17.120943,train,0,-SR70ST-CZ-33845,,,,CZ,,3a,,Europe/Prague,187
czptt,-SR70S-CZ-33845-4,Hodonín,48.855759,17.120943,train,0,-SR70ST-CZ-33845,,,,CZ,,4,,Europe/Prague,9
czptt,-SR70S-CZ-33845-5,Hodonín,48.855759,17.120943,train,0,-SR70ST-CZ-33845,,,,CZ,,5,,Europe/Prague,0
czptt,-SR70S-CZ-33845-5b,Hodonín,48.855759,17.120943,train,0,-SR70ST-CZ-33845,,,,CZ,,5b,,Europe/Prague,358
czptt,-SR70S-CZ-33845-6b,Hodonín,48.855759,17.120943,train,0,-SR70ST-CZ-33845,,,,CZ,,6b,,Europe/Prague,159
czptt,-SR70S-CZ-33845-8a,Hodonín,48.855759,17.120943,train,0,-SR70ST-CZ-33845,,,,CZ,,8a,,Europe/Prague,80
czptt,-SR70S-CZ-33852-1,Bystřička,49.417244,17.958769,train,0,-SR70ST-CZ-33852,,,,CZ,,1,,Europe/Prague,335
czptt,-SR70S-CZ-33852-2,Bystřička,49.417244,17.958769,train,0,-SR70ST-CZ-33852,,,,CZ,,2,,Europe/Prague,302
czptt,-SR70S-CZ-33855-1,Holešov,49.32679,17.569954,train,0,-SR70ST-CZ-33855,,,,CZ,,1,,Europe/Prague,456
czptt,-SR70S-CZ-33855-2,Holešov,49.32679,17.569954,train,0,-SR70ST-CZ-33855,,,,CZ,,2,,Europe/Prague,153
czptt,-SR70S-CZ-33862-1,Javorník ve Sl.,50.394792,17.01563,train,0,-SR70ST-CZ-33862,,,,CZ,,1,,Europe/Prague,374
czptt,-SR70S-CZ-33865,Dobrotice,49.345133,17.6091,train,0,,,,,CZ,,,,Europe/Prague,476
czptt,-SR70S-CZ-33872-1,Bernartice u Javorníka,50.396634,17.081583,train,0,-SR70ST-CZ-33872,,,,CZ,,1,,Europe/Prague,374
czptt,-SR70S-CZ-33882,Horní Heřmanice,50.387775,17.107451,train,0,,,,,CZ,,,,Europe/Prague,374
czptt,-SR70S-CZ-33885-1,Holubice,49.180174,16.825379,train,0,-SR70ST-CZ-33885,,,,CZ,,1,,Europe/Prague,64
czptt,-SR70S-CZ-33885-2,Holubice,49.180174,16.825379,train,0,-SR70ST-CZ-33885,,,,CZ,,2,,Europe/Prague,67
czptt,-SR70S-CZ-33885-3,Holubice,49.180174,16.825379,train,0,-SR70ST-CZ-33885,,,,CZ,,3,,Europe/Prague,0
czptt,-SR70S-CZ-33892-1,Jeseník,50.227403,17.192479,train,0,-SR70ST-CZ-33892,,,,CZ,,1,,Europe/Prague,641
czptt,-SR70S-CZ-33892-1a,Jeseník,50.227403,17.192479,train,0,-SR70ST-CZ-33892,,,,CZ,,1a,,Europe/Prague,2
czptt,-SR70S-CZ-33892-2,Jeseník,50.227403,17.192479,train,0,-SR70ST-CZ-33892,,,,CZ,,2,,Europe/Prague,164
czptt,-SR70S-CZ-33892-3,Jeseník,50.227403,17.192479,train,0,-SR70ST-CZ-33892,,,,CZ,,3,,Europe/Prague,11
czptt,-SR70S-CZ-33892-3a,Jeseník,50.227403,17.192479,train,0,-SR70ST-CZ-33892,,,,CZ,,3a,,Europe/Prague,8
czptt,-SR70S-CZ-33895-1,Hradčovice,49.044252,17.573359,train,0,-SR70ST-CZ-33895,,,,CZ,,1,,Europe/Prague,431
czptt,-SR70S-CZ-33895-2,Hradčovice,49.044252,17.573359,train,0,-SR70ST-CZ-33895,,,,CZ,,2,,Europe/Prague,86
czptt,-SR70S-CZ-33902-1,Jindřichov na Moravě,50.098634,16.988671,train,0,-SR70ST-CZ-33902,,,,CZ,,1,,Europe/Prague,512
czptt,-SR70S-CZ-33902-2,Jindřichov na Moravě,50.098634,16.988671,train,0,-SR70ST-CZ-33902,,,,CZ,,2,,Europe/Prague,7
czptt,-SR70S-CZ-33904-1,Krnov,50.089817,17.683295,train,0,-SR70ST-CZ-33904,,,,CZ,,1,,Europe/Prague,1104
czptt,-SR70S-CZ-33904-14,Krnov,50.089817,17.683295,train,0,-SR70ST-CZ-33904,,,,CZ,,14,,Europe/Prague,9
czptt,-SR70S-CZ-33904-2,Krnov,50.089817,17.683295,train,0,-SR70ST-CZ-33904,,,,CZ,,2,,Europe/Prague,92
czptt,-SR70S-CZ-33904-3,Krnov,50.089817,17.683295,train,0,-SR70ST-CZ-33904,,,,CZ,,3,,Europe/Prague,183
czptt,-SR70S-CZ-33905-2,Hrušky,48.78381,16.938769,train,0,-SR70ST-CZ-33905,,,,CZ,,2,,Europe/Prague,0
czptt,-SR70S-CZ-33912,Nové Losiny,50.116126,17.005041,train,0,,,,,CZ,,,,Europe/Prague,351
czptt,-SR70S-CZ-33914,Krnov-Cvilín,50.093951,17.712832,train,0,,,,,CZ,,,,Europe/Prague,959
czptt,-SR70S-CZ-33915,Hrušky zastávka,48.786977,16.981314,train,0,,,,,CZ,,,,Europe/Prague,213
czptt,-SR70S-CZ-33925-1,Hrušovany nad Jevišovkou-Šanov,48.810435,16.382428,train,0,-SR70ST-CZ-33925,,,,CZ,,1,,Europe/Prague,329
czptt,-SR70S-CZ-33925-2,Hrušovany nad Jevišovkou-Šanov,48.810435,16.382428,train,0,-SR70ST-CZ-33925,,,,CZ,,2,,Europe/Prague,165
czptt,-SR70S-CZ-33925-3,Hrušovany nad Jevišovkou-Šanov,48.810435,16.382428,train,0,-SR70ST-CZ-33925,,,,CZ,,3,,Europe/Prague,190
czptt,-SR70S-CZ-33925-4,Hrušovany nad Jevišovkou-Šanov,48.810435,16.382428,train,0,-SR70ST-CZ-33925,,,,CZ,,4,,Europe/Prague,28
czptt,-SR70S-CZ-33934-1,Kunčice pod Ondřejníkem,49.534811,18.295188,train,0,-SR70ST-CZ-33934,,,,CZ,,1,,Europe/Prague,531
czptt,-SR70S-CZ-33934-3,Kunčice pod Ondřejníkem,49.534811,18.295188,train,0,-SR70ST-CZ-33934,,,,CZ,,3,,Europe/Prague,417
czptt,-SR70S-CZ-33942,Loučná n.Des.-Fil. z,50.054866,17.082393,train,0,,,,,CZ,,,,Europe/Prague,853
czptt,-SR70S-CZ-33944,Kroměříž-Oskol,49.291782,17.40743,train,0,,,,,CZ,,,,Europe/Prague,133
czptt,-SR70S-CZ-33952-1,Kouty nad Desnou,50.09881,17.104341,train,0,-SR70ST-CZ-33952,,,,CZ,,1,,Europe/Prague,819
czptt,-SR70S-CZ-33952-2,Kouty nad Desnou,50.09881,17.104341,train,0,-SR70ST-CZ-33952,,,,CZ,,2,,Europe/Prague,34
czptt,-SR70S-CZ-33955-1,Hrušovany u Brna,49.0346,16.591231,train,0,-SR70ST-CZ-33955,,,,CZ,,1,,Europe/Prague,437
czptt,-SR70S-CZ-33955-2,Hrušovany u Brna,49.0346,16.591231,train,0,-SR70ST-CZ-33955,,,,CZ,,2,,Europe/Prague,579
czptt,-SR70S-CZ-33955-4,Hrušovany u Brna,49.0346,16.591231,train,0,-SR70ST-CZ-33955,,,,CZ,,4,,Europe/Prague,581
czptt,-SR70S-CZ-33955-5,Hrušovany u Brna,49.0346,16.591231,train,0,-SR70ST-CZ-33955,,,,CZ,,5,,Europe/Prague,88
czptt,-SR70S-CZ-33955-6,Hrušovany u Brna,49.0346,16.591231,train,0,-SR70ST-CZ-33955,,,,CZ,,6,,Europe/Prague,676
czptt,-SR70S-CZ-33955-6a,Hrušovany u Brna,49.0346,16.591231,train,0,-SR70ST-CZ-33955,,,,CZ,,6a,,Europe/Prague,2
czptt,-SR70S-CZ-33962-1,Loučná nad Desnou,50.071301,17.086414,train,0,-SR70ST-CZ-33962,,,,CZ,,1,,Europe/Prague,425
czptt,-SR70S-CZ-33962-2,Loučná nad Desnou,50.071301,17.086414,train,0,-SR70ST-CZ-33962,,,,CZ,,2,,Europe/Prague,427
czptt,-SR70S-CZ-33965,Vojkovice nad Svratkou,49.05662,16.597641,train,0,,,,,CZ,,,,Europe/Prague,1252
czptt,-SR70S-CZ-33972-1,Loučná n.Des.-R. nz,50.088466,17.090775,train,0,-SR70ST-CZ-33972,,,,CZ,,1,,Europe/Prague,853
czptt,-SR70S-CZ-33974-1,Lískovec u Frýdku,49.698131,18.328492,train,0,-SR70ST-CZ-33974,,,,CZ,,1,,Europe/Prague,818
czptt,-SR70S-CZ-33974-2,Lískovec u Frýdku,49.698131,18.328492,train,0,-SR70ST-CZ-33974,,,,CZ,,2,,Europe/Prague,231
czptt,-SR70S-CZ-33974-3,Lískovec u Frýdku,49.698131,18.328492,train,0,-SR70ST-CZ-33974,,,,CZ,,3,,Europe/Prague,0
czptt,-SR70S-CZ-33975,Žabčice,49.010372,16.594952,train,0,,,,,CZ,,,,Europe/Prague,1119
czptt,-SR70S-CZ-33982-1,Libina,49.8789,17.061874,train,0,-SR70ST-CZ-33982,,,,CZ,,1,,Europe/Prague,377
czptt,-SR70S-CZ-33982-3,Libina,49.8789,17.061874,train,0,-SR70ST-CZ-33982,,,,CZ,,3,,Europe/Prague,122
czptt,-SR70S-CZ-33984-1,Louky nad Olší,49.794666,18.587209,train,0,-SR70ST-CZ-33984,,,,CZ,,1,,Europe/Prague,129
czptt,-SR70S-CZ-33984-2,Louky nad Olší,49.794666,18.587209,train,0,-SR70ST-CZ-33984,,,,CZ,,2,,Europe/Prague,146
czptt,-SR70S-CZ-33984-4,Louky nad Olší,49.794666,18.587209,train,0,-SR70ST-CZ-33984,,,,CZ,,4,,Europe/Prague,2
czptt,-SR70S-CZ-33985-1,Hulín,49.31678,17.476183,train,0,-SR70ST-CZ-33985,,,,CZ,,1,,Europe/Prague,292
czptt,-SR70S-CZ-33985-13,Hulín,49.31678,17.476183,train,0,-SR70ST-CZ-33985,,,,CZ,,13,,Europe/Prague,1
czptt,-SR70S-CZ-33985-13a,Hulín,49.31678,17.476183,train,0,-SR70ST-CZ-33985,,,,CZ,,13a,,Europe/Prague,256
czptt,-SR70S-CZ-33985-15,Hulín,49.31678,17.476183,train,0,-SR70ST-CZ-33985,,,,CZ,,15,,Europe/Prague,429
czptt,-SR70S-CZ-33985-17,Hulín,49.31678,17.476183,train,0,-SR70ST-CZ-33985,,,,CZ,,17,,Europe/Prague,27
czptt,-SR70S-CZ-33985-2,Hulín,49.31678,17.476183,train,0,-SR70ST-CZ-33985,,,,CZ,,2,,Europe/Prague,327
czptt,-SR70S-CZ-33985-3,Hulín,49.31678,17.476183,train,0,-SR70ST-CZ-33985,,,,CZ,,3,,Europe/Prague,83
czptt,-SR70S-CZ-33985-6a,Hulín,49.31678,17.476183,train,0,-SR70ST-CZ-33985,,,,CZ,,6a,,Europe/Prague,40
czptt,-SR70S-CZ-33985-7,Hulín,49.31678,17.476183,train,0,-SR70ST-CZ-33985,,,,CZ,,7,,Europe/Prague,0
czptt,-SR70S-CZ-33985-8b,Hulín,49.31678,17.476183,train,0,-SR70ST-CZ-33985,,,,CZ,,8b,,Europe/Prague,0
czptt,-SR70S-CZ-33992,Hrabišín,49.908019,17.03855,train,0,,,,,CZ,,,,Europe/Prague,494
czptt,-SR70S-CZ-33995,Břest,49.349394,17.45528,train,0,,,,,CZ,,,,Europe/Prague,159
czptt,-SR70S-CZ-34005-1,Třebětice,49.317731,17.521189,train,0,-SR70ST-CZ-34005,,,,CZ,,1,,Europe/Prague,539
czptt,-SR70S-CZ-34005-3,Třebětice,49.317731,17.521189,train,0,-SR70ST-CZ-34005,,,,CZ,,3,,Europe/Prague,31
czptt,-SR70S-CZ-34014,Opava zastávka,49.929173,17.93457,train,0,,,,,CZ,,,,Europe/Prague,346
czptt,-SR70S-CZ-34015-1,Hustopeče u Brna,48.936773,16.736953,train,0,-SR70ST-CZ-34015,,,,CZ,,1,,Europe/Prague,180
czptt,-SR70S-CZ-34015-1a,Hustopeče u Brna,48.936773,16.736953,train,0,-SR70ST-CZ-34015,,,,CZ,,1a,,Europe/Prague,6
czptt,-SR70S-CZ-34015-3,Hustopeče u Brna,48.936773,16.736953,train,0,-SR70ST-CZ-34015,,,,CZ,,3,,Europe/Prague,937
czptt,-SR70S-CZ-34024,Slavkov u Opavy,49.916807,17.848317,train,0,,,,,CZ,,,,Europe/Prague,47
czptt,-SR70S-CZ-34025-1,Huštěnovice,49.114805,17.464944,train,0,-SR70ST-CZ-34025,,,,CZ,,1,,Europe/Prague,89
czptt,-SR70S-CZ-34025-2,Huštěnovice,49.114805,17.464944,train,0,-SR70ST-CZ-34025,,,,CZ,,2,,Europe/Prague,94
czptt,-SR70S-CZ-34034-1,Město Albrechtice,50.168108,17.578718,train,0,-SR70ST-CZ-34034,,,,CZ,,1,,Europe/Prague,305
czptt,-SR70S-CZ-34034-3,Město Albrechtice,50.168108,17.578718,train,0,-SR70ST-CZ-34034,,,,CZ,,3,,Europe/Prague,38
czptt,-SR70S-CZ-34037-1,Chornice,49.677135,16.745038,train,0,-SR70ST-CZ-34037,,,,CZ,,1,,Europe/Prague,59
czptt,-SR70S-CZ-34037-2,Chornice,49.677135,16.745038,train,0,-SR70ST-CZ-34037,,,,CZ,,2,,Europe/Prague,11
czptt,-SR70S-CZ-34037-3,Chornice,49.677135,16.745038,train,0,-SR70ST-CZ-34037,,,,CZ,,3,,Europe/Prague,0
czptt,-SR70S-CZ-34042-1,Lipník nad Bečvou,49.529294,17.573036,train,0,-SR70ST-CZ-34042,,,,CZ,,1,,Europe/Prague,893
czptt,-SR70S-CZ-34042-2,Lipník nad Bečvou,49.529294,17.573036,train,0,-SR70ST-CZ-34042,,,,CZ,,2,,Europe/Prague,851
czptt,-SR70S-CZ-34042-3,Lipník nad Bečvou,49.529294,17.573036,train,0,-SR70ST-CZ-34042,,,,CZ,,3,,Europe/Prague,30
czptt,-SR70S-CZ-34042-4,Lipník nad Bečvou,49.529294,17.573036,train,0,-SR70ST-CZ-34042,,,,CZ,,4,,Europe/Prague,3
czptt,-SR70S-CZ-34042-6,Lipník nad Bečvou,49.529294,17.573036,train,0,-SR70ST-CZ-34042,,,,CZ,,6,,Europe/Prague,2
czptt,-SR70S-CZ-34044-1,Krásné Loučky,50.125258,17.638504,train,0,-SR70ST-CZ-34044,,,,CZ,,1,,Europe/Prague,343
czptt,-SR70S-CZ-34047,Mezihoří,49.703326,16.74201,train,0,,,,,CZ,,,,Europe/Prague,61
czptt,-SR70S-CZ-34052-1,Lipová Lázně,50.228462,17.131088,train,0,-SR70ST-CZ-34052,,,,CZ,,1,,Europe/Prague,585
czptt,-SR70S-CZ-34052-2,Lipová Lázně,50.228462,17.131088,train,0,-SR70ST-CZ-34052,,,,CZ,,2,,Europe/Prague,279
czptt,-SR70S-CZ-34052-3,Lipová Lázně,50.228462,17.131088,train,0,-SR70ST-CZ-34052,,,,CZ,,3,,Europe/Prague,68
czptt,-SR70S-CZ-34054,Linhartovy,50.136458,17.613967,train,0,,,,,CZ,,,,Europe/Prague,343
czptt,-SR70S-CZ-34057,Nectava,49.657403,16.780492,train,0,,,,,CZ,,,,Europe/Prague,63
czptt,-SR70S-CZ-34062,Lipová Lázně jeskyně,50.244665,17.143359,train,0,,,,,CZ,,,,Europe/Prague,375
czptt,-SR70S-CZ-34064-1,Mladecko,49.894658,17.712517,train,0,-SR70ST-CZ-34064,,,,CZ,,1,,Europe/Prague,47
czptt,-SR70S-CZ-34067,Šubířov,49.626713,16.817362,train,0,,,,,CZ,,,,Europe/Prague,63
czptt,-SR70S-CZ-34072,Lipová Lázně zastávka,50.229545,17.16088,train,0,,,,,CZ,,,,Europe/Prague,336
czptt,-SR70S-CZ-34074-1,Dolní Životice,49.894955,17.774065,train,0,-SR70ST-CZ-34074,,,,CZ,,1,,Europe/Prague,47
czptt,-SR70S-CZ-34075-1,Brno-Chrlice,49.132229,16.657198,train,0,-SR70ST-CZ-34075,,,,CZ,,1,,Europe/Prague,708
czptt,-SR70S-CZ-34075-3,Brno-Chrlice,49.132229,16.657198,train,0,-SR70ST-CZ-34075,,,,CZ,,3,,Europe/Prague,399
czptt,-SR70S-CZ-34082-1,Litovel,49.712856,17.074605,train,0,-SR70ST-CZ-34082,,,,CZ,,1,,Europe/Prague,603
czptt,-SR70S-CZ-34084,Litultovice,49.887491,17.733947,train,0,,,,,CZ,,,,Europe/Prague,47
czptt,-SR70S-CZ-34092-1,Litovel předměstí,49.694258,17.07134,train,0,-SR70ST-CZ-34092,,,,CZ,,1,,Europe/Prague,439
czptt,-SR70S-CZ-34092-3,Litovel předměstí,49.694258,17.07134,train,0,-SR70ST-CZ-34092,,,,CZ,,3,,Europe/Prague,177
czptt,-SR70S-CZ-34094,Štáblovice,49.900801,17.82315,train,0,,,,,CZ,,,,Europe/Prague,47
czptt,-SR70S-CZ-34102,Cholina,49.658174,17.061029,train,0,,,,,CZ,,,,Europe/Prague,366
czptt,-SR70S-CZ-34104-1,Mosty u Jablunkova,49.524012,18.751183,train,0,-SR70ST-CZ-34104,,,,CZ,,1,,Europe/Prague,30
czptt,-SR70S-CZ-34104-2,Mosty u Jablunkova,49.524012,18.751183,train,0,-SR70ST-CZ-34104,,,,CZ,,2,,Europe/Prague,28
czptt,-SR70S-CZ-34104-4,Mosty u Jablunkova,49.524012,18.751183,train,0,-SR70ST-CZ-34104,,,,CZ,,4,,Europe/Prague,218
czptt,-SR70S-CZ-34104-4a,Mosty u Jablunkova,49.524012,18.751183,train,0,-SR70ST-CZ-34104,,,,CZ,,4a,,Europe/Prague,9
czptt,-SR70S-CZ-34105-1,Chropyně,49.369551,17.361111,train,0,-SR70ST-CZ-34105,,,,CZ,,1,,Europe/Prague,801
czptt,-SR70S-CZ-34105-3,Chropyně,49.369551,17.361111,train,0,-SR70ST-CZ-34105,,,,CZ,,3,,Europe/Prague,84
czptt,-SR70S-CZ-34112-1,Chudobín,49.694572,17.039004,train,0,-SR70ST-CZ-34112,,,,CZ,,1,,Europe/Prague,49
czptt,-SR70S-CZ-34114,Mosty u Jablunkova zastávka,49.509483,18.751485,train,0,,,,,CZ,,,,Europe/Prague,56
czptt,-SR70S-CZ-34115-1,Věžky,49.408377,17.416271,train,0,-SR70ST-CZ-34115,,,,CZ,,1,,Europe/Prague,839
czptt,-SR70S-CZ-34115-2,Věžky,49.408377,17.416271,train,0,-SR70ST-CZ-34115,,,,CZ,,2,,Europe/Prague,41
czptt,-SR70S-CZ-34122,Litovel město,49.701996,17.07098,train,0,,,,,CZ,,,,Europe/Prague,603
czptt,-SR70S-CZ-34124,Bohumín,49.90101,18.36015,train,0,,,,,CZ,,,,Europe/Prague,1
czptt,-SR70S-CZ-34124-1,Bohumín,49.90101,18.36015,train,0,-SR70ST-CZ-34124,,,,CZ,,1,,Europe/Prague,455
czptt,-SR70S-CZ-34124-2,Bohumín,49.90101,18.36015,train,0,-SR70ST-CZ-34124,,,,CZ,,2,,Europe/Prague,414
czptt,-SR70S-CZ-34124-27,Bohumín,49.90101,18.36015,train,0,-SR70ST-CZ-34124,,,,CZ,,27,,Europe/Prague,3
czptt,-SR70S-CZ-34124-3,Bohumín,49.90101,18.36015,train,0,-SR70ST-CZ-34124,,,,CZ,,3,,Europe/Prague,529
czptt,-SR70S-CZ-34124-4,Bohumín,49.90101,18.36015,train,0,-SR70ST-CZ-34124,,,,CZ,,4,,Europe/Prague,1168
czptt,-SR70S-CZ-34124-5,Bohumín,49.90101,18.36015,train,0,-SR70ST-CZ-34124,,,,CZ,,5,,Europe/Prague,4
czptt,-SR70S-CZ-34124-6a,Bohumín,49.90101,18.36015,train,0,-SR70ST-CZ-34124,,,,CZ,,6a,,Europe/Prague,1
czptt,-SR70S-CZ-34124-8,Bohumín,49.90101,18.36015,train,0,-SR70ST-CZ-34124,,,,CZ,,8,,Europe/Prague,189
czptt,-SR70S-CZ-34124-9,Bohumín,49.90101,18.36015,train,0,-SR70ST-CZ-34124,,,,CZ,,9,,Europe/Prague,3
czptt,-SR70S-CZ-34124-9a,Bohumín,49.90101,18.36015,train,0,-SR70ST-CZ-34124,,,,CZ,,9a,,Europe/Prague,4
czptt,-SR70S-CZ-34125-1,Ivančice,49.098248,16.372796,train,0,-SR70ST-CZ-34125,,,,CZ,,1,,Europe/Prague,658
czptt,-SR70S-CZ-34125-2,Ivančice,49.098248,16.372796,train,0,-SR70ST-CZ-34125,,,,CZ,,2,,Europe/Prague,153
czptt,-SR70S-CZ-34132-1,Mladeč,49.703957,17.002991,train,0,-SR70ST-CZ-34132,,,,CZ,,1,,Europe/Prague,48
czptt,-SR70S-CZ-34132-1a,Mladeč,49.703957,17.002991,train,0,-SR70ST-CZ-34132,,,,CZ,,1a,,Europe/Prague,0
czptt,-SR70S-CZ-34134,Dolní Lutyně,49.912462,18.4145,train,0,,,,,CZ,,,,Europe/Prague,363
czptt,-SR70S-CZ-34135,Ivančice město,49.099039,16.382666,train,0,,,,,CZ,,,,Europe/Prague,776
czptt,-SR70S-CZ-34142,Mladeč jeskyně,49.702876,17.01444,train,0,,,,,CZ,,,,Europe/Prague,49
czptt,-SR70S-CZ-34144-1,Nový Jičín město,49.598932,18.008604,train,0,-SR70ST-CZ-34144,,,,CZ,,1,,Europe/Prague,180
czptt,-SR70S-CZ-34145-1,Ivanovice na Hané,49.306271,17.087033,train,0,-SR70ST-CZ-34145,,,,CZ,,1,,Europe/Prague,241
czptt,-SR70S-CZ-34145-3,Ivanovice na Hané,49.306271,17.087033,train,0,-SR70ST-CZ-34145,,,,CZ,,3,,Europe/Prague,782
czptt,-SR70S-CZ-34152,Myslechovice,49.677166,17.048686,train,0,,,,,CZ,,,,Europe/Prague,366
czptt,-SR70S-CZ-34154,Šenov u Nového Jičína,49.611408,17.993439,train,0,,,,,CZ,,,,Europe/Prague,180
czptt,-SR70S-CZ-34155,Hoštice-Heroltice,49.291688,17.060752,train,0,,,,,CZ,,,,Europe/Prague,455
czptt,-SR70S-CZ-34162-1,Lukavice na Moravě,49.825084,16.916646,train,0,-SR70ST-CZ-34162,,,,CZ,,1,,Europe/Prague,424
czptt,-SR70S-CZ-34162-2,Lukavice na Moravě,49.825084,16.916646,train,0,-SR70ST-CZ-34162,,,,CZ,,2,,Europe/Prague,435
czptt,-SR70S-CZ-34164-1,Odry,49.669853,17.833393,train,0,-SR70ST-CZ-34164,,,,CZ,,1,,Europe/Prague,174
czptt,-SR70S-CZ-34164-2,Odry,49.669853,17.833393,train,0,-SR70ST-CZ-34164,,,,CZ,,2,,Europe/Prague,217
czptt,-SR70S-CZ-34165-1,Jaroměřice nad Rokytnou,49.094115,15.86542,train,0,-SR70ST-CZ-34165,,,,CZ,,1,,Europe/Prague,366
czptt,-SR70S-CZ-34165-2,Jaroměřice nad Rokytnou,49.094115,15.86542,train,0,-SR70ST-CZ-34165,,,,CZ,,2,,Europe/Prague,75
czptt,-SR70S-CZ-34166,Bohušice,49.086273,15.852727,train,0,,,,,CZ,,,,Europe/Prague,364
czptt,-SR70S-CZ-34170,Odry-Loučky,49.685176,17.809224,train,0,,,,,CZ,,,,Europe/Prague,316
czptt,-SR70S-CZ-34174-1,Heřmánky,49.713493,17.758298,train,0,-SR70ST-CZ-34174,,,,CZ,,1,,Europe/Prague,157
czptt,-SR70S-CZ-34174-3,Heřmánky,49.713493,17.758298,train,0,-SR70ST-CZ-34174,,,,CZ,,3,,Europe/Prague,160
czptt,-SR70S-CZ-34175,Šebkovice,49.122116,15.832628,train,0,,,,,CZ,,,,Europe/Prague,364
czptt,-SR70S-CZ-34184,Jakubčovice nad Odrou,49.696844,17.788638,train,0,,,,,CZ,,,,Europe/Prague,316
czptt,-SR70S-CZ-34185-1,Jemnice,49.016009,15.581161,train,0,-SR70ST-CZ-34185,,,,CZ,,1,,Europe/Prague,62
czptt,-SR70S-CZ-34194-1,Opava východ,49.934254,17.909198,train,0,-SR70ST-CZ-34194,,,,CZ,,1,,Europe/Prague,0
czptt,-SR70S-CZ-34194-11,Opava východ,49.934254,17.909198,train,0,-SR70ST-CZ-34194,,,,CZ,,11,,Europe/Prague,290
czptt,-SR70S-CZ-34194-13,Opava východ,49.934254,17.909198,train,0,-SR70ST-CZ-34194,,,,CZ,,13,,Europe/Prague,105
czptt,-SR70S-CZ-34194-15,Opava východ,49.934254,17.909198,train,0,-SR70ST-CZ-34194,,,,CZ,,15,,Europe/Prague,25
czptt,-SR70S-CZ-34194-2a,Opava východ,49.934254,17.909198,train,0,-SR70ST-CZ-34194,,,,CZ,,2a,,Europe/Prague,39
czptt,-SR70S-CZ-34194-3,Opava východ,49.934254,17.909198,train,0,-SR70ST-CZ-34194,,,,CZ,,3,,Europe/Prague,503
czptt,-SR70S-CZ-34194-5,Opava východ,49.934254,17.909198,train,0,-SR70ST-CZ-34194,,,,CZ,,5,,Europe/Prague,10
czptt,-SR70S-CZ-34194-5a,Opava východ,49.934254,17.909198,train,0,-SR70ST-CZ-34194,,,,CZ,,5a,,Europe/Prague,90
czptt,-SR70S-CZ-34194-7,Opava východ,49.934254,17.909198,train,0,-SR70ST-CZ-34194,,,,CZ,,7,,Europe/Prague,1072
czptt,-SR70S-CZ-34194-9,Opava východ,49.934254,17.909198,train,0,-SR70ST-CZ-34194,,,,CZ,,9,,Europe/Prague,446
czptt,-SR70S-CZ-34195,Jihlava-Bosch Diesel,49.443731,15.608424,train,0,,,,,CZ,,,,Europe/Prague,488
czptt,-SR70S-CZ-34197-1,Jevíčko,49.630926,16.73082,train,0,-SR70ST-CZ-34197,,,,CZ,,1,,Europe/Prague,0
czptt,-SR70S-CZ-34204-1,Opava-Komárov,49.917829,17.959713,train,0,-SR70ST-CZ-34204,,,,CZ,,1,,Europe/Prague,598
czptt,-SR70S-CZ-34204-3,Opava-Komárov,49.917829,17.959713,train,0,-SR70ST-CZ-34204,,,,CZ,,3,,Europe/Prague,23
czptt,-SR70S-CZ-34205,Jihlava-Staré Hory,49.410326,15.568299,train,0,,,,,CZ,,,,Europe/Prague,836
czptt,-SR70S-CZ-34207,Biskupice u Jevíčka,49.649696,16.744864,train,0,,,,,CZ,,,,Europe/Prague,0
czptt,-SR70S-CZ-34214,Kylešovice,49.925051,17.908881,train,0,,,,,CZ,,,,Europe/Prague,226
czptt,-SR70S-CZ-34215-1,Jihlava,49.415912,15.598971,train,0,-SR70ST-CZ-34215,,,,CZ,,1,,Europe/Prague,74
czptt,-SR70S-CZ-34215-11,Jihlava,49.415912,15.598971,train,0,-SR70ST-CZ-34215,,,,CZ,,11,,Europe/Prague,40
czptt,-SR70S-CZ-34215-13,Jihlava,49.415912,15.598971,train,0,-SR70ST-CZ-34215,,,,CZ,,13,,Europe/Prague,5
czptt,-SR70S-CZ-34215-2,Jihlava,49.415912,15.598971,train,0,-SR70ST-CZ-34215,,,,CZ,,2,,Europe/Prague,0
czptt,-SR70S-CZ-34215-2a,Jihlava,49.415912,15.598971,train,0,-SR70ST-CZ-34215,,,,CZ,,2a,,Europe/Prague,164
czptt,-SR70S-CZ-34215-3,Jihlava,49.415912,15.598971,train,0,-SR70ST-CZ-34215,,,,CZ,,3,,Europe/Prague,805
czptt,-SR70S-CZ-34215-4b,Jihlava,49.415912,15.598971,train,0,-SR70ST-CZ-34215,,,,CZ,,4b,,Europe/Prague,29
czptt,-SR70S-CZ-34215-5,Jihlava,49.415912,15.598971,train,0,-SR70ST-CZ-34215,,,,CZ,,5,,Europe/Prague,2
czptt,-SR70S-CZ-34215-5b,Jihlava,49.415912,15.598971,train,0,-SR70ST-CZ-34215,,,,CZ,,5b,,Europe/Prague,917
czptt,-SR70S-CZ-34215-7,Jihlava,49.415912,15.598971,train,0,-SR70ST-CZ-34215,,,,CZ,,7,,Europe/Prague,921
czptt,-SR70S-CZ-34215-9,Jihlava,49.415912,15.598971,train,0,-SR70ST-CZ-34215,,,,CZ,,9,,Europe/Prague,441
czptt,-SR70S-CZ-34224,Otice,49.918994,17.870097,train,0,,,,,CZ,,,,Europe/Prague,47
czptt,-SR70S-CZ-34225-1,Jihlava město,49.403735,15.582789,train,0,-SR70ST-CZ-34225,,,,CZ,,1,,Europe/Prague,1232
czptt,-SR70S-CZ-34225-11,Jihlava město,49.403735,15.582789,train,0,-SR70ST-CZ-34225,,,,CZ,,11,,Europe/Prague,130
czptt,-SR70S-CZ-34225-1a,Jihlava město,49.403735,15.582789,train,0,-SR70ST-CZ-34225,,,,CZ,,1a,,Europe/Prague,0
czptt,-SR70S-CZ-34225-2,Jihlava město,49.403735,15.582789,train,0,-SR70ST-CZ-34225,,,,CZ,,2,,Europe/Prague,203
czptt,-SR70S-CZ-34225-3,Jihlava město,49.403735,15.582789,train,0,-SR70ST-CZ-34225,,,,CZ,,3,,Europe/Prague,200
czptt,-SR70S-CZ-34225-3a,Jihlava město,49.403735,15.582789,train,0,-SR70ST-CZ-34225,,,,CZ,,3a,,Europe/Prague,0
czptt,-SR70S-CZ-34225-5,Jihlava město,49.403735,15.582789,train,0,-SR70ST-CZ-34225,,,,CZ,,5,,Europe/Prague,6
czptt,-SR70S-CZ-34225-7,Jihlava město,49.403735,15.582789,train,0,-SR70ST-CZ-34225,,,,CZ,,7,,Europe/Prague,69
czptt,-SR70S-CZ-34232-1,Mikulovice,50.302146,17.319686,train,0,-SR70ST-CZ-34232,,,,CZ,,1,,Europe/Prague,217
czptt,-SR70S-CZ-34232-1a,Mikulovice,50.302146,17.319686,train,0,-SR70ST-CZ-34232,,,,CZ,,1a,,Europe/Prague,4
czptt,-SR70S-CZ-34232-2,Mikulovice,50.302146,17.319686,train,0,-SR70ST-CZ-34232,,,,CZ,,2,,Europe/Prague,0
czptt,-SR70S-CZ-34232-3,Mikulovice,50.302146,17.319686,train,0,-SR70ST-CZ-34232,,,,CZ,,3,,Europe/Prague,107
czptt,-SR70S-CZ-34234-1,Opava západ,49.93864,17.88848,train,0,-SR70ST-CZ-34234,,,,CZ,,1,,Europe/Prague,838
czptt,-SR70S-CZ-34234-2,Opava západ,49.93864,17.88848,train,0,-SR70ST-CZ-34234,,,,CZ,,2,,Europe/Prague,32
czptt,-SR70S-CZ-34234-3a,Opava západ,49.93864,17.88848,train,0,-SR70ST-CZ-34234,,,,CZ,,3a,,Europe/Prague,0
czptt,-SR70S-CZ-34242,Ondřejovice,50.272398,17.343406,train,0,,,,,CZ,,,,Europe/Prague,111
czptt,-SR70S-CZ-34252-1,Milotice nad Opavou,50.014205,17.5574,train,0,-SR70ST-CZ-34252,,,,CZ,,1,,Europe/Prague,571
czptt,-SR70S-CZ-34252-3,Milotice nad Opavou,50.014205,17.5574,train,0,-SR70ST-CZ-34252,,,,CZ,,3,,Europe/Prague,58
czptt,-SR70S-CZ-34252-4,Milotice nad Opavou,50.014205,17.5574,train,0,-SR70ST-CZ-34252,,,,CZ,,4,,Europe/Prague,207
czptt,-SR70S-CZ-34254,Vávrovice,49.975151,17.858229,train,0,,,,,CZ,,,,Europe/Prague,410
czptt,-SR70S-CZ-34262-1,Kunov,50.037363,17.515899,train,0,-SR70ST-CZ-34262,,,,CZ,,1,,Europe/Prague,241
czptt,-SR70S-CZ-34272,Nové Heřminovy z,50.024747,17.526852,train,0,,,,,CZ,,,,Europe/Prague,241
czptt,-SR70S-CZ-34273,Ostrava-Zábřeh,49.795614,18.230829,train,0,,,,,CZ,,,,Europe/Prague,2
czptt,-SR70S-CZ-34275-1,Kobylí na Moravě,48.934106,16.881316,train,0,-SR70ST-CZ-34275,,,,CZ,,1,,Europe/Prague,483
czptt,-SR70S-CZ-34275-2,Kobylí na Moravě,48.934106,16.881316,train,0,-SR70ST-CZ-34275,,,,CZ,,2,,Europe/Prague,26
czptt,-SR70S-CZ-34282-1,Mohelnice,49.776758,16.942979,train,0,-SR70ST-CZ-34282,,,,CZ,,1,,Europe/Prague,812
czptt,-SR70S-CZ-34282-2,Mohelnice,49.776758,16.942979,train,0,-SR70ST-CZ-34282,,,,CZ,,2,,Europe/Prague,722
czptt,-SR70S-CZ-34282-3,Mohelnice,49.776758,16.942979,train,0,-SR70ST-CZ-34282,,,,CZ,,3,,Europe/Prague,29
czptt,-SR70S-CZ-34282-4,Mohelnice,49.776758,16.942979,train,0,-SR70ST-CZ-34282,,,,CZ,,4,,Europe/Prague,5
czptt,-SR70S-CZ-34282-6,Mohelnice,49.776758,16.942979,train,0,-SR70ST-CZ-34282,,,,CZ,,6,,Europe/Prague,10
czptt,-SR70S-CZ-34282-6a,Mohelnice,49.776758,16.942979,train,0,-SR70ST-CZ-34282,,,,CZ,,6a,,Europe/Prague,119
czptt,-SR70S-CZ-34285,Brumovice,48.947244,16.905836,train,0,,,,,CZ,,,,Europe/Prague,284
czptt,-SR70S-CZ-34292-1,Moravičany,49.758301,16.968436,train,0,-SR70ST-CZ-34292,,,,CZ,,1,,Europe/Prague,336
czptt,-SR70S-CZ-34292-2,Moravičany,49.758301,16.968436,train,0,-SR70ST-CZ-34292,,,,CZ,,2,,Europe/Prague,426
czptt,-SR70S-CZ-34292-3,Moravičany,49.758301,16.968436,train,0,-SR70ST-CZ-34292,,,,CZ,,3,,Europe/Prague,93
czptt,-SR70S-CZ-34292-4,Moravičany,49.758301,16.968436,train,0,-SR70ST-CZ-34292,,,,CZ,,4,,Europe/Prague,2
czptt,-SR70S-CZ-34294-1,Osoblaha,50.268121,17.722469,train,0,-SR70ST-CZ-34294,,,,CZ,,1,,Europe/Prague,76
czptt,-SR70S-CZ-34295-1,Kojetice na Moravě,49.149447,15.825886,train,0,-SR70ST-CZ-34295,,,,CZ,,1,,Europe/Prague,362
czptt,-SR70S-CZ-34295-3,Kojetice na Moravě,49.149447,15.825886,train,0,-SR70ST-CZ-34295,,,,CZ,,3,,Europe/Prague,3
czptt,-SR70S-CZ-34302-1,Moravský Beroun,49.784418,17.432432,train,0,-SR70ST-CZ-34302,,,,CZ,,1,,Europe/Prague,610
czptt,-SR70S-CZ-34302-2,Moravský Beroun,49.784418,17.432432,train,0,-SR70ST-CZ-34302,,,,CZ,,2,,Europe/Prague,62
czptt,-SR70S-CZ-34302-3,Moravský Beroun,49.784418,17.432432,train,0,-SR70ST-CZ-34302,,,,CZ,,3,,Europe/Prague,81
czptt,-SR70S-CZ-34302-4,Moravský Beroun,49.784418,17.432432,train,0,-SR70ST-CZ-34302,,,,CZ,,4,,Europe/Prague,17
czptt,-SR70S-CZ-34304,Amalín,50.216048,17.663582,train,0,,,,,CZ,,,,Europe/Prague,77
czptt,-SR70S-CZ-34306-1,Kojetín,49.345429,17.304819,train,0,-SR70ST-CZ-34306,,,,CZ,,1,,Europe/Prague,1395
czptt,-SR70S-CZ-34306-2,Kojetín,49.345429,17.304819,train,0,-SR70ST-CZ-34306,,,,CZ,,2,,Europe/Prague,638
czptt,-SR70S-CZ-34306-3,Kojetín,49.345429,17.304819,train,0,-SR70ST-CZ-34306,,,,CZ,,3,,Europe/Prague,15
czptt,-SR70S-CZ-34306-4,Kojetín,49.345429,17.304819,train,0,-SR70ST-CZ-34306,,,,CZ,,4,,Europe/Prague,428
czptt,-SR70S-CZ-34306-6a,Kojetín,49.345429,17.304819,train,0,-SR70ST-CZ-34306,,,,CZ,,6a,,Europe/Prague,23
czptt,-SR70S-CZ-34312,Náměšť na Hané,49.598067,17.070321,train,0,,,,,CZ,,,,Europe/Prague,538
czptt,-SR70S-CZ-34314-1,Bohušov,50.24021,17.714956,train,0,-SR70ST-CZ-34314,,,,CZ,,1,,Europe/Prague,77
czptt,-SR70S-CZ-34316-1,Lobodice,49.400394,17.287416,train,0,-SR70ST-CZ-34316,,,,CZ,,1,,Europe/Prague,65
czptt,-SR70S-CZ-34324,Horní Povelice,50.225742,17.654796,train,0,,,,,CZ,,,,Europe/Prague,78
czptt,-SR70S-CZ-34325,Červenka zastávka,49.72122,17.07647,train,0,,,,,CZ,,,,Europe/Prague,588
czptt,-SR70S-CZ-34326,Měrovice nad Hanou,49.343854,17.247111,train,0,,,,,CZ,,,,Europe/Prague,881
czptt,-SR70S-CZ-34334,Koberno,50.22798,17.698968,train,0,,,,,CZ,,,,Europe/Prague,76
czptt,-SR70S-CZ-34345,Šlapanice zastávka,49.163362,16.720016,train,0,,,,,CZ,,,,Europe/Prague,349
czptt,-SR70S-CZ-34346,Uhřičice obec,49.369747,17.291158,train,0,,,,,CZ,,,,Europe/Prague,64
czptt,-SR70S-CZ-34352,Nový Malín,49.945888,17.034447,train,0,,,,,CZ,,,,Europe/Prague,500
czptt,-SR70S-CZ-34354-1,Slezské Rudoltice,50.212089,17.683391,train,0,-SR70ST-CZ-34354,,,,CZ,,1,,Europe/Prague,79
czptt,-SR70S-CZ-34362-1,Olomouc hl. n.,49.592615,17.278486,train,0,-SR70ST-CZ-34362,,,,CZ,,1,,Europe/Prague,955
czptt,-SR70S-CZ-34362-10,Olomouc hl. n.,49.592615,17.278486,train,0,-SR70ST-CZ-34362,,,,CZ,,10,,Europe/Prague,439
czptt,-SR70S-CZ-34362-101,Olomouc hl. n.,49.592615,17.278486,train,0,-SR70ST-CZ-34362,,,,CZ,,101,,Europe/Prague,1
czptt,-SR70S-CZ-34362-102,Olomouc hl. n.,49.592615,17.278486,train,0,-SR70ST-CZ-34362,,,,CZ,,102,,Europe/Prague,2
czptt,-SR70S-CZ-34362-103,Olomouc hl. n.,49.592615,17.278486,train,0,-SR70ST-CZ-34362,,,,CZ,,103,,Europe/Prague,0
czptt,-SR70S-CZ-34362-12,Olomouc hl. n.,49.592615,17.278486,train,0,-SR70ST-CZ-34362,,,,CZ,,12,,Europe/Prague,346
czptt,-SR70S-CZ-34362-14a,Olomouc hl. n.,49.592615,17.278486,train,0,-SR70ST-CZ-34362,,,,CZ,,14a,,Europe/Prague,2
czptt,-SR70S-CZ-34362-16,Olomouc hl. n.,49.592615,17.278486,train,0,-SR70ST-CZ-34362,,,,CZ,,16,,Europe/Prague,43
czptt,-SR70S-CZ-34362-2,Olomouc hl. n.,49.592615,17.278486,train,0,-SR70ST-CZ-34362,,,,CZ,,2,,Europe/Prague,1038
czptt,-SR70S-CZ-34362-3,Olomouc hl. n.,49.592615,17.278486,train,0,-SR70ST-CZ-34362,,,,CZ,,3,,Europe/Prague,1307
czptt,-SR70S-CZ-34362-4,Olomouc hl. n.,49.592615,17.278486,train,0,-SR70ST-CZ-34362,,,,CZ,,4,,Europe/Prague,403
czptt,-SR70S-CZ-34362-5,Olomouc hl. n.,49.592615,17.278486,train,0,-SR70ST-CZ-34362,,,,CZ,,5,,Europe/Prague,557
czptt,-SR70S-CZ-34362-5b,Olomouc hl. n.,49.592615,17.278486,train,0,-SR70ST-CZ-34362,,,,CZ,,5b,,Europe/Prague,0
czptt,-SR70S-CZ-34362-6,Olomouc hl. n.,49.592615,17.278486,train,0,-SR70ST-CZ-34362,,,,CZ,,6,,Europe/Prague,805
czptt,-SR70S-CZ-34362-6200,Olomouc hl. n.,49.592615,17.278486,train,0,-SR70ST-CZ-34362,,,,CZ,,6200,,Europe/Prague,5
czptt,-SR70S-CZ-34362-7,Olomouc hl. n.,49.592615,17.278486,train,0,-SR70ST-CZ-34362,,,,CZ,,7,,Europe/Prague,7
czptt,-SR70S-CZ-34362-8,Olomouc hl. n.,49.592615,17.278486,train,0,-SR70ST-CZ-34362,,,,CZ,,8,,Europe/Prague,707
czptt,-SR70S-CZ-34362-9,Olomouc hl. n.,49.592615,17.278486,train,0,-SR70ST-CZ-34362,,,,CZ,,9,,Europe/Prague,592
czptt,-SR70S-CZ-34362-9b,Olomouc hl. n.,49.592615,17.278486,train,0,-SR70ST-CZ-34362,,,,CZ,,9b,,Europe/Prague,5
czptt,-SR70S-CZ-34364-1,Ostrava hl. n.,49.85173,18.266873,train,0,-SR70ST-CZ-34364,,,,CZ,,1,,Europe/Prague,1376
czptt,-SR70S-CZ-34364-2,Ostrava hl. n.,49.85173,18.266873,train,0,-SR70ST-CZ-34364,,,,CZ,,2,,Europe/Prague,1336
czptt,-SR70S-CZ-34364-3,Ostrava hl. n.,49.85173,18.266873,train,0,-SR70ST-CZ-34364,,,,CZ,,3,,Europe/Prague,66
czptt,-SR70S-CZ-34364-3c,Ostrava hl. n.,49.85173,18.266873,train,0,-SR70ST-CZ-34364,,,,CZ,,3c,,Europe/Prague,41
czptt,-SR70S-CZ-34364-4,Ostrava hl. n.,49.85173,18.266873,train,0,-SR70ST-CZ-34364,,,,CZ,,4,,Europe/Prague,107
czptt,-SR70S-CZ-34364-5,Ostrava hl. n.,49.85173,18.266873,train,0,-SR70ST-CZ-34364,,,,CZ,,5,,Europe/Prague,8
czptt,-SR70S-CZ-34364-7,Ostrava hl. n.,49.85173,18.266873,train,0,-SR70ST-CZ-34364,,,,CZ,,7,,Europe/Prague,6
czptt,-SR70S-CZ-34372,Olomouc město,49.593975,17.241196,train,0,,,,,CZ,,,,Europe/Prague,597
czptt,-SR70S-CZ-34374,Ostrava-Kunčičky,49.809021,18.296807,train,0,,,,,CZ,,,,Europe/Prague,1032
czptt,-SR70S-CZ-34382,Olomouc-Hejčín,49.602326,17.236611,train,0,,,,,CZ,,,,Europe/Prague,590
czptt,-SR70S-CZ-34384,Ostrava-Mariánské Hory,49.836864,18.239323,train,0,,,,,CZ,,,,Europe/Prague,305
czptt,-SR70S-CZ-34385-1,Kostelec na Hané,49.509016,17.065009,train,0,-SR70ST-CZ-34385,,,,CZ,,1,,Europe/Prague,591
czptt,-SR70S-CZ-34385-2,Kostelec na Hané,49.509016,17.065009,train,0,-SR70ST-CZ-34385,,,,CZ,,2,,Europe/Prague,34
czptt,-SR70S-CZ-34385-4,Kostelec na Hané,49.509016,17.065009,train,0,-SR70ST-CZ-34385,,,,CZ,,4,,Europe/Prague,1
czptt,-SR70S-CZ-34385-6,Kostelec na Hané,49.509016,17.065009,train,0,-SR70ST-CZ-34385,,,,CZ,,6,,Europe/Prague,0
czptt,-SR70S-CZ-34392-1,Olomouc-Řepčín,49.616707,17.223894,train,0,-SR70ST-CZ-34392,,,,CZ,,1,,Europe/Prague,592
czptt,-SR70S-CZ-34392-3,Olomouc-Řepčín,49.616707,17.223894,train,0,-SR70ST-CZ-34392,,,,CZ,,3,,Europe/Prague,5
czptt,-SR70S-CZ-34393,Ostrava-Stodolní,49.835112,18.280438,train,0,,,,,CZ,,,,Europe/Prague,1054
czptt,-SR70S-CZ-34393-91,Ostrava-Stodolní,49.835112,18.280438,train,0,-SR70ST-CZ-34393,,,,CZ,,91,,Europe/Prague,521
czptt,-SR70S-CZ-34393-92,Ostrava-Stodolní,49.835112,18.280438,train,0,-SR70ST-CZ-34393,,,,CZ,,92,,Europe/Prague,493
czptt,-SR70S-CZ-34394-1H,Ostrava střed,49.829006,18.282951,train,0,-SR70ST-CZ-34394,,,,CZ,,1H,,Europe/Prague,20
czptt,-SR70S-CZ-34394-701,Ostrava střed,49.829006,18.282951,train,0,-SR70ST-CZ-34394,,,,CZ,,701,,Europe/Prague,993
czptt,-SR70S-CZ-34394-702,Ostrava střed,49.829006,18.282951,train,0,-SR70ST-CZ-34394,,,,CZ,,702,,Europe/Prague,219
czptt,-SR70S-CZ-34394-702a,Ostrava střed,49.829006,18.282951,train,0,-SR70ST-CZ-34394,,,,CZ,,702a,,Europe/Prague,123
czptt,-SR70S-CZ-34394-704,Ostrava střed,49.829006,18.282951,train,0,-SR70ST-CZ-34394,,,,CZ,,704,,Europe/Prague,805
czptt,-SR70S-CZ-34395,Lutotín,49.518506,17.031094,train,0,,,,,CZ,,,,Europe/Prague,319
czptt,-SR70S-CZ-34396,Ostrava střed Sc1H,49.831344,18.283049,train,0,,,,,CZ,,,,Europe/Prague,0
czptt,-SR70S-CZ-34402-1,Olomouc-Nová Ulice,49.587184,17.244585,train,0,-SR70ST-CZ-34402,,,,CZ,,1,,Europe/Prague,583
czptt,-SR70S-CZ-34404,Ostrava-Hrušov,49.860881,18.284484,train,0,,,,,CZ,,,,Europe/Prague,5
czptt,-SR70S-CZ-34405,Zdětín u Prostějova,49.528312,16.987749,train,0,,,,,CZ,,,,Europe/Prague,319
czptt,-SR70S-CZ-34412,Olomouc-Smetanovy sady,49.585562,17.254902,train,0,,,,,CZ,,,,Europe/Prague,481
czptt,-SR70S-CZ-34414-1,Ostrava-Kunčice,49.790262,18.291522,train,0,-SR70ST-CZ-34414,,,,CZ,,1,,Europe/Prague,598
czptt,-SR70S-CZ-34414-13,Ostrava-Kunčice,49.790262,18.291522,train,0,-SR70ST-CZ-34414,,,,CZ,,13,,Europe/Prague,0
czptt,-SR70S-CZ-34414-2,Ostrava-Kunčice,49.790262,18.291522,train,0,-SR70ST-CZ-34414,,,,CZ,,2,,Europe/Prague,552
czptt,-SR70S-CZ-34414-3,Ostrava-Kunčice,49.790262,18.291522,train,0,-SR70ST-CZ-34414,,,,CZ,,3,,Europe/Prague,773
czptt,-SR70S-CZ-34414-5,Ostrava-Kunčice,49.790262,18.291522,train,0,-SR70ST-CZ-34414,,,,CZ,,5,,Europe/Prague,516
czptt,-SR70S-CZ-34414-6,Ostrava-Kunčice,49.790262,18.291522,train,0,-SR70ST-CZ-34414,,,,CZ,,6,,Europe/Prague,9
czptt,-SR70S-CZ-34414-7,Ostrava-Kunčice,49.790262,18.291522,train,0,-SR70ST-CZ-34414,,,,CZ,,7,,Europe/Prague,15
czptt,-SR70S-CZ-34414-9,Ostrava-Kunčice,49.790262,18.291522,train,0,-SR70ST-CZ-34414,,,,CZ,,9,,Europe/Prague,8
czptt,-SR70S-CZ-34424-1,Ostrava-Bartovice,49.778968,18.340095,train,0,-SR70ST-CZ-34424,,,,CZ,,1,,Europe/Prague,9
czptt,-SR70S-CZ-34424-14a,Ostrava-Bartovice,49.778968,18.340095,train,0,-SR70ST-CZ-34424,,,,CZ,,14a,,Europe/Prague,0
czptt,-SR70S-CZ-34424-2,Ostrava-Bartovice,49.778968,18.340095,train,0,-SR70ST-CZ-34424,,,,CZ,,2,,Europe/Prague,11
czptt,-SR70S-CZ-34424-3,Ostrava-Bartovice,49.778968,18.340095,train,0,-SR70ST-CZ-34424,,,,CZ,,3,,Europe/Prague,318
czptt,-SR70S-CZ-34424-4,Ostrava-Bartovice,49.778968,18.340095,train,0,-SR70ST-CZ-34424,,,,CZ,,4,,Europe/Prague,339
czptt,-SR70S-CZ-34424-8,Ostrava-Bartovice,49.778968,18.340095,train,0,-SR70ST-CZ-34424,,,,CZ,,8,,Europe/Prague,1
czptt,-SR70S-CZ-34434-1,Ostrava-Svinov,49.820807,18.210158,train,0,-SR70ST-CZ-34434,,,,CZ,,1,,Europe/Prague,1681
czptt,-SR70S-CZ-34434-12,Ostrava-Svinov,49.820807,18.210158,train,0,-SR70ST-CZ-34434,,,,CZ,,12,,Europe/Prague,58
czptt,-SR70S-CZ-34434-14,Ostrava-Svinov,49.820807,18.210158,train,0,-SR70ST-CZ-34434,,,,CZ,,14,,Europe/Prague,52
czptt,-SR70S-CZ-34434-2,Ostrava-Svinov,49.820807,18.210158,train,0,-SR70ST-CZ-34434,,,,CZ,,2,,Europe/Prague,1436
czptt,-SR70S-CZ-34434-3,Ostrava-Svinov,49.820807,18.210158,train,0,-SR70ST-CZ-34434,,,,CZ,,3,,Europe/Prague,285
czptt,-SR70S-CZ-34434-4,Ostrava-Svinov,49.820807,18.210158,train,0,-SR70ST-CZ-34434,,,,CZ,,4,,Europe/Prague,1016
czptt,-SR70S-CZ-34434-4a,Ostrava-Svinov,49.820807,18.210158,train,0,-SR70ST-CZ-34434,,,,CZ,,4a,,Europe/Prague,128
czptt,-SR70S-CZ-34434-5,Ostrava-Svinov,49.820807,18.210158,train,0,-SR70ST-CZ-34434,,,,CZ,,5,,Europe/Prague,0
czptt,-SR70S-CZ-34434-6,Ostrava-Svinov,49.820807,18.210158,train,0,-SR70ST-CZ-34434,,,,CZ,,6,,Europe/Prague,1001
czptt,-SR70S-CZ-34434-7,Ostrava-Svinov,49.820807,18.210158,train,0,-SR70ST-CZ-34434,,,,CZ,,7,,Europe/Prague,0
czptt,-SR70S-CZ-34434-8,Ostrava-Svinov,49.820807,18.210158,train,0,-SR70ST-CZ-34434,,,,CZ,,8,,Europe/Prague,330
czptt,-SR70S-CZ-34434-8a,Ostrava-Svinov,49.820807,18.210158,train,0,-SR70ST-CZ-34434,,,,CZ,,8a,,Europe/Prague,17
czptt,-SR70S-CZ-34444-1,Ostrava-Třebovice,49.842066,18.195734,train,0,-SR70ST-CZ-34444,,,,CZ,,1,,Europe/Prague,588
czptt,-SR70S-CZ-34444-3,Ostrava-Třebovice,49.842066,18.195734,train,0,-SR70ST-CZ-34444,,,,CZ,,3,,Europe/Prague,1
czptt,-SR70S-CZ-34454,Polanka nad Odrou,49.779157,18.190132,train,0,,,,,CZ,,,,Europe/Prague,214
czptt,-SR70S-CZ-34455-1,Krahulov,49.215255,15.804474,train,0,-SR70ST-CZ-34455,,,,CZ,,1,,Europe/Prague,326
czptt,-SR70S-CZ-34455-2,Krahulov,49.215255,15.804474,train,0,-SR70ST-CZ-34455,,,,CZ,,2,,Europe/Prague,77
czptt,-SR70S-CZ-34464-1,Ostravice,49.537754,18.393591,train,0,-SR70ST-CZ-34464,,,,CZ,,1,,Europe/Prague,437
czptt,-SR70S-CZ-34464-3,Ostravice,49.537754,18.393591,train,0,-SR70ST-CZ-34464,,,,CZ,,3,,Europe/Prague,47
czptt,-SR70S-CZ-34465-1,Kralice nad Oslavou,49.192433,16.203678,train,0,-SR70ST-CZ-34465,,,,CZ,,1,,Europe/Prague,462
czptt,-SR70S-CZ-34465-3,Kralice nad Oslavou,49.192433,16.203678,train,0,-SR70ST-CZ-34465,,,,CZ,,3,,Europe/Prague,6
czptt,-SR70S-CZ-34472-1,Ostružná,50.182961,17.051049,train,0,-SR70ST-CZ-34472,,,,CZ,,1,,Europe/Prague,510
czptt,-SR70S-CZ-34472-3,Ostružná,50.182961,17.051049,train,0,-SR70ST-CZ-34472,,,,CZ,,3,,Europe/Prague,13
czptt,-SR70S-CZ-34475-1,Kroměříž,49.302111,17.404742,train,0,-SR70ST-CZ-34475,,,,CZ,,1,,Europe/Prague,331
czptt,-SR70S-CZ-34475-1a,Kroměříž,49.302111,17.404742,train,0,-SR70ST-CZ-34475,,,,CZ,,1a,,Europe/Prague,317
czptt,-SR70S-CZ-34475-2,Kroměříž,49.302111,17.404742,train,0,-SR70ST-CZ-34475,,,,CZ,,2,,Europe/Prague,9
czptt,-SR70S-CZ-34475-2a,Kroměříž,49.302111,17.404742,train,0,-SR70ST-CZ-34475,,,,CZ,,2a,,Europe/Prague,0
czptt,-SR70S-CZ-34475-3,Kroměříž,49.302111,17.404742,train,0,-SR70ST-CZ-34475,,,,CZ,,3,,Europe/Prague,0
czptt,-SR70S-CZ-34475-5,Kroměříž,49.302111,17.404742,train,0,-SR70ST-CZ-34475,,,,CZ,,5,,Europe/Prague,74
czptt,-SR70S-CZ-34475-5a,Kroměříž,49.302111,17.404742,train,0,-SR70ST-CZ-34475,,,,CZ,,5a,,Europe/Prague,38
czptt,-SR70S-CZ-34475-9,Kroměříž,49.302111,17.404742,train,0,-SR70ST-CZ-34475,,,,CZ,,9,,Europe/Prague,126
czptt,-SR70S-CZ-34482,Ramzová,50.193739,17.063576,train,0,,,,,CZ,,,,Europe/Prague,523
czptt,-SR70S-CZ-34485,Bezměrov,49.332079,17.338759,train,0,,,,,CZ,,,,Europe/Prague,431
czptt,-SR70S-CZ-34494,Ostravice zastávka,49.550546,18.380328,train,0,,,,,CZ,,,,Europe/Prague,448
czptt,-SR70S-CZ-34495,Jarohněvice,49.263405,17.380602,train,0,,,,,CZ,,,,Europe/Prague,133
czptt,-SR70S-CZ-34505,Kotojedy,49.284229,17.403588,train,0,,,,,CZ,,,,Europe/Prague,126
czptt,-SR70S-CZ-34512,Rapotín zastávka z,50.009444,17.031262,train,0,,,,,CZ,,,,Europe/Prague,817
czptt,-SR70S-CZ-34514-1,Paskov,49.736383,18.303272,train,0,-SR70ST-CZ-34514,,,,CZ,,1,,Europe/Prague,965
czptt,-SR70S-CZ-34514-1a,Paskov,49.736383,18.303272,train,0,-SR70ST-CZ-34514,,,,CZ,,1a,,Europe/Prague,1
czptt,-SR70S-CZ-34514-2,Paskov,49.736383,18.303272,train,0,-SR70ST-CZ-34514,,,,CZ,,2,,Europe/Prague,81
czptt,-SR70S-CZ-34515,Postoupky,49.321079,17.360408,train,0,,,,,CZ,,,,Europe/Prague,431
czptt,-SR70S-CZ-34522-1,Petrov nad Desnou,50.000756,17.030366,train,0,-SR70ST-CZ-34522,,,,CZ,,1,,Europe/Prague,825
czptt,-SR70S-CZ-34522-2,Petrov nad Desnou,50.000756,17.030366,train,0,-SR70ST-CZ-34522,,,,CZ,,2,,Europe/Prague,124
czptt,-SR70S-CZ-34522-3,Petrov nad Desnou,50.000756,17.030366,train,0,-SR70ST-CZ-34522,,,,CZ,,3,,Europe/Prague,43
czptt,-SR70S-CZ-34522-4,Petrov nad Desnou,50.000756,17.030366,train,0,-SR70ST-CZ-34522,,,,CZ,,4,,Europe/Prague,2
czptt,-SR70S-CZ-34524-1,Petrovice u Karviné,49.893975,18.550339,train,0,-SR70ST-CZ-34524,,,,CZ,,1,,Europe/Prague,0
czptt,-SR70S-CZ-34524-10,Petrovice u Karviné,49.893975,18.550339,train,0,-SR70ST-CZ-34524,,,,CZ,,10,,Europe/Prague,0
czptt,-SR70S-CZ-34524-2,Petrovice u Karviné,49.893975,18.550339,train,0,-SR70ST-CZ-34524,,,,CZ,,2,,Europe/Prague,0
czptt,-SR70S-CZ-34524-6,Petrovice u Karviné,49.893975,18.550339,train,0,-SR70ST-CZ-34524,,,,CZ,,6,,Europe/Prague,0
czptt,-SR70S-CZ-34524-7,Petrovice u Karviné,49.893975,18.550339,train,0,-SR70ST-CZ-34524,,,,CZ,,7,,Europe/Prague,2
czptt,-SR70S-CZ-34524-9,Petrovice u Karviné,49.893975,18.550339,train,0,-SR70ST-CZ-34524,,,,CZ,,9,,Europe/Prague,77
czptt,-SR70S-CZ-34532,Rapotín z,50.014756,17.032882,train,0,,,,,CZ,,,,Europe/Prague,912
czptt,-SR70S-CZ-34534,Závada,49.897604,18.509352,train,0,,,,,CZ,,,,Europe/Prague,76
czptt,-SR70S-CZ-34535,Šelešovice,49.249741,17.36367,train,0,,,,,CZ,,,,Europe/Prague,133
czptt,-SR70S-CZ-34542-1,Velké Losiny,50.031793,17.042658,train,0,-SR70ST-CZ-34542,,,,CZ,,1,,Europe/Prague,438
czptt,-SR70S-CZ-34542-2,Velké Losiny,50.031793,17.042658,train,0,-SR70ST-CZ-34542,,,,CZ,,2,,Europe/Prague,474
czptt,-SR70S-CZ-34543,hr.VUSC 0710/0800 02,49.573712,17.864342,train,0,,,,,CZ,,,,Europe/Prague,3
czptt,-SR70S-CZ-34544-1,Polom,49.574206,17.856505,train,0,-SR70ST-CZ-34544,,,,CZ,,1,,Europe/Prague,188
czptt,-SR70S-CZ-34544-2,Polom,49.574206,17.856505,train,0,-SR70ST-CZ-34544,,,,CZ,,2,,Europe/Prague,116
czptt,-SR70S-CZ-34544-3,Polom,49.574206,17.856505,train,0,-SR70ST-CZ-34544,,,,CZ,,3,,Europe/Prague,0
czptt,-SR70S-CZ-34544-4,Polom,49.574206,17.856505,train,0,-SR70ST-CZ-34544,,,,CZ,,4,,Europe/Prague,21
czptt,-SR70S-CZ-34545-1,Křenovice hor.n.,49.14357,16.82459,train,0,-SR70ST-CZ-34545,,,,CZ,,1,,Europe/Prague,487
czptt,-SR70S-CZ-34545-2,Křenovice hor.n.,49.14357,16.82459,train,0,-SR70ST-CZ-34545,,,,CZ,,2,,Europe/Prague,139
czptt,-SR70S-CZ-34545-3,Křenovice hor.n.,49.14357,16.82459,train,0,-SR70ST-CZ-34545,,,,CZ,,3,,Europe/Prague,14
czptt,-SR70S-CZ-34552,Velké Losiny zast. z,50.040053,17.055879,train,0,,,,,CZ,,,,Europe/Prague,853
czptt,-SR70S-CZ-34553,Velké Losiny zámek,50.025096,17.037336,train,0,,,,,CZ,,,,Europe/Prague,648
czptt,-SR70S-CZ-34554,Bělotín,49.583581,17.800216,train,0,,,,,CZ,,,,Europe/Prague,327
czptt,-SR70S-CZ-34555,Hostěrádky-Rešov,49.120117,16.783143,train,0,,,,,CZ,,,,Europe/Prague,490
czptt,-SR70S-CZ-34562-1,Písečná,50.278813,17.259921,train,0,-SR70ST-CZ-34562,,,,CZ,,1,,Europe/Prague,237
czptt,-SR70S-CZ-34565,Zbýšov,49.132789,16.806991,train,0,,,,,CZ,,,,Europe/Prague,490
czptt,-SR70S-CZ-34567,Troubelice střed,49.813333,17.076257,train,0,,,,,CZ,,,,Europe/Prague,500
czptt,-SR70S-CZ-34572,Česká Ves,50.253071,17.215258,train,0,,,,,CZ,,,,Europe/Prague,25
czptt,-SR70S-CZ-34574-1,Příbor,49.635933,18.142237,train,0,-SR70ST-CZ-34574,,,,CZ,,1,,Europe/Prague,469
czptt,-SR70S-CZ-34574-3,Příbor,49.635933,18.142237,train,0,-SR70ST-CZ-34574,,,,CZ,,3,,Europe/Prague,297
czptt,-SR70S-CZ-34575-1,Křižanov,49.385134,16.080264,train,0,-SR70ST-CZ-34575,,,,CZ,,1,,Europe/Prague,433
czptt,-SR70S-CZ-34575-2,Křižanov,49.385134,16.080264,train,0,-SR70ST-CZ-34575,,,,CZ,,2,,Europe/Prague,461
czptt,-SR70S-CZ-34575-3,Křižanov,49.385134,16.080264,train,0,-SR70ST-CZ-34575,,,,CZ,,3,,Europe/Prague,206
czptt,-SR70S-CZ-34575-4,Křižanov,49.385134,16.080264,train,0,-SR70ST-CZ-34575,,,,CZ,,4,,Europe/Prague,559
czptt,-SR70S-CZ-34575-5,Křižanov,49.385134,16.080264,train,0,-SR70ST-CZ-34575,,,,CZ,,5,,Europe/Prague,12
czptt,-SR70S-CZ-34582,Hradec-Nová Ves,50.286463,17.273887,train,0,,,,,CZ,,,,Europe/Prague,237
czptt,-SR70S-CZ-34584,Ropice,49.712472,18.616456,train,0,,,,,CZ,,,,Europe/Prague,565
czptt,-SR70S-CZ-34585,Ořechov,49.350478,16.13645,train,0,,,,,CZ,,,,Europe/Prague,383
czptt,-SR70S-CZ-34592,Česká Ves bazén,50.259869,17.22785,train,0,,,,,CZ,,,,Europe/Prague,237
czptt,-SR70S-CZ-34594,Ropice-Zálesí (Ropica-Zalesie),49.693557,18.59593,train,0,,,,,CZ,,,,Europe/Prague,565
czptt,-SR70S-CZ-34595,Kunovice,49.051887,17.470267,train,0,,,,,CZ,,,,Europe/Prague,0
czptt,-SR70S-CZ-34595-1,Kunovice,49.051887,17.470267,train,0,-SR70ST-CZ-34595,,,,CZ,,1,,Europe/Prague,557
czptt,-SR70S-CZ-34595-3,Kunovice,49.051887,17.470267,train,0,-SR70ST-CZ-34595,,,,CZ,,3,,Europe/Prague,71
czptt,-SR70S-CZ-34595-4,Kunovice,49.051887,17.470267,train,0,-SR70ST-CZ-34595,,,,CZ,,4,,Europe/Prague,75
czptt,-SR70S-CZ-34595-6,Kunovice,49.051887,17.470267,train,0,-SR70ST-CZ-34595,,,,CZ,,6,,Europe/Prague,2
czptt,-SR70S-CZ-34596,Kunovice výh.č. 19,49.050002,17.462951,train,0,,,,,CZ,,,,Europe/Prague,1
czptt,-SR70S-CZ-34603-1,"Mošnov, Ostrava Airport",49.693361,18.118666,train,0,-SR70ST-CZ-34603,,,,CZ,,1,,Europe/Prague,301
czptt,-SR70S-CZ-34603-3,"Mošnov, Ostrava Airport",49.693361,18.118666,train,0,-SR70ST-CZ-34603,,,,CZ,,3,,Europe/Prague,17
czptt,-SR70S-CZ-34604-1,Sedlnice,49.672876,18.103485,train,0,-SR70ST-CZ-34604,,,,CZ,,1,,Europe/Prague,7
czptt,-SR70S-CZ-34605,Kunovice zastávka,49.038271,17.461061,train,0,,,,,CZ,,,,Europe/Prague,670
czptt,-SR70S-CZ-34608,Sedlnice,49.676186,18.089675,train,0,,,,,CZ,,,,Europe/Prague,827
czptt,-SR70S-CZ-34614,Skotnice,49.656132,18.129008,train,0,,,,,CZ,,,,Europe/Prague,725
czptt,-SR70S-CZ-34615,Popovice u Uherského Hradiště,49.046472,17.526806,train,0,,,,,CZ,,,,Europe/Prague,532
czptt,-SR70S-CZ-34625,Vésky,49.042832,17.502912,train,0,,,,,CZ,,,,Europe/Prague,472
czptt,-SR70S-CZ-34636-1,Kunovice-Loučka,49.439644,17.818298,train,0,-SR70ST-CZ-34636,,,,CZ,,1,,Europe/Prague,368
czptt,-SR70S-CZ-34636-2,Kunovice-Loučka,49.439644,17.818298,train,0,-SR70ST-CZ-34636,,,,CZ,,2,,Europe/Prague,22
czptt,-SR70S-CZ-34642,Osek nad Bečvou,49.517074,17.523659,train,0,,,,,CZ,,,,Europe/Prague,803
czptt,-SR70S-CZ-34646,Podhradní Lhota,49.431873,17.797384,train,0,,,,,CZ,,,,Europe/Prague,89
czptt,-SR70S-CZ-34646-1,Podhradní Lhota,49.431873,17.797384,train,0,-SR70ST-CZ-34646,,,,CZ,,1,,Europe/Prague,348
czptt,-SR70S-CZ-34652-1,Prosenice,49.503024,17.484967,train,0,-SR70ST-CZ-34652,,,,CZ,,1,,Europe/Prague,415
czptt,-SR70S-CZ-34652-2,Prosenice,49.503024,17.484967,train,0,-SR70ST-CZ-34652,,,,CZ,,2,,Europe/Prague,388
czptt,-SR70S-CZ-34652-4,Prosenice,49.503024,17.484967,train,0,-SR70ST-CZ-34652,,,,CZ,,4,,Europe/Prague,0
czptt,-SR70S-CZ-34652-6,Prosenice,49.503024,17.484967,train,0,-SR70ST-CZ-34652,,,,CZ,,6,,Europe/Prague,0
czptt,-SR70S-CZ-34655-1,Kuřim,49.300968,16.534797,train,0,-SR70ST-CZ-34655,,,,CZ,,1,,Europe/Prague,962
czptt,-SR70S-CZ-34655-2,Kuřim,49.300968,16.534797,train,0,-SR70ST-CZ-34655,,,,CZ,,2,,Europe/Prague,1121
czptt,-SR70S-CZ-34655-3,Kuřim,49.300968,16.534797,train,0,-SR70ST-CZ-34655,,,,CZ,,3,,Europe/Prague,8
czptt,-SR70S-CZ-34655-4,Kuřim,49.300968,16.534797,train,0,-SR70ST-CZ-34655,,,,CZ,,4,,Europe/Prague,6
czptt,-SR70S-CZ-34655-6,Kuřim,49.300968,16.534797,train,0,-SR70ST-CZ-34655,,,,CZ,,6,,Europe/Prague,87
czptt,-SR70S-CZ-34662-1,Přerov,49.447115,17.445299,train,0,-SR70ST-CZ-34662,,,,CZ,,1,,Europe/Prague,36
czptt,-SR70S-CZ-34662-10,Přerov,49.447115,17.445299,train,0,-SR70ST-CZ-34662,,,,CZ,,10,,Europe/Prague,591
czptt,-SR70S-CZ-34662-12,Přerov,49.447115,17.445299,train,0,-SR70ST-CZ-34662,,,,CZ,,12,,Europe/Prague,24
czptt,-SR70S-CZ-34662-12a,Přerov,49.447115,17.445299,train,0,-SR70ST-CZ-34662,,,,CZ,,12a,,Europe/Prague,769
czptt,-SR70S-CZ-34662-14,Přerov,49.447115,17.445299,train,0,-SR70ST-CZ-34662,,,,CZ,,14,,Europe/Prague,15
czptt,-SR70S-CZ-34662-14a,Přerov,49.447115,17.445299,train,0,-SR70ST-CZ-34662,,,,CZ,,14a,,Europe/Prague,33
czptt,-SR70S-CZ-34662-18a,Přerov,49.447115,17.445299,train,0,-SR70ST-CZ-34662,,,,CZ,,18a,,Europe/Prague,1
czptt,-SR70S-CZ-34662-2,Přerov,49.447115,17.445299,train,0,-SR70ST-CZ-34662,,,,CZ,,2,,Europe/Prague,0
czptt,-SR70S-CZ-34662-3,Přerov,49.447115,17.445299,train,0,-SR70ST-CZ-34662,,,,CZ,,3,,Europe/Prague,1216
czptt,-SR70S-CZ-34662-3b,Přerov,49.447115,17.445299,train,0,-SR70ST-CZ-34662,,,,CZ,,3b,,Europe/Prague,3
czptt,-SR70S-CZ-34662-4,Přerov,49.447115,17.445299,train,0,-SR70ST-CZ-34662,,,,CZ,,4,,Europe/Prague,597
czptt,-SR70S-CZ-34662-5,Přerov,49.447115,17.445299,train,0,-SR70ST-CZ-34662,,,,CZ,,5,,Europe/Prague,176
czptt,-SR70S-CZ-34662-6,Přerov,49.447115,17.445299,train,0,-SR70ST-CZ-34662,,,,CZ,,6,,Europe/Prague,257
czptt,-SR70S-CZ-34662-8,Přerov,49.447115,17.445299,train,0,-SR70ST-CZ-34662,,,,CZ,,8,,Europe/Prague,276
czptt,-SR70S-CZ-34664-1,Skrochovice,50.018253,17.777105,train,0,-SR70ST-CZ-34664,,,,CZ,,1,,Europe/Prague,344
czptt,-SR70S-CZ-34664-3,Skrochovice,50.018253,17.777105,train,0,-SR70ST-CZ-34664,,,,CZ,,3,,Europe/Prague,114
czptt,-SR70S-CZ-34665,Česká,49.284873,16.566414,train,0,,,,,CZ,,,,Europe/Prague,1942
czptt,-SR70S-CZ-34672,Horní Moštěnice,49.415446,17.452478,train,0,,,,,CZ,,,,Europe/Prague,159
czptt,-SR70S-CZ-34674,Holasovice,50.000324,17.803908,train,0,,,,,CZ,,,,Europe/Prague,456
czptt,-SR70S-CZ-34675-1,Kyjov,49.016465,17.122979,train,0,-SR70ST-CZ-34675,,,,CZ,,1,,Europe/Prague,325
czptt,-SR70S-CZ-34675-2,Kyjov,49.016465,17.122979,train,0,-SR70ST-CZ-34675,,,,CZ,,2,,Europe/Prague,295
czptt,-SR70S-CZ-34675-4,Kyjov,49.016465,17.122979,train,0,-SR70ST-CZ-34675,,,,CZ,,4,,Europe/Prague,3
czptt,-SR70S-CZ-34675-5,Kyjov,49.016465,17.122979,train,0,-SR70ST-CZ-34675,,,,CZ,,5,,Europe/Prague,9
czptt,-SR70S-CZ-34675-6,Kyjov,49.016465,17.122979,train,0,-SR70ST-CZ-34675,,,,CZ,,6,,Europe/Prague,1
czptt,-SR70S-CZ-34684,Úvalno,50.04934,17.755017,train,0,,,,,CZ,,,,Europe/Prague,410
czptt,-SR70S-CZ-34685,Kyjov zastávka,49.00323,17.123831,train,0,,,,,CZ,,,,Europe/Prague,590
czptt,-SR70S-CZ-34693-102,Studénka nákl.n.,49.705025,18.051981,train,0,-SR70ST-CZ-34693,,,,CZ,,102,,Europe/Prague,3
czptt,-SR70S-CZ-34694-1,Studénka,49.707484,18.06624,train,0,-SR70ST-CZ-34694,,,,CZ,,1,,Europe/Prague,952
czptt,-SR70S-CZ-34694-12,Studénka,49.707484,18.06624,train,0,-SR70ST-CZ-34694,,,,CZ,,12,,Europe/Prague,167
czptt,-SR70S-CZ-34694-15,Studénka,49.707484,18.06624,train,0,-SR70ST-CZ-34694,,,,CZ,,15,,Europe/Prague,124
czptt,-SR70S-CZ-34694-17,Studénka,49.707484,18.06624,train,0,-SR70ST-CZ-34694,,,,CZ,,17,,Europe/Prague,41
czptt,-SR70S-CZ-34694-2,Studénka,49.707484,18.06624,train,0,-SR70ST-CZ-34694,,,,CZ,,2,,Europe/Prague,851
czptt,-SR70S-CZ-34694-3,Studénka,49.707484,18.06624,train,0,-SR70ST-CZ-34694,,,,CZ,,3,,Europe/Prague,500
czptt,-SR70S-CZ-34694-3a,Studénka,49.707484,18.06624,train,0,-SR70ST-CZ-34694,,,,CZ,,3a,,Europe/Prague,9
czptt,-SR70S-CZ-34694-4,Studénka,49.707484,18.06624,train,0,-SR70ST-CZ-34694,,,,CZ,,4,,Europe/Prague,131
czptt,-SR70S-CZ-34695-1,Lanžhot,48.732828,16.962579,train,0,-SR70ST-CZ-34695,,,,CZ,,1,,Europe/Prague,0
czptt,-SR70S-CZ-34702-1,Příkazy,49.638563,17.144405,train,0,-SR70ST-CZ-34702,,,,CZ,,1,,Europe/Prague,461
czptt,-SR70S-CZ-34702-2,Příkazy,49.638563,17.144405,train,0,-SR70ST-CZ-34702,,,,CZ,,2,,Europe/Prague,130
czptt,-SR70S-CZ-34705-1,Lednice,48.794076,16.801837,train,0,-SR70ST-CZ-34705,,,,CZ,,1,,Europe/Prague,58
czptt,-SR70S-CZ-34712,Skrbeň,49.638827,17.174448,train,0,,,,,CZ,,,,Europe/Prague,591
czptt,-SR70S-CZ-34715,Lednice rybníky,48.781081,16.803292,train,0,,,,,CZ,,,,Europe/Prague,58
czptt,-SR70S-CZ-34725-1,Letovice,49.556091,16.57084,train,0,-SR70ST-CZ-34725,,,,CZ,,1,,Europe/Prague,210
czptt,-SR70S-CZ-34725-2,Letovice,49.556091,16.57084,train,0,-SR70ST-CZ-34725,,,,CZ,,2,,Europe/Prague,400
czptt,-SR70S-CZ-34725-3a,Letovice,49.556091,16.57084,train,0,-SR70ST-CZ-34725,,,,CZ,,3a,,Europe/Prague,3
czptt,-SR70S-CZ-34725-3b,Letovice,49.556091,16.57084,train,0,-SR70ST-CZ-34725,,,,CZ,,3b,,Europe/Prague,52
czptt,-SR70S-CZ-34725-4,Letovice,49.556091,16.57084,train,0,-SR70ST-CZ-34725,,,,CZ,,4,,Europe/Prague,810
czptt,-SR70S-CZ-34725-4a,Letovice,49.556091,16.57084,train,0,-SR70ST-CZ-34725,,,,CZ,,4a,,Europe/Prague,1
czptt,-SR70S-CZ-34735,Letovice zastávka,49.535172,16.577238,train,0,,,,,CZ,,,,Europe/Prague,678
czptt,-SR70S-CZ-34745,Rozhraní,49.602359,16.532156,train,0,,,,,CZ,,,,Europe/Prague,296
czptt,-SR70S-CZ-34755-1,Luhačovice,49.09875,17.751453,train,0,-SR70ST-CZ-34755,,,,CZ,,1,,Europe/Prague,307
czptt,-SR70S-CZ-34755-2,Luhačovice,49.09875,17.751453,train,0,-SR70ST-CZ-34755,,,,CZ,,2,,Europe/Prague,47
czptt,-SR70S-CZ-34755-3,Luhačovice,49.09875,17.751453,train,0,-SR70ST-CZ-34755,,,,CZ,,3,,Europe/Prague,127
czptt,-SR70S-CZ-34765,Biskupice u Luhačovic,49.077038,17.716588,train,0,,,,,CZ,,,,Europe/Prague,205
czptt,-SR70S-CZ-34772,Hanušovice Holba,50.058584,16.923688,train,0,,,,,CZ,,,,Europe/Prague,354
czptt,-SR70S-CZ-34775,Polichno,49.068422,17.711118,train,0,,,,,CZ,,,,Europe/Prague,202
czptt,-SR70S-CZ-34782-1,Rožnov p.R.,49.460536,18.134551,train,0,-SR70ST-CZ-34782,,,,CZ,,1,,Europe/Prague,553
czptt,-SR70S-CZ-34782-2,Rožnov p.R.,49.460536,18.134551,train,0,-SR70ST-CZ-34782,,,,CZ,,2,,Europe/Prague,19
czptt,-SR70S-CZ-34785-1,Luka nad Jihlavou,49.369641,15.709813,train,0,-SR70ST-CZ-34785,,,,CZ,,1,,Europe/Prague,254
czptt,-SR70S-CZ-34785-2,Luka nad Jihlavou,49.369641,15.709813,train,0,-SR70ST-CZ-34785,,,,CZ,,2,,Europe/Prague,133
czptt,-SR70S-CZ-34792-1,Střítež nad Bečvou,49.465451,18.064076,train,0,-SR70ST-CZ-34792,,,,CZ,,1,,Europe/Prague,0
czptt,-SR70S-CZ-34792-2,Střítež nad Bečvou,49.465451,18.064076,train,0,-SR70ST-CZ-34792,,,,CZ,,2,,Europe/Prague,1
czptt,-SR70S-CZ-34795,Malý Beranov,49.402396,15.631569,train,0,,,,,CZ,,,,Europe/Prague,344
czptt,-SR70S-CZ-34802,Zubří,49.461119,18.093763,train,0,,,,,CZ,,,,Europe/Prague,571
czptt,-SR70S-CZ-34804-1,Suchdol nad Odrou,49.641659,17.937537,train,0,-SR70ST-CZ-34804,,,,CZ,,1,,Europe/Prague,797
czptt,-SR70S-CZ-34804-10,Suchdol nad Odrou,49.641659,17.937537,train,0,-SR70ST-CZ-34804,,,,CZ,,10,,Europe/Prague,391
czptt,-SR70S-CZ-34804-12,Suchdol nad Odrou,49.641659,17.937537,train,0,-SR70ST-CZ-34804,,,,CZ,,12,,Europe/Prague,3
czptt,-SR70S-CZ-34804-12b,Suchdol nad Odrou,49.641659,17.937537,train,0,-SR70ST-CZ-34804,,,,CZ,,12b,,Europe/Prague,1
czptt,-SR70S-CZ-34804-17,Suchdol nad Odrou,49.641659,17.937537,train,0,-SR70ST-CZ-34804,,,,CZ,,17,,Europe/Prague,90
czptt,-SR70S-CZ-34804-17a,Suchdol nad Odrou,49.641659,17.937537,train,0,-SR70ST-CZ-34804,,,,CZ,,17a,,Europe/Prague,90
czptt,-SR70S-CZ-34804-2,Suchdol nad Odrou,49.641659,17.937537,train,0,-SR70ST-CZ-34804,,,,CZ,,2,,Europe/Prague,689
czptt,-SR70S-CZ-34804-3,Suchdol nad Odrou,49.641659,17.937537,train,0,-SR70ST-CZ-34804,,,,CZ,,3,,Europe/Prague,106
czptt,-SR70S-CZ-34804-4,Suchdol nad Odrou,49.641659,17.937537,train,0,-SR70ST-CZ-34804,,,,CZ,,4,,Europe/Prague,136
czptt,-SR70S-CZ-34804-5,Suchdol nad Odrou,49.641659,17.937537,train,0,-SR70ST-CZ-34804,,,,CZ,,5,,Europe/Prague,3
czptt,-SR70S-CZ-34804-5a,Suchdol nad Odrou,49.641659,17.937537,train,0,-SR70ST-CZ-34804,,,,CZ,,5a,,Europe/Prague,1
czptt,-SR70S-CZ-34804-8,Suchdol nad Odrou,49.641659,17.937537,train,0,-SR70ST-CZ-34804,,,,CZ,,8,,Europe/Prague,132
czptt,-SR70S-CZ-34805,Bítovčice,49.362963,15.734761,train,0,,,,,CZ,,,,Europe/Prague,386
czptt,-SR70S-CZ-34812-1,Ruda nad Moravou,49.983886,16.888829,train,0,-SR70ST-CZ-34812,,,,CZ,,1,,Europe/Prague,643
czptt,-SR70S-CZ-34812-2,Ruda nad Moravou,49.983886,16.888829,train,0,-SR70ST-CZ-34812,,,,CZ,,2,,Europe/Prague,21
czptt,-SR70S-CZ-34812-2a,Ruda nad Moravou,49.983886,16.888829,train,0,-SR70ST-CZ-34812,,,,CZ,,2a,,Europe/Prague,7
czptt,-SR70S-CZ-34814,Hladké Životice místní nádraží,49.679886,17.950824,train,0,,,,,CZ,,,,Europe/Prague,117
czptt,-SR70S-CZ-34815-1,Luleč,49.248549,16.922839,train,0,-SR70ST-CZ-34815,,,,CZ,,1,,Europe/Prague,31
czptt,-SR70S-CZ-34822,Bartoňov,49.968817,16.875623,train,0,,,,,CZ,,,,Europe/Prague,351
czptt,-SR70S-CZ-34824,Jeseník nad Odrou,49.615713,17.902408,train,0,,,,,CZ,,,,Europe/Prague,327
czptt,-SR70S-CZ-34825-1,Lužice,48.827625,17.062182,train,0,-SR70ST-CZ-34825,,,,CZ,,1,,Europe/Prague,106
czptt,-SR70S-CZ-34825-2,Lužice,48.827625,17.062182,train,0,-SR70ST-CZ-34825,,,,CZ,,2,,Europe/Prague,106
czptt,-SR70S-CZ-34832-1,Rýmařov,49.929712,17.284331,train,0,-SR70ST-CZ-34832,,,,CZ,,1,,Europe/Prague,253
czptt,-SR70S-CZ-34837-1,Městečko Trnávka,49.715206,16.724522,train,0,-SR70ST-CZ-34837,,,,CZ,,1,,Europe/Prague,63
czptt,-SR70S-CZ-34837-2,Městečko Trnávka,49.715206,16.724522,train,0,-SR70ST-CZ-34837,,,,CZ,,2,,Europe/Prague,0
czptt,-SR70S-CZ-34842,Jamartice,49.934074,17.317936,train,0,,,,,CZ,,,,Europe/Prague,253
czptt,-SR70S-CZ-34844,Mankovice,49.635766,17.875883,train,0,,,,,CZ,,,,Europe/Prague,391
czptt,-SR70S-CZ-34847,Rozstání,49.728467,16.731127,train,0,,,,,CZ,,,,Europe/Prague,61
czptt,-SR70S-CZ-34850,Znojmo nemocnice,48.865414,16.048513,train,0,,,,,CZ,,,,Europe/Prague,450
czptt,-SR70S-CZ-34852,Velká Štáhle,49.930903,17.352223,train,0,,,,,CZ,,,,Europe/Prague,253
czptt,-SR70S-CZ-34854-1,Štítina,49.912571,18.008628,train,0,-SR70ST-CZ-34854,,,,CZ,,1,,Europe/Prague,926
czptt,-SR70S-CZ-34854-2,Štítina,49.912571,18.008628,train,0,-SR70ST-CZ-34854,,,,CZ,,2,,Europe/Prague,26
czptt,-SR70S-CZ-34854-3,Štítina,49.912571,18.008628,train,0,-SR70ST-CZ-34854,,,,CZ,,3,,Europe/Prague,2
czptt,-SR70S-CZ-34855-1,Mikulov na Moravě,48.802162,16.625374,train,0,-SR70ST-CZ-34855,,,,CZ,,1,,Europe/Prague,561
czptt,-SR70S-CZ-34855-2,Mikulov na Moravě,48.802162,16.625374,train,0,-SR70ST-CZ-34855,,,,CZ,,2,,Europe/Prague,20
czptt,-SR70S-CZ-34855-3,Mikulov na Moravě,48.802162,16.625374,train,0,-SR70ST-CZ-34855,,,,CZ,,3,,Europe/Prague,48
czptt,-SR70S-CZ-34855-4,Mikulov na Moravě,48.802162,16.625374,train,0,-SR70ST-CZ-34855,,,,CZ,,4,,Europe/Prague,74
czptt,-SR70S-CZ-34862-1,Senice na Hané,49.620735,17.099155,train,0,-SR70ST-CZ-34862,,,,CZ,,1,,Europe/Prague,635
czptt,-SR70S-CZ-34862-2,Senice na Hané,49.620735,17.099155,train,0,-SR70ST-CZ-34862,,,,CZ,,2,,Europe/Prague,265
czptt,-SR70S-CZ-34862-4,Senice na Hané,49.620735,17.099155,train,0,-SR70ST-CZ-34862,,,,CZ,,4,,Europe/Prague,73
czptt,-SR70S-CZ-34864,Mokré Lazce,49.909449,18.030939,train,0,,,,,CZ,,,,Europe/Prague,609
czptt,-SR70S-CZ-34865,Březí,48.813154,16.553505,train,0,,,,,CZ,,,,Europe/Prague,567
czptt,-SR70S-CZ-34872,Odrlice,49.643512,17.072111,train,0,,,,,CZ,,,,Europe/Prague,365
czptt,-SR70S-CZ-34874-3,Štramberk,49.582988,18.132517,train,0,-SR70ST-CZ-34874,,,,CZ,,3,,Europe/Prague,250
czptt,-SR70S-CZ-34874-5,Štramberk,49.582988,18.132517,train,0,-SR70ST-CZ-34874,,,,CZ,,5,,Europe/Prague,613
czptt,-SR70S-CZ-34875-1,Miroslav,48.935235,16.362521,train,0,-SR70ST-CZ-34875,,,,CZ,,1,,Europe/Prague,243
czptt,-SR70S-CZ-34875-2,Miroslav,48.935235,16.362521,train,0,-SR70ST-CZ-34875,,,,CZ,,2,,Europe/Prague,14
czptt,-SR70S-CZ-34875-3,Miroslav,48.935235,16.362521,train,0,-SR70ST-CZ-34875,,,,CZ,,3,,Europe/Prague,9
czptt,-SR70S-CZ-34882,Senice na Hané zastávka,49.632535,17.086633,train,0,,,,,CZ,,,,Europe/Prague,365
czptt,-SR70S-CZ-34884,Ženklava,49.564747,18.130919,train,0,,,,,CZ,,,,Europe/Prague,545
czptt,-SR70S-CZ-34885,Dolenice,48.912022,16.367898,train,0,,,,,CZ,,,,Europe/Prague,112
czptt,-SR70S-CZ-34892-1,Sobotín,50.017702,17.06678,train,0,-SR70ST-CZ-34892,,,,CZ,,1,,Europe/Prague,81
czptt,-SR70S-CZ-34894-1,Třemešná ve Slezsku,50.199451,17.574064,train,0,-SR70ST-CZ-34894,,,,CZ,,1,,Europe/Prague,320
czptt,-SR70S-CZ-34894-3,Třemešná ve Slezsku,50.199451,17.574064,train,0,-SR70ST-CZ-34894,,,,CZ,,3,,Europe/Prague,23
czptt,-SR70S-CZ-34902-1,Staré Město pod Sněžníkem,50.162258,16.942059,train,0,-SR70ST-CZ-34902,,,,CZ,,1,,Europe/Prague,217
czptt,-SR70S-CZ-34904,Dívčí Hrad,50.232488,17.644691,train,0,,,,,CZ,,,,Europe/Prague,78
czptt,-SR70S-CZ-34907-1,Mladějov na Moravě,49.825149,16.588196,train,0,-SR70ST-CZ-34907,,,,CZ,,1,,Europe/Prague,148
czptt,-SR70S-CZ-34907-2,Mladějov na Moravě,49.825149,16.588196,train,0,-SR70ST-CZ-34907,,,,CZ,,2,,Europe/Prague,159
czptt,-SR70S-CZ-34912,Střeň,49.697516,17.156059,train,0,,,,,CZ,,,,Europe/Prague,851
czptt,-SR70S-CZ-34914-1,Liptaň,50.223555,17.608732,train,0,-SR70ST-CZ-34914,,,,CZ,,1,,Europe/Prague,81
czptt,-SR70S-CZ-34917,Anenská Studánka,49.854564,16.556557,train,0,,,,,CZ,,,,Europe/Prague,297
czptt,-SR70S-CZ-34922,Petrov n.Des.zast. z,50.005171,17.042858,train,0,,,,,CZ,,,,Europe/Prague,81
czptt,-SR70S-CZ-34924-1,Třinec,49.687307,18.661884,train,0,-SR70ST-CZ-34924,,,,CZ,,1,,Europe/Prague,241
czptt,-SR70S-CZ-34924-2,Třinec,49.687307,18.661884,train,0,-SR70ST-CZ-34924,,,,CZ,,2,,Europe/Prague,249
czptt,-SR70S-CZ-34924-3,Třinec,49.687307,18.661884,train,0,-SR70ST-CZ-34924,,,,CZ,,3,,Europe/Prague,13
czptt,-SR70S-CZ-34924-4,Třinec,49.687307,18.661884,train,0,-SR70ST-CZ-34924,,,,CZ,,4,,Europe/Prague,17
czptt,-SR70S-CZ-34924-6b,Třinec,49.687307,18.661884,train,0,-SR70ST-CZ-34924,,,,CZ,,6b,,Europe/Prague,0
czptt,-SR70S-CZ-34927,Kunčina,49.796302,16.637832,train,0,,,,,CZ,,,,Europe/Prague,298
czptt,-SR70S-CZ-34932-1,Štěpánov,49.670958,17.221224,train,0,-SR70ST-CZ-34932,,,,CZ,,1,,Europe/Prague,425
czptt,-SR70S-CZ-34932-2,Štěpánov,49.670958,17.221224,train,0,-SR70ST-CZ-34932,,,,CZ,,2,,Europe/Prague,418
czptt,-SR70S-CZ-34932-3,Štěpánov,49.670958,17.221224,train,0,-SR70ST-CZ-34932,,,,CZ,,3,,Europe/Prague,0
czptt,-SR70S-CZ-34932-4,Štěpánov,49.670958,17.221224,train,0,-SR70ST-CZ-34932,,,,CZ,,4,,Europe/Prague,8
czptt,-SR70S-CZ-34934,Třinec-Konská (Trzyniec-Końska),49.702266,18.64094,train,0,,,,,CZ,,,,Europe/Prague,346
czptt,-SR70S-CZ-34937,Trpík,49.845156,16.569562,train,0,,,,,CZ,,,,Europe/Prague,297
czptt,-SR70S-CZ-34942-1,Šternberk,49.720558,17.285918,train,0,-SR70ST-CZ-34942,,,,CZ,,1,,Europe/Prague,768
czptt,-SR70S-CZ-34942-2,Šternberk,49.720558,17.285918,train,0,-SR70ST-CZ-34942,,,,CZ,,2,,Europe/Prague,11
czptt,-SR70S-CZ-34942-3,Šternberk,49.720558,17.285918,train,0,-SR70ST-CZ-34942,,,,CZ,,3,,Europe/Prague,342
czptt,-SR70S-CZ-34942-3a,Šternberk,49.720558,17.285918,train,0,-SR70ST-CZ-34942,,,,CZ,,3a,,Europe/Prague,0
czptt,-SR70S-CZ-34944,Třinec centrum,49.670531,18.68122,train,0,,,,,CZ,,,,Europe/Prague,880
czptt,-SR70S-CZ-34945-1,Modřice,49.133446,16.606178,train,0,-SR70ST-CZ-34945,,,,CZ,,1,,Europe/Prague,1099
czptt,-SR70S-CZ-34945-2,Modřice,49.133446,16.606178,train,0,-SR70ST-CZ-34945,,,,CZ,,2,,Europe/Prague,1267
czptt,-SR70S-CZ-34945-3,Modřice,49.133446,16.606178,train,0,-SR70ST-CZ-34945,,,,CZ,,3,,Europe/Prague,4
czptt,-SR70S-CZ-34945-4,Modřice,49.133446,16.606178,train,0,-SR70ST-CZ-34945,,,,CZ,,4,,Europe/Prague,5
czptt,-SR70S-CZ-34952,Mladějovice,49.758666,17.23474,train,0,,,,,CZ,,,,Europe/Prague,917
czptt,-SR70S-CZ-34955-1,Moravská Nová Ves,48.799313,17.021262,train,0,-SR70ST-CZ-34955,,,,CZ,,1,,Europe/Prague,122
czptt,-SR70S-CZ-34955-2,Moravská Nová Ves,48.799313,17.021262,train,0,-SR70ST-CZ-34955,,,,CZ,,2,,Europe/Prague,131
czptt,-SR70S-CZ-34962,Štarnov,49.683631,17.284766,train,0,,,,,CZ,,,,Europe/Prague,934
czptt,-SR70S-CZ-34967-1,Moravská Třebová,49.766663,16.666291,train,0,-SR70ST-CZ-34967,,,,CZ,,1,,Europe/Prague,278
czptt,-SR70S-CZ-34967-2,Moravská Třebová,49.766663,16.666291,train,0,-SR70ST-CZ-34967,,,,CZ,,2,,Europe/Prague,37
czptt,-SR70S-CZ-34972-1,Šumperk,49.96178,16.982494,train,0,-SR70ST-CZ-34972,,,,CZ,,1,,Europe/Prague,465
czptt,-SR70S-CZ-34972-1b,Šumperk,49.96178,16.982494,train,0,-SR70ST-CZ-34972,,,,CZ,,1b,,Europe/Prague,268
czptt,-SR70S-CZ-34972-2,Šumperk,49.96178,16.982494,train,0,-SR70ST-CZ-34972,,,,CZ,,2,,Europe/Prague,252
czptt,-SR70S-CZ-34972-2b,Šumperk,49.96178,16.982494,train,0,-SR70ST-CZ-34972,,,,CZ,,2b,,Europe/Prague,261
czptt,-SR70S-CZ-34972-3b,Šumperk,49.96178,16.982494,train,0,-SR70ST-CZ-34972,,,,CZ,,3b,,Europe/Prague,1
czptt,-SR70S-CZ-34972-4,Šumperk,49.96178,16.982494,train,0,-SR70ST-CZ-34972,,,,CZ,,4,,Europe/Prague,786
czptt,-SR70S-CZ-34972-5,Šumperk,49.96178,16.982494,train,0,-SR70ST-CZ-34972,,,,CZ,,5,,Europe/Prague,253
czptt,-SR70S-CZ-34972-5b,Šumperk,49.96178,16.982494,train,0,-SR70ST-CZ-34972,,,,CZ,,5b,,Europe/Prague,269
czptt,-SR70S-CZ-34972-7,Šumperk,49.96178,16.982494,train,0,-SR70ST-CZ-34972,,,,CZ,,7,,Europe/Prague,47
czptt,-SR70S-CZ-34973,Šumperk zastávka,49.949752,16.966699,train,0,,,,,CZ,,,,Europe/Prague,0
czptt,-SR70S-CZ-34975,Ostopovice,49.165294,16.543453,train,0,,,,,CZ,,,,Europe/Prague,782
czptt,-SR70S-CZ-34976,Brno-Starý Lískovec,49.162177,16.572272,train,0,,,,,CZ,,,,Europe/Prague,745
czptt,-SR70S-CZ-34977,Linhartice,49.751941,16.712678,train,0,,,,,CZ,,,,Europe/Prague,61
czptt,-SR70S-CZ-34982,Vikýřovice z,49.976893,17.013838,train,0,,,,,CZ,,,,Europe/Prague,941
czptt,-SR70S-CZ-34984-1,Veřovice,49.536925,18.133241,train,0,-SR70ST-CZ-34984,,,,CZ,,1,,Europe/Prague,177
czptt,-SR70S-CZ-34984-101,Veřovice,49.536925,18.133241,train,0,-SR70ST-CZ-34984,,,,CZ,,101,,Europe/Prague,547
czptt,-SR70S-CZ-34984-2,Veřovice,49.536925,18.133241,train,0,-SR70ST-CZ-34984,,,,CZ,,2,,Europe/Prague,158
czptt,-SR70S-CZ-34984-3,Veřovice,49.536925,18.133241,train,0,-SR70ST-CZ-34984,,,,CZ,,3,,Europe/Prague,161
czptt,-SR70S-CZ-34985-1,Moravské Bránice,49.085109,16.428978,train,0,-SR70ST-CZ-34985,,,,CZ,,1,,Europe/Prague,607
czptt,-SR70S-CZ-34985-2,Moravské Bránice,49.085109,16.428978,train,0,-SR70ST-CZ-34985,,,,CZ,,2,,Europe/Prague,575
czptt,-SR70S-CZ-34985-3,Moravské Bránice,49.085109,16.428978,train,0,-SR70ST-CZ-34985,,,,CZ,,3,,Europe/Prague,334
czptt,-SR70S-CZ-34985-4,Moravské Bránice,49.085109,16.428978,train,0,-SR70ST-CZ-34985,,,,CZ,,4,,Europe/Prague,165
czptt,-SR70S-CZ-34992,Teplice nad Bečvou,49.530008,17.748486,train,0,,,,,CZ,,,,Europe/Prague,624
czptt,-SR70S-CZ-34995,Ivančice letovisko,49.094714,16.40209,train,0,,,,,CZ,,,,Europe/Prague,651
czptt,-SR70S-CZ-35002-1,Troubelice,49.804367,17.076384,train,0,-SR70ST-CZ-35002,,,,CZ,,1,,Europe/Prague,0
czptt,-SR70S-CZ-35004-1,Vítkov,49.774222,17.747393,train,0,-SR70ST-CZ-35004,,,,CZ,,1,,Europe/Prague,222
czptt,-SR70S-CZ-35004-2,Vítkov,49.774222,17.747393,train,0,-SR70ST-CZ-35004,,,,CZ,,2,,Europe/Prague,95
czptt,-SR70S-CZ-35005,Moravské Budějovice,49.057574,15.809225,train,0,,,,,CZ,,,,Europe/Prague,0
czptt,-SR70S-CZ-35005-1,Moravské Budějovice,49.057574,15.809225,train,0,-SR70ST-CZ-35005,,,,CZ,,1,,Europe/Prague,411
czptt,-SR70S-CZ-35005-2,Moravské Budějovice,49.057574,15.809225,train,0,-SR70ST-CZ-35005,,,,CZ,,2,,Europe/Prague,110
czptt,-SR70S-CZ-35005-3,Moravské Budějovice,49.057574,15.809225,train,0,-SR70ST-CZ-35005,,,,CZ,,3,,Europe/Prague,4
czptt,-SR70S-CZ-35005-4,Moravské Budějovice,49.057574,15.809225,train,0,-SR70ST-CZ-35005,,,,CZ,,4,,Europe/Prague,22
czptt,-SR70S-CZ-35005-5,Moravské Budějovice,49.057574,15.809225,train,0,-SR70ST-CZ-35005,,,,CZ,,5,,Europe/Prague,41
czptt,-SR70S-CZ-35012,Nová Hradečná,49.835408,17.072259,train,0,,,,,CZ,,,,Europe/Prague,500
czptt,-SR70S-CZ-35013,AHr Nová Hradečná,49.830914,17.071095,train,0,,,,,CZ,,,,Europe/Prague,0
czptt,-SR70S-CZ-35014-1,Čermná ve Slezsku,49.788114,17.70946,train,0,-SR70ST-CZ-35014,,,,CZ,,1,,Europe/Prague,176
czptt,-SR70S-CZ-35015,Dědice,49.034273,15.725252,train,0,,,,,CZ,,,,Europe/Prague,61
czptt,-SR70S-CZ-35022,Troubelice zastávka,49.825527,17.067117,train,0,,,,,CZ,,,,Europe/Prague,500
czptt,-SR70S-CZ-35024,Klokočov,49.73772,17.76966,train,0,,,,,CZ,,,,Europe/Prague,316
czptt,-SR70S-CZ-35032,Babice u Šternberka,49.74094,17.268751,train,0,,,,,CZ,,,,Europe/Prague,901
czptt,-SR70S-CZ-35034-1,Vratimov,49.770765,18.302816,train,0,-SR70ST-CZ-35034,,,,CZ,,1,,Europe/Prague,553
czptt,-SR70S-CZ-35034-2,Vratimov,49.770765,18.302816,train,0,-SR70ST-CZ-35034,,,,CZ,,2,,Europe/Prague,493
czptt,-SR70S-CZ-35034-3,Vratimov,49.770765,18.302816,train,0,-SR70ST-CZ-35034,,,,CZ,,3,,Europe/Prague,2
czptt,-SR70S-CZ-35044-1,Ostrava-Vítkovice,49.801484,18.262381,train,0,-SR70ST-CZ-35044,,,,CZ,,1,,Europe/Prague,493
czptt,-SR70S-CZ-35044-2,Ostrava-Vítkovice,49.801484,18.262381,train,0,-SR70ST-CZ-35044,,,,CZ,,2,,Europe/Prague,522
czptt,-SR70S-CZ-35044-3,Ostrava-Vítkovice,49.801484,18.262381,train,0,-SR70ST-CZ-35044,,,,CZ,,3,,Europe/Prague,7
czptt,-SR70S-CZ-35044-4,Ostrava-Vítkovice,49.801484,18.262381,train,0,-SR70ST-CZ-35044,,,,CZ,,4,,Europe/Prague,51
czptt,-SR70S-CZ-35048,Vítkovice výh.č.1,49.803159,18.275491,train,0,,,,,CZ,,,,Europe/Prague,6
czptt,-SR70S-CZ-35055,Jackov,49.036729,15.764347,train,0,,,,,CZ,,,,Europe/Prague,61
czptt,-SR70S-CZ-35062-1,Třebčín,49.550575,17.118141,train,0,-SR70ST-CZ-35062,,,,CZ,,1,,Europe/Prague,162
czptt,-SR70S-CZ-35062-2,Třebčín,49.550575,17.118141,train,0,-SR70ST-CZ-35062,,,,CZ,,2,,Europe/Prague,144
czptt,-SR70S-CZ-35065,Lhotice u Jemnice,49.021964,15.606746,train,0,,,,,CZ,,,,Europe/Prague,62
czptt,-SR70S-CZ-35075,Rácovice,49.023864,15.686981,train,0,,,,,CZ,,,,Europe/Prague,61
czptt,-SR70S-CZ-35085-1,Třebelovice,49.020929,15.65771,train,0,-SR70ST-CZ-35085,,,,CZ,,1,,Europe/Prague,62
czptt,-SR70S-CZ-35095,Vesce,49.018956,15.831622,train,0,,,,,CZ,,,,Europe/Prague,386
czptt,-SR70S-CZ-35105-1,Moravský Krumlov,49.046452,16.338275,train,0,-SR70ST-CZ-35105,,,,CZ,,1,,Europe/Prague,646
czptt,-SR70S-CZ-35105-3,Moravský Krumlov,49.046452,16.338275,train,0,-SR70ST-CZ-35105,,,,CZ,,3,,Europe/Prague,258
czptt,-SR70S-CZ-35105-5,Moravský Krumlov,49.046452,16.338275,train,0,-SR70ST-CZ-35105,,,,CZ,,5,,Europe/Prague,0
czptt,-SR70S-CZ-35112-1,Uničov,49.779228,17.115785,train,0,-SR70ST-CZ-35112,,,,CZ,,1,,Europe/Prague,681
czptt,-SR70S-CZ-35112-1a,Uničov,49.779228,17.115785,train,0,-SR70ST-CZ-35112,,,,CZ,,1a,,Europe/Prague,27
czptt,-SR70S-CZ-35112-2,Uničov,49.779228,17.115785,train,0,-SR70ST-CZ-35112,,,,CZ,,2,,Europe/Prague,0
czptt,-SR70S-CZ-35112-4,Uničov,49.779228,17.115785,train,0,-SR70ST-CZ-35112,,,,CZ,,4,,Europe/Prague,339
czptt,-SR70S-CZ-35112-4a,Uničov,49.779228,17.115785,train,0,-SR70ST-CZ-35112,,,,CZ,,4a,,Europe/Prague,17
czptt,-SR70S-CZ-35122-1,Újezd u Uničova,49.775167,17.18667,train,0,-SR70ST-CZ-35122,,,,CZ,,1,,Europe/Prague,591
czptt,-SR70S-CZ-35122-3,Újezd u Uničova,49.775167,17.18667,train,0,-SR70ST-CZ-35122,,,,CZ,,3,,Europe/Prague,361
czptt,-SR70S-CZ-35125-1,Moravský Písek,48.978303,17.316008,train,0,-SR70ST-CZ-35125,,,,CZ,,1,,Europe/Prague,133
czptt,-SR70S-CZ-35125-2,Moravský Písek,48.978303,17.316008,train,0,-SR70ST-CZ-35125,,,,CZ,,2,,Europe/Prague,136
czptt,-SR70S-CZ-35125-3,Moravský Písek,48.978303,17.316008,train,0,-SR70ST-CZ-35125,,,,CZ,,3,,Europe/Prague,1
czptt,-SR70S-CZ-35125-4,Moravský Písek,48.978303,17.316008,train,0,-SR70ST-CZ-35125,,,,CZ,,4,,Europe/Prague,5
czptt,-SR70S-CZ-35125-6b,Moravský Písek,48.978303,17.316008,train,0,-SR70ST-CZ-35125,,,,CZ,,6b,,Europe/Prague,0
czptt,-SR70S-CZ-35125-6c,Moravský Písek,48.978303,17.316008,train,0,-SR70ST-CZ-35125,,,,CZ,,6c,,Europe/Prague,341
czptt,-SR70S-CZ-35132,Uničov zastávka,49.777532,17.145039,train,0,,,,,CZ,,,,Europe/Prague,967
czptt,-SR70S-CZ-35135,Moravský Písek zastávka,48.990937,17.329747,train,0,,,,,CZ,,,,Europe/Prague,132
czptt,-SR70S-CZ-35142-1,Valašská Polanka,49.257961,17.999491,train,0,-SR70ST-CZ-35142,,,,CZ,,1,,Europe/Prague,81
czptt,-SR70S-CZ-35142-2,Valašská Polanka,49.257961,17.999491,train,0,-SR70ST-CZ-35142,,,,CZ,,2,,Europe/Prague,176
czptt,-SR70S-CZ-35145-1,Mutěnice,48.904646,17.039869,train,0,-SR70ST-CZ-35145,,,,CZ,,1,,Europe/Prague,102
czptt,-SR70S-CZ-35145-2,Mutěnice,48.904646,17.039869,train,0,-SR70ST-CZ-35145,,,,CZ,,2,,Europe/Prague,86
czptt,-SR70S-CZ-35152,Lužná u Vsetína,49.242945,18.020108,train,0,,,,,CZ,,,,Europe/Prague,256
czptt,-SR70S-CZ-35155,Mutěnice zastávka,48.912085,17.026635,train,0,,,,,CZ,,,,Europe/Prague,179
czptt,-SR70S-CZ-35162-1,Valašské Meziříčí,49.474446,17.960948,train,0,-SR70ST-CZ-35162,,,,CZ,,1,,Europe/Prague,526
czptt,-SR70S-CZ-35162-2,Valašské Meziříčí,49.474446,17.960948,train,0,-SR70ST-CZ-35162,,,,CZ,,2,,Europe/Prague,370
czptt,-SR70S-CZ-35162-3,Valašské Meziříčí,49.474446,17.960948,train,0,-SR70ST-CZ-35162,,,,CZ,,3,,Europe/Prague,85
czptt,-SR70S-CZ-35162-4,Valašské Meziříčí,49.474446,17.960948,train,0,-SR70ST-CZ-35162,,,,CZ,,4,,Europe/Prague,525
czptt,-SR70S-CZ-35162-5,Valašské Meziříčí,49.474446,17.960948,train,0,-SR70ST-CZ-35162,,,,CZ,,5,,Europe/Prague,0
czptt,-SR70S-CZ-35162-6,Valašské Meziříčí,49.474446,17.960948,train,0,-SR70ST-CZ-35162,,,,CZ,,6,,Europe/Prague,296
czptt,-SR70S-CZ-35162-8,Valašské Meziříčí,49.474446,17.960948,train,0,-SR70ST-CZ-35162,,,,CZ,,8,,Europe/Prague,305
czptt,-SR70S-CZ-35162-8b,Valašské Meziříčí,49.474446,17.960948,train,0,-SR70ST-CZ-35162,,,,CZ,,8b,,Europe/Prague,18
czptt,-SR70S-CZ-35172,Brňov,49.437258,17.966967,train,0,,,,,CZ,,,,Europe/Prague,636
czptt,-SR70S-CZ-35175-1,Náměšť nad Oslavou,49.206984,16.147611,train,0,-SR70ST-CZ-35175,,,,CZ,,1,,Europe/Prague,439
czptt,-SR70S-CZ-35175-2,Náměšť nad Oslavou,49.206984,16.147611,train,0,-SR70ST-CZ-35175,,,,CZ,,2,,Europe/Prague,363
czptt,-SR70S-CZ-35175-3,Náměšť nad Oslavou,49.206984,16.147611,train,0,-SR70ST-CZ-35175,,,,CZ,,3,,Europe/Prague,675
czptt,-SR70S-CZ-35182,Hrachovec,49.476151,18.004947,train,0,,,,,CZ,,,,Europe/Prague,134
czptt,-SR70S-CZ-35182-1,Hrachovec,49.476151,18.004947,train,0,-SR70ST-CZ-35182,,,,CZ,,1,,Europe/Prague,419
czptt,-SR70S-CZ-35185-1,Napajedla,49.163228,17.504746,train,0,-SR70ST-CZ-35185,,,,CZ,,1,,Europe/Prague,88
czptt,-SR70S-CZ-35185-2,Napajedla,49.163228,17.504746,train,0,-SR70ST-CZ-35185,,,,CZ,,2,,Europe/Prague,94
czptt,-SR70S-CZ-35192,Krhová,49.477016,17.989896,train,0,,,,,CZ,,,,Europe/Prague,558
czptt,-SR70S-CZ-35195,Spytihněv,49.142271,17.49504,train,0,,,,,CZ,,,,Europe/Prague,184
czptt,-SR70S-CZ-35202-1,Lhotka nad Bečvou,49.504083,17.933033,train,0,-SR70ST-CZ-35202,,,,CZ,,1,,Europe/Prague,336
czptt,-SR70S-CZ-35202-2,Lhotka nad Bečvou,49.504083,17.933033,train,0,-SR70ST-CZ-35202,,,,CZ,,2,,Europe/Prague,295
czptt,-SR70S-CZ-35202-4,Lhotka nad Bečvou,49.504083,17.933033,train,0,-SR70ST-CZ-35202,,,,CZ,,4,,Europe/Prague,0
czptt,-SR70S-CZ-35205-1,Nedakonice,49.032568,17.375089,train,0,-SR70ST-CZ-35205,,,,CZ,,1,,Europe/Prague,68
czptt,-SR70S-CZ-35205-2,Nedakonice,49.032568,17.375089,train,0,-SR70ST-CZ-35205,,,,CZ,,2,,Europe/Prague,65
czptt,-SR70S-CZ-35206,hr.VUSC 0640/0720 02,49.007055,17.347289,train,0,,,,,CZ,,,,Europe/Prague,0
czptt,-SR70S-CZ-35212-1,Zašová,49.467878,18.041909,train,0,-SR70ST-CZ-35212,,,,CZ,,1,,Europe/Prague,571
czptt,-SR70S-CZ-35215-1,Nedvědice,49.454437,16.336103,train,0,-SR70ST-CZ-35215,,,,CZ,,1,,Europe/Prague,316
czptt,-SR70S-CZ-35215-2,Nedvědice,49.454437,16.336103,train,0,-SR70ST-CZ-35215,,,,CZ,,2,,Europe/Prague,135
czptt,-SR70S-CZ-35222-1,Valšov,49.933466,17.437098,train,0,-SR70ST-CZ-35222,,,,CZ,,1,,Europe/Prague,812
czptt,-SR70S-CZ-35222-2,Valšov,49.933466,17.437098,train,0,-SR70ST-CZ-35222,,,,CZ,,2,,Europe/Prague,17
czptt,-SR70S-CZ-35225,Doubravník,49.428338,16.351623,train,0,,,,,CZ,,,,Europe/Prague,417
czptt,-SR70S-CZ-35232,Břidličná lesy,49.917944,17.402804,train,0,,,,,CZ,,,,Europe/Prague,253
czptt,-SR70S-CZ-35235-1,Němčice nad Hanou,49.34495,17.216621,train,0,-SR70ST-CZ-35235,,,,CZ,,1,,Europe/Prague,563
czptt,-SR70S-CZ-35235-3,Němčice nad Hanou,49.34495,17.216621,train,0,-SR70ST-CZ-35235,,,,CZ,,3,,Europe/Prague,319
czptt,-SR70S-CZ-35242-1,Vápenná,50.284183,17.094659,train,0,-SR70ST-CZ-35242,,,,CZ,,1,,Europe/Prague,323
czptt,-SR70S-CZ-35242-2,Vápenná,50.284183,17.094659,train,0,-SR70ST-CZ-35242,,,,CZ,,2,,Europe/Prague,51
czptt,-SR70S-CZ-35245-1,Nemotice,49.132989,17.114248,train,0,-SR70ST-CZ-35245,,,,CZ,,1,,Europe/Prague,287
czptt,-SR70S-CZ-35245-2,Nemotice,49.132989,17.114248,train,0,-SR70ST-CZ-35245,,,,CZ,,2,,Europe/Prague,258
czptt,-SR70S-CZ-35245-3,Nemotice,49.132989,17.114248,train,0,-SR70ST-CZ-35245,,,,CZ,,3,,Europe/Prague,19
czptt,-SR70S-CZ-35255,Jestřabice,49.08802,17.11308,train,0,,,,,CZ,,,,Europe/Prague,230
czptt,-SR70S-CZ-35265-1,Nesovice,49.149313,17.080614,train,0,-SR70ST-CZ-35265,,,,CZ,,1,,Europe/Prague,308
czptt,-SR70S-CZ-35265-2,Nesovice,49.149313,17.080614,train,0,-SR70ST-CZ-35265,,,,CZ,,2,,Europe/Prague,288
czptt,-SR70S-CZ-35265-3,Nesovice,49.149313,17.080614,train,0,-SR70ST-CZ-35265,,,,CZ,,3,,Europe/Prague,0
czptt,-SR70S-CZ-35265-3a,Nesovice,49.149313,17.080614,train,0,-SR70ST-CZ-35265,,,,CZ,,3a,,Europe/Prague,27
czptt,-SR70S-CZ-35272,Karolinka zastávka,49.350377,18.231905,train,0,,,,,CZ,,,,Europe/Prague,367
czptt,-SR70S-CZ-35275,Brankovice,49.150297,17.133623,train,0,,,,,CZ,,,,Europe/Prague,314
czptt,-SR70S-CZ-35282-1,Velká Bystřice,49.59345,17.34503,train,0,-SR70ST-CZ-35282,,,,CZ,,1,,Europe/Prague,380
czptt,-SR70S-CZ-35282-2,Velká Bystřice,49.59345,17.34503,train,0,-SR70ST-CZ-35282,,,,CZ,,2,,Europe/Prague,3
czptt,-SR70S-CZ-35282-3,Velká Bystřice,49.59345,17.34503,train,0,-SR70ST-CZ-35282,,,,CZ,,3,,Europe/Prague,121
czptt,-SR70S-CZ-35285-1,Nezamyslice,49.335712,17.161526,train,0,-SR70ST-CZ-35285,,,,CZ,,1,,Europe/Prague,1104
czptt,-SR70S-CZ-35285-2,Nezamyslice,49.335712,17.161526,train,0,-SR70ST-CZ-35285,,,,CZ,,2,,Europe/Prague,470
czptt,-SR70S-CZ-35285-2a,Nezamyslice,49.335712,17.161526,train,0,-SR70ST-CZ-35285,,,,CZ,,2a,,Europe/Prague,50
czptt,-SR70S-CZ-35285-3,Nezamyslice,49.335712,17.161526,train,0,-SR70ST-CZ-35285,,,,CZ,,3,,Europe/Prague,80
czptt,-SR70S-CZ-35285-4,Nezamyslice,49.335712,17.161526,train,0,-SR70ST-CZ-35285,,,,CZ,,4,,Europe/Prague,699
czptt,-SR70S-CZ-35285-5,Nezamyslice,49.335712,17.161526,train,0,-SR70ST-CZ-35285,,,,CZ,,5,,Europe/Prague,8
czptt,-SR70S-CZ-35292,Bystrovany,49.598793,17.322551,train,0,,,,,CZ,,,,Europe/Prague,479
czptt,-SR70S-CZ-35295,Chvalkovice na Hané,49.32121,17.111255,train,0,,,,,CZ,,,,Europe/Prague,455
czptt,-SR70S-CZ-35302,Velká Bystřice zastávka,49.597705,17.36472,train,0,,,,,CZ,,,,Europe/Prague,498
czptt,-SR70S-CZ-35312-1,Velké Karlovice,49.362278,18.30221,train,0,-SR70ST-CZ-35312,,,,CZ,,1,,Europe/Prague,367
czptt,-SR70S-CZ-35322-1,Karolinka,49.350403,18.245698,train,0,-SR70ST-CZ-35322,,,,CZ,,1,,Europe/Prague,367
czptt,-SR70S-CZ-35332,Velké Karlovice zastávka,49.358689,18.285997,train,0,,,,,CZ,,,,Europe/Prague,367
czptt,-SR70S-CZ-35342-1,Vrbátky,49.501672,17.197994,train,0,-SR70ST-CZ-35342,,,,CZ,,1,,Europe/Prague,642
czptt,-SR70S-CZ-35342-2,Vrbátky,49.501672,17.197994,train,0,-SR70ST-CZ-35342,,,,CZ,,2,,Europe/Prague,45
czptt,-SR70S-CZ-35342-3,Vrbátky,49.501672,17.197994,train,0,-SR70ST-CZ-35342,,,,CZ,,3,,Europe/Prague,3
czptt,-SR70S-CZ-35352,Kraličky,49.486396,17.180946,train,0,,,,,CZ,,,,Europe/Prague,688
czptt,-SR70S-CZ-35362-1,Vrbno pod Pradědem,50.117852,17.387844,train,0,-SR70ST-CZ-35362,,,,CZ,,1,,Europe/Prague,241
czptt,-SR70S-CZ-35365-1,Nezdenice,49.022118,17.748929,train,0,-SR70ST-CZ-35365,,,,CZ,,1,,Europe/Prague,588
czptt,-SR70S-CZ-35365-2,Nezdenice,49.022118,17.748929,train,0,-SR70ST-CZ-35365,,,,CZ,,2,,Europe/Prague,35
czptt,-SR70S-CZ-35372-1,Karlovice,50.104824,17.439354,train,0,-SR70ST-CZ-35372,,,,CZ,,1,,Europe/Prague,241
czptt,-SR70S-CZ-35375,Záhorovice,49.021275,17.778121,train,0,,,,,CZ,,,,Europe/Prague,623
czptt,-SR70S-CZ-35382,Pocheň z,50.075004,17.448235,train,0,,,,,CZ,,,,Europe/Prague,241
czptt,-SR70S-CZ-35385-1,N. Město na M.,49.568511,16.08052,train,0,-SR70ST-CZ-35385,,,,CZ,,1,,Europe/Prague,331
czptt,-SR70S-CZ-35385-3,N. Město na M.,49.568511,16.08052,train,0,-SR70ST-CZ-35385,,,,CZ,,3,,Europe/Prague,141
czptt,-SR70S-CZ-35392,Skrbovice z,50.052116,17.484334,train,0,,,,,CZ,,,,Europe/Prague,241
czptt,-SR70S-CZ-35395,Nové Město na Moravě zastávka,49.564795,16.060182,train,0,,,,,CZ,,,,Europe/Prague,456
czptt,-SR70S-CZ-35402-1,Široká Niva,50.066549,17.473433,train,0,-SR70ST-CZ-35402,,,,CZ,,1,,Europe/Prague,241
czptt,-SR70S-CZ-35405,Olešná na Moravě,49.561678,16.123956,train,0,,,,,CZ,,,,Europe/Prague,295
czptt,-SR70S-CZ-35412,Vrbno p.Prad.zast. z,50.114298,17.398042,train,0,,,,,CZ,,,,Europe/Prague,241
czptt,-SR70S-CZ-35415-1,Novosedly,48.825731,16.494162,train,0,-SR70ST-CZ-35415,,,,CZ,,1,,Europe/Prague,476
czptt,-SR70S-CZ-35415-2,Novosedly,48.825731,16.494162,train,0,-SR70ST-CZ-35415,,,,CZ,,2,,Europe/Prague,36
czptt,-SR70S-CZ-35422,Karlovice zast. z,50.107621,17.427666,train,0,,,,,CZ,,,,Europe/Prague,241
czptt,-SR70S-CZ-35425,Jevišovka,48.820226,16.467697,train,0,,,,,CZ,,,,Europe/Prague,472
czptt,-SR70S-CZ-35435,Dobré Pole,48.820219,16.533271,train,0,,,,,CZ,,,,Europe/Prague,483
czptt,-SR70S-CZ-35442-1,Vsetín,49.335427,17.99336,train,0,-SR70ST-CZ-35442,,,,CZ,,1,,Europe/Prague,164
czptt,-SR70S-CZ-35442-2,Vsetín,49.335427,17.99336,train,0,-SR70ST-CZ-35442,,,,CZ,,2,,Europe/Prague,129
czptt,-SR70S-CZ-35442-3,Vsetín,49.335427,17.99336,train,0,-SR70ST-CZ-35442,,,,CZ,,3,,Europe/Prague,8
czptt,-SR70S-CZ-35442-4,Vsetín,49.335427,17.99336,train,0,-SR70ST-CZ-35442,,,,CZ,,4,,Europe/Prague,463
czptt,-SR70S-CZ-35442-4a,Vsetín,49.335427,17.99336,train,0,-SR70ST-CZ-35442,,,,CZ,,4a,,Europe/Prague,62
czptt,-SR70S-CZ-35442-4b,Vsetín,49.335427,17.99336,train,0,-SR70ST-CZ-35442,,,,CZ,,4b,,Europe/Prague,609
czptt,-SR70S-CZ-35442-6,Vsetín,49.335427,17.99336,train,0,-SR70ST-CZ-35442,,,,CZ,,6,,Europe/Prague,80
czptt,-SR70S-CZ-35442-6b,Vsetín,49.335427,17.99336,train,0,-SR70ST-CZ-35442,,,,CZ,,6b,,Europe/Prague,0
czptt,-SR70S-CZ-35442-9,Vsetín,49.335427,17.99336,train,0,-SR70ST-CZ-35442,,,,CZ,,9,,Europe/Prague,64
czptt,-SR70S-CZ-35443-1a,Vsetín-Bečva,49.320084,17.994553,train,0,-SR70ST-CZ-35443,,,,CZ,,1a,,Europe/Prague,0
czptt,-SR70S-CZ-35443-2a,Vsetín-Bečva,49.320084,17.994553,train,0,-SR70ST-CZ-35443,,,,CZ,,2a,,Europe/Prague,0
czptt,-SR70S-CZ-35445-1,Okříšky,49.248019,15.770859,train,0,-SR70ST-CZ-35445,,,,CZ,,1,,Europe/Prague,1424
czptt,-SR70S-CZ-35445-10,Okříšky,49.248019,15.770859,train,0,-SR70ST-CZ-35445,,,,CZ,,10,,Europe/Prague,18
czptt,-SR70S-CZ-35445-2,Okříšky,49.248019,15.770859,train,0,-SR70ST-CZ-35445,,,,CZ,,2,,Europe/Prague,264
czptt,-SR70S-CZ-35445-3,Okříšky,49.248019,15.770859,train,0,-SR70ST-CZ-35445,,,,CZ,,3,,Europe/Prague,328
czptt,-SR70S-CZ-35445-3a,Okříšky,49.248019,15.770859,train,0,-SR70ST-CZ-35445,,,,CZ,,3a,,Europe/Prague,2
czptt,-SR70S-CZ-35452-1,Hovězí,49.304896,18.059691,train,0,-SR70ST-CZ-35452,,,,CZ,,1,,Europe/Prague,359
czptt,-SR70S-CZ-35452-2,Hovězí,49.304896,18.059691,train,0,-SR70ST-CZ-35452,,,,CZ,,2,,Europe/Prague,8
czptt,-SR70S-CZ-35455,Hvězdoňovice,49.22284,15.758378,train,0,,,,,CZ,,,,Europe/Prague,355
czptt,-SR70S-CZ-35462,Janová,49.308126,18.020051,train,0,,,,,CZ,,,,Europe/Prague,368
czptt,-SR70S-CZ-35465-1,Olbramkostel,48.903071,15.949756,train,0,-SR70ST-CZ-35465,,,,CZ,,1,,Europe/Prague,365
czptt,-SR70S-CZ-35465-2,Olbramkostel,48.903071,15.949756,train,0,-SR70ST-CZ-35465,,,,CZ,,2,,Europe/Prague,16
czptt,-SR70S-CZ-35472,Leskovec,49.286796,18.000988,train,0,,,,,CZ,,,,Europe/Prague,256
czptt,-SR70S-CZ-35475-1a,Osíčko,49.423075,17.742459,train,0,-SR70ST-CZ-35475,,,,CZ,,1a,,Europe/Prague,0
czptt,-SR70S-CZ-35475-1b,Osíčko,49.423075,17.742459,train,0,-SR70ST-CZ-35475,,,,CZ,,1b,,Europe/Prague,399
czptt,-SR70S-CZ-35475-1c,Osíčko,49.423075,17.742459,train,0,-SR70ST-CZ-35475,,,,CZ,,1c,,Europe/Prague,4
czptt,-SR70S-CZ-35475-3b,Osíčko,49.423075,17.742459,train,0,-SR70ST-CZ-35475,,,,CZ,,3b,,Europe/Prague,20
czptt,-SR70S-CZ-35485,Oslavany,49.119032,16.346253,train,0,,,,,CZ,,,,Europe/Prague,0
czptt,-SR70S-CZ-35485-1,Oslavany,49.119032,16.346253,train,0,-SR70ST-CZ-35485,,,,CZ,,1,,Europe/Prague,1
czptt,-SR70S-CZ-35492,Ústí u Vsetína zastávka,49.309776,18.003326,train,0,,,,,CZ,,,,Europe/Prague,368
czptt,-SR70S-CZ-35495-1,Uherský Ostroh,48.981791,17.403419,train,0,-SR70ST-CZ-35495,,,,CZ,,1,,Europe/Prague,674
czptt,-SR70S-CZ-35495-2,Uherský Ostroh,48.981791,17.403419,train,0,-SR70ST-CZ-35495,,,,CZ,,2,,Europe/Prague,9
czptt,-SR70S-CZ-35495-3,Uherský Ostroh,48.981791,17.403419,train,0,-SR70ST-CZ-35495,,,,CZ,,3,,Europe/Prague,1
czptt,-SR70S-CZ-35502-1,Zábřeh na Moravě,49.87196,16.887454,train,0,-SR70ST-CZ-35502,,,,CZ,,1,,Europe/Prague,881
czptt,-SR70S-CZ-35502-2,Zábřeh na Moravě,49.87196,16.887454,train,0,-SR70ST-CZ-35502,,,,CZ,,2,,Europe/Prague,718
czptt,-SR70S-CZ-35502-5a,Zábřeh na Moravě,49.87196,16.887454,train,0,-SR70ST-CZ-35502,,,,CZ,,5a,,Europe/Prague,50
czptt,-SR70S-CZ-35502-5b,Zábřeh na Moravě,49.87196,16.887454,train,0,-SR70ST-CZ-35502,,,,CZ,,5b,,Europe/Prague,113
czptt,-SR70S-CZ-35502-6,Zábřeh na Moravě,49.87196,16.887454,train,0,-SR70ST-CZ-35502,,,,CZ,,6,,Europe/Prague,273
czptt,-SR70S-CZ-35502-6b,Zábřeh na Moravě,49.87196,16.887454,train,0,-SR70ST-CZ-35502,,,,CZ,,6b,,Europe/Prague,5
czptt,-SR70S-CZ-35502-6d,Zábřeh na Moravě,49.87196,16.887454,train,0,-SR70ST-CZ-35502,,,,CZ,,6d,,Europe/Prague,940
czptt,-SR70S-CZ-35502-6e,Zábřeh na Moravě,49.87196,16.887454,train,0,-SR70ST-CZ-35502,,,,CZ,,6e,,Europe/Prague,5
czptt,-SR70S-CZ-35502-8a,Zábřeh na Moravě,49.87196,16.887454,train,0,-SR70ST-CZ-35502,,,,CZ,,8a,,Europe/Prague,137
czptt,-SR70S-CZ-35505-1,Ostrov nad Oslavou,49.495817,15.991881,train,0,-SR70ST-CZ-35505,,,,CZ,,1,,Europe/Prague,130
czptt,-SR70S-CZ-35505-2,Ostrov nad Oslavou,49.495817,15.991881,train,0,-SR70ST-CZ-35505,,,,CZ,,2,,Europe/Prague,119
czptt,-SR70S-CZ-35512-1,Postřelmov,49.909568,16.922492,train,0,-SR70ST-CZ-35512,,,,CZ,,1,,Europe/Prague,1415
czptt,-SR70S-CZ-35512-2,Postřelmov,49.909568,16.922492,train,0,-SR70ST-CZ-35512,,,,CZ,,2,,Europe/Prague,100
czptt,-SR70S-CZ-35515,Zlín-Dlouhá,49.229254,17.672468,train,0,,,,,CZ,,,,Europe/Prague,324
czptt,-SR70S-CZ-35522-2,Zlaté Hory,50.259325,17.383144,train,0,-SR70ST-CZ-35522,,,,CZ,,2,,Europe/Prague,111
czptt,-SR70S-CZ-35525,Zlín-U mlýna,49.207663,17.584881,train,0,,,,,CZ,,,,Europe/Prague,363
czptt,-SR70S-CZ-35532,Ondřejovice zastávka,50.262959,17.354046,train,0,,,,,CZ,,,,Europe/Prague,111
czptt,-SR70S-CZ-35535,Zlín-Louky obchodní centrum,49.212604,17.614293,train,0,,,,,CZ,,,,Europe/Prague,0
czptt,-SR70S-CZ-35542,Zábřeh na Moravě zastávka,49.884826,16.889088,train,0,,,,,CZ,,,,Europe/Prague,1017
czptt,-SR70S-CZ-35555-1,Ostrožská Nová Ves,49.009672,17.436418,train,0,-SR70ST-CZ-35555,,,,CZ,,1,,Europe/Prague,609
czptt,-SR70S-CZ-35555-3,Ostrožská Nová Ves,49.009672,17.436418,train,0,-SR70ST-CZ-35555,,,,CZ,,3,,Europe/Prague,74
czptt,-SR70S-CZ-35565,Ostrožská Nová Ves lázně,49.018091,17.446152,train,0,,,,,CZ,,,,Europe/Prague,284
czptt,-SR70S-CZ-35572-1,Žulová,50.307889,17.102794,train,0,-SR70ST-CZ-35572,,,,CZ,,1,,Europe/Prague,339
czptt,-SR70S-CZ-35572-3,Žulová,50.307889,17.102794,train,0,-SR70ST-CZ-35572,,,,CZ,,3,,Europe/Prague,35
czptt,-SR70S-CZ-35575-1,Otrokovice,49.203782,17.530885,train,0,-SR70ST-CZ-35575,,,,CZ,,1,,Europe/Prague,381
czptt,-SR70S-CZ-35575-2,Otrokovice,49.203782,17.530885,train,0,-SR70ST-CZ-35575,,,,CZ,,2,,Europe/Prague,373
czptt,-SR70S-CZ-35575-3,Otrokovice,49.203782,17.530885,train,0,-SR70ST-CZ-35575,,,,CZ,,3,,Europe/Prague,81
czptt,-SR70S-CZ-35575-4,Otrokovice,49.203782,17.530885,train,0,-SR70ST-CZ-35575,,,,CZ,,4,,Europe/Prague,49
czptt,-SR70S-CZ-35575-5,Otrokovice,49.203782,17.530885,train,0,-SR70ST-CZ-35575,,,,CZ,,5,,Europe/Prague,1
czptt,-SR70S-CZ-35575-5b,Otrokovice,49.203782,17.530885,train,0,-SR70ST-CZ-35575,,,,CZ,,5b,,Europe/Prague,323
czptt,-SR70S-CZ-35575-5c,Otrokovice,49.203782,17.530885,train,0,-SR70ST-CZ-35575,,,,CZ,,5c,,Europe/Prague,0
czptt,-SR70S-CZ-35575-7b,Otrokovice,49.203782,17.530885,train,0,-SR70ST-CZ-35575,,,,CZ,,7b,,Europe/Prague,12
czptt,-SR70S-CZ-35582,Tomíkovice,50.322676,17.107691,train,0,,,,,CZ,,,,Europe/Prague,369
czptt,-SR70S-CZ-35585,Zlín-Malenovice zastávka,49.205601,17.574316,train,0,,,,,CZ,,,,Europe/Prague,343
czptt,-SR70S-CZ-35605-1,Podivín,48.838144,16.853286,train,0,-SR70ST-CZ-35605,,,,CZ,,1,,Europe/Prague,166
czptt,-SR70S-CZ-35605-2,Podivín,48.838144,16.853286,train,0,-SR70ST-CZ-35605,,,,CZ,,2,,Europe/Prague,174
czptt,-SR70S-CZ-35605-6,Podivín,48.838144,16.853286,train,0,-SR70ST-CZ-35605,,,,CZ,,6,,Europe/Prague,4
czptt,-SR70S-CZ-35615,Ladná,48.813218,16.8808,train,0,,,,,CZ,,,,Europe/Prague,129
czptt,-SR70S-CZ-35625,Rakvice,48.86741,16.820828,train,0,,,,,CZ,,,,Europe/Prague,202
czptt,-SR70S-CZ-35635,Otrokovice-Trávníky,49.200445,17.546598,train,0,,,,,CZ,,,,Europe/Prague,341
czptt,-SR70S-CZ-35637-1,Pohled,49.600221,15.657808,train,0,-SR70ST-CZ-35637,,,,CZ,,1,,Europe/Prague,161
czptt,-SR70S-CZ-35637-2,Pohled,49.600221,15.657808,train,0,-SR70ST-CZ-35637,,,,CZ,,2,,Europe/Prague,176
czptt,-SR70S-CZ-35647,Stříbrné Hory,49.597346,15.681998,train,0,,,,,CZ,,,,Europe/Prague,356
czptt,-SR70S-CZ-35685-1,Poštorná,48.750731,16.851984,train,0,-SR70ST-CZ-35685,,,,CZ,,1,,Europe/Prague,58
czptt,-SR70S-CZ-35695,Charvátská Nová Ves,48.760016,16.842089,train,0,,,,,CZ,,,,Europe/Prague,58
czptt,-SR70S-CZ-35705-1,Prostějov hl. n.,49.472043,17.129558,train,0,-SR70ST-CZ-35705,,,,CZ,,1,,Europe/Prague,904
czptt,-SR70S-CZ-35705-2,Prostějov hl. n.,49.472043,17.129558,train,0,-SR70ST-CZ-35705,,,,CZ,,2,,Europe/Prague,141
czptt,-SR70S-CZ-35705-3,Prostějov hl. n.,49.472043,17.129558,train,0,-SR70ST-CZ-35705,,,,CZ,,3,,Europe/Prague,349
czptt,-SR70S-CZ-35705-4,Prostějov hl. n.,49.472043,17.129558,train,0,-SR70ST-CZ-35705,,,,CZ,,4,,Europe/Prague,412
czptt,-SR70S-CZ-35705-6,Prostějov hl. n.,49.472043,17.129558,train,0,-SR70ST-CZ-35705,,,,CZ,,6,,Europe/Prague,322
czptt,-SR70S-CZ-35706,"vl. v km 0,714",49.477507,17.127018,train,0,,,,,CZ,,,,Europe/Prague,2
czptt,-SR70S-CZ-35712,Vrahovice,49.482818,17.150704,train,0,,,,,CZ,,,,Europe/Prague,688
czptt,-SR70S-CZ-35725,Prostějov místní nádraží,49.478924,17.111601,train,0,,,,,CZ,,,,Europe/Prague,83
czptt,-SR70S-CZ-35725-1,Prostějov místní nádraží,49.478924,17.111601,train,0,-SR70ST-CZ-35725,,,,CZ,,1,,Europe/Prague,531
czptt,-SR70S-CZ-35725-2,Prostějov místní nádraží,49.478924,17.111601,train,0,-SR70ST-CZ-35725,,,,CZ,,2,,Europe/Prague,5
czptt,-SR70S-CZ-35737-1,Přibyslav,49.569496,15.743913,train,0,-SR70ST-CZ-35737,,,,CZ,,1,,Europe/Prague,509
czptt,-SR70S-CZ-35737-2,Přibyslav,49.569496,15.743913,train,0,-SR70ST-CZ-35737,,,,CZ,,2,,Europe/Prague,513
czptt,-SR70S-CZ-35747,Přibyslav zastávka,49.578951,15.717945,train,0,,,,,CZ,,,,Europe/Prague,356
czptt,-SR70S-CZ-35757,Ronov nad Sázavou,49.566364,15.773877,train,0,,,,,CZ,,,,Europe/Prague,356
czptt,-SR70S-CZ-35765,Křemenec,49.572733,16.906045,train,0,,,,,CZ,,,,Europe/Prague,217
czptt,-SR70S-CZ-35767,Nížkov,49.555326,15.798639,train,0,,,,,CZ,,,,Europe/Prague,354
czptt,-SR70S-CZ-35775-1,Ptení,49.529564,16.957665,train,0,-SR70ST-CZ-35775,,,,CZ,,1,,Europe/Prague,158
czptt,-SR70S-CZ-35775-2,Ptení,49.529564,16.957665,train,0,-SR70ST-CZ-35775,,,,CZ,,2,,Europe/Prague,0
czptt,-SR70S-CZ-35775-3,Ptení,49.529564,16.957665,train,0,-SR70ST-CZ-35775,,,,CZ,,3,,Europe/Prague,159
czptt,-SR70S-CZ-35785,Čunín,49.563674,16.913419,train,0,,,,,CZ,,,,Europe/Prague,217
czptt,-SR70S-CZ-35795,Stražisko,49.542412,16.928771,train,0,,,,,CZ,,,,Europe/Prague,245
czptt,-SR70S-CZ-35805-1,Rájec-Jestřebí,49.406953,16.628058,train,0,-SR70ST-CZ-35805,,,,CZ,,1,,Europe/Prague,482
czptt,-SR70S-CZ-35805-2,Rájec-Jestřebí,49.406953,16.628058,train,0,-SR70ST-CZ-35805,,,,CZ,,2,,Europe/Prague,468
czptt,-SR70S-CZ-35805-3,Rájec-Jestřebí,49.406953,16.628058,train,0,-SR70ST-CZ-35805,,,,CZ,,3,,Europe/Prague,484
czptt,-SR70S-CZ-35815,Rajhrad,49.084627,16.605284,train,0,,,,,CZ,,,,Europe/Prague,2339
czptt,-SR70S-CZ-35825,Popovice u Rajhradu,49.10351,16.605613,train,0,,,,,CZ,,,,Europe/Prague,1252
czptt,-SR70S-CZ-35835-1,Rakšice,49.014266,16.345106,train,0,-SR70ST-CZ-35835,,,,CZ,,1,,Europe/Prague,729
czptt,-SR70S-CZ-35835-2,Rakšice,49.014266,16.345106,train,0,-SR70ST-CZ-35835,,,,CZ,,2,,Europe/Prague,2
czptt,-SR70S-CZ-35835-3,Rakšice,49.014266,16.345106,train,0,-SR70ST-CZ-35835,,,,CZ,,3,,Europe/Prague,12
czptt,-SR70S-CZ-35845,Bohutice,48.987922,16.356043,train,0,,,,,CZ,,,,Europe/Prague,719
czptt,-SR70S-CZ-35855-1,Rapotice,49.183458,16.257586,train,0,-SR70ST-CZ-35855,,,,CZ,,1,,Europe/Prague,294
czptt,-SR70S-CZ-35855-2,Rapotice,49.183458,16.257586,train,0,-SR70ST-CZ-35855,,,,CZ,,2,,Europe/Prague,170
czptt,-SR70S-CZ-35855-3,Rapotice,49.183458,16.257586,train,0,-SR70ST-CZ-35855,,,,CZ,,3,,Europe/Prague,195
czptt,-SR70S-CZ-35865,Vysoké Popovice,49.178369,16.291401,train,0,,,,,CZ,,,,Europe/Prague,622
czptt,-SR70S-CZ-35875-1,Rohatec,48.892687,17.198231,train,0,-SR70ST-CZ-35875,,,,CZ,,1,,Europe/Prague,115
czptt,-SR70S-CZ-35875-2,Rohatec,48.892687,17.198231,train,0,-SR70ST-CZ-35875,,,,CZ,,2,,Europe/Prague,269
czptt,-SR70S-CZ-35875-3,Rohatec,48.892687,17.198231,train,0,-SR70ST-CZ-35875,,,,CZ,,3,,Europe/Prague,249
czptt,-SR70S-CZ-35875-3a,Rohatec,48.892687,17.198231,train,0,-SR70ST-CZ-35875,,,,CZ,,3a,,Europe/Prague,7
czptt,-SR70S-CZ-35875-3b,Rohatec,48.892687,17.198231,train,0,-SR70ST-CZ-35875,,,,CZ,,3b,,Europe/Prague,1
czptt,-SR70S-CZ-35885,Rohatec zastávka,48.882666,17.177244,train,0,,,,,CZ,,,,Europe/Prague,512
czptt,-SR70S-CZ-35895,Rohatec kolonie,48.892564,17.212289,train,0,,,,,CZ,,,,Europe/Prague,435
czptt,-SR70S-CZ-35905-1,Rousínov,49.197053,16.867673,train,0,-SR70ST-CZ-35905,,,,CZ,,1,,Europe/Prague,44
czptt,-SR70S-CZ-35905-2,Rousínov,49.197053,16.867673,train,0,-SR70ST-CZ-35905,,,,CZ,,2,,Europe/Prague,1
czptt,-SR70S-CZ-35905-5,Rousínov,49.197053,16.867673,train,0,-SR70ST-CZ-35905,,,,CZ,,5,,Europe/Prague,0
czptt,-SR70S-CZ-35925-1,Rožná,49.472851,16.245285,train,0,-SR70ST-CZ-35925,,,,CZ,,1,,Europe/Prague,284
czptt,-SR70S-CZ-35935,Věžná,49.451701,16.270249,train,0,,,,,CZ,,,,Europe/Prague,225
czptt,-SR70S-CZ-35945-1,Řikonín,49.365121,16.308547,train,0,-SR70ST-CZ-35945,,,,CZ,,1,,Europe/Prague,335
czptt,-SR70S-CZ-35945-2,Řikonín,49.365121,16.308547,train,0,-SR70ST-CZ-35945,,,,CZ,,2,,Europe/Prague,352
czptt,-SR70S-CZ-35945-4,Řikonín,49.365121,16.308547,train,0,-SR70ST-CZ-35945,,,,CZ,,4,,Europe/Prague,24
czptt,-SR70S-CZ-35956-1,Říkovice,49.37897,17.453995,train,0,-SR70ST-CZ-35956,,,,CZ,,1,,Europe/Prague,77
czptt,-SR70S-CZ-35956-2,Říkovice,49.37897,17.453995,train,0,-SR70ST-CZ-35956,,,,CZ,,2,,Europe/Prague,82
czptt,-SR70S-CZ-35956-4,Říkovice,49.37897,17.453995,train,0,-SR70ST-CZ-35956,,,,CZ,,4,,Europe/Prague,0
czptt,-SR70S-CZ-35965-1,Sázava u Žďáru,49.562777,15.847264,train,0,-SR70ST-CZ-35965,,,,CZ,,1,,Europe/Prague,170
czptt,-SR70S-CZ-35965-2,Sázava u Žďáru,49.562777,15.847264,train,0,-SR70ST-CZ-35965,,,,CZ,,2,,Europe/Prague,185
czptt,-SR70S-CZ-35972,Vikýřovice-Lesní z,49.985349,17.019811,train,0,,,,,CZ,,,,Europe/Prague,940
czptt,-SR70S-CZ-35975-1,Silůvky,49.108166,16.462647,train,0,-SR70ST-CZ-35975,,,,CZ,,1,,Europe/Prague,876
czptt,-SR70S-CZ-35975-2,Silůvky,49.108166,16.462647,train,0,-SR70ST-CZ-35975,,,,CZ,,2,,Europe/Prague,0
czptt,-SR70S-CZ-35982,Vikýřovice u penz. z,49.966902,17.003814,train,0,,,,,CZ,,,,Europe/Prague,666
czptt,-SR70S-CZ-35985-1,Skalice n. Svit.,49.480148,16.609782,train,0,-SR70ST-CZ-35985,,,,CZ,,1,,Europe/Prague,430
czptt,-SR70S-CZ-35985-12a,Skalice n. Svit.,49.480148,16.609782,train,0,-SR70ST-CZ-35985,,,,CZ,,12a,,Europe/Prague,1
czptt,-SR70S-CZ-35985-2,Skalice n. Svit.,49.480148,16.609782,train,0,-SR70ST-CZ-35985,,,,CZ,,2,,Europe/Prague,601
czptt,-SR70S-CZ-35985-3,Skalice n. Svit.,49.480148,16.609782,train,0,-SR70ST-CZ-35985,,,,CZ,,3,,Europe/Prague,328
czptt,-SR70S-CZ-35985-3a,Skalice n. Svit.,49.480148,16.609782,train,0,-SR70ST-CZ-35985,,,,CZ,,3a,,Europe/Prague,0
czptt,-SR70S-CZ-35985-4,Skalice n. Svit.,49.480148,16.609782,train,0,-SR70ST-CZ-35985,,,,CZ,,4,,Europe/Prague,373
czptt,-SR70S-CZ-35985-4a,Skalice n. Svit.,49.480148,16.609782,train,0,-SR70ST-CZ-35985,,,,CZ,,4a,,Europe/Prague,0
czptt,-SR70S-CZ-35985-6,Skalice n. Svit.,49.480148,16.609782,train,0,-SR70ST-CZ-35985,,,,CZ,,6,,Europe/Prague,0
czptt,-SR70S-CZ-35995,Doubravice nad Svitavou,49.438678,16.621782,train,0,,,,,CZ,,,,Europe/Prague,949
czptt,-SR70S-CZ-36005,Svitávka,49.499879,16.59815,train,0,,,,,CZ,,,,Europe/Prague,679
czptt,-SR70S-CZ-36015,Zboněk,49.521133,16.583865,train,0,,,,,CZ,,,,Europe/Prague,677
czptt,-SR70S-CZ-36055-1,Sklené nad Oslavou,49.437227,16.053904,train,0,-SR70ST-CZ-36055,,,,CZ,,1,,Europe/Prague,127
czptt,-SR70S-CZ-36055-2,Sklené nad Oslavou,49.437227,16.053904,train,0,-SR70ST-CZ-36055,,,,CZ,,2,,Europe/Prague,117
czptt,-SR70S-CZ-36055-4,Sklené nad Oslavou,49.437227,16.053904,train,0,-SR70ST-CZ-36055,,,,CZ,,4,,Europe/Prague,1
czptt,-SR70S-CZ-36065,Laštovičky,49.468726,16.015706,train,0,,,,,CZ,,,,Europe/Prague,245
czptt,-SR70S-CZ-36075-1,Slavičín,49.074086,17.899349,train,0,-SR70ST-CZ-36075,,,,CZ,,1,,Europe/Prague,398
czptt,-SR70S-CZ-36075-2,Slavičín,49.074086,17.899349,train,0,-SR70ST-CZ-36075,,,,CZ,,2,,Europe/Prague,25
czptt,-SR70S-CZ-36077,AHr Pitín,49.04624,17.849117,train,0,,,,,CZ,,,,Europe/Prague,0
czptt,-SR70S-CZ-36085,Hostětín,49.053636,17.872285,train,0,,,,,CZ,,,,Europe/Prague,406
czptt,-SR70S-CZ-36105-1,Slavkov u Brna,49.144988,16.873599,train,0,-SR70ST-CZ-36105,,,,CZ,,1,,Europe/Prague,323
czptt,-SR70S-CZ-36105-2,Slavkov u Brna,49.144988,16.873599,train,0,-SR70ST-CZ-36105,,,,CZ,,2,,Europe/Prague,298
czptt,-SR70S-CZ-36105-4,Slavkov u Brna,49.144988,16.873599,train,0,-SR70ST-CZ-36105,,,,CZ,,4,,Europe/Prague,0
czptt,-SR70S-CZ-36115,Křižanovice,49.144994,16.935331,train,0,,,,,CZ,,,,Europe/Prague,349
czptt,-SR70S-CZ-36125-1,Sokolnice-Telnice,49.107953,16.733885,train,0,-SR70ST-CZ-36125,,,,CZ,,1,,Europe/Prague,702
czptt,-SR70S-CZ-36125-2,Sokolnice-Telnice,49.107953,16.733885,train,0,-SR70ST-CZ-36125,,,,CZ,,2,,Europe/Prague,271
czptt,-SR70S-CZ-36125-3,Sokolnice-Telnice,49.107953,16.733885,train,0,-SR70ST-CZ-36125,,,,CZ,,3,,Europe/Prague,0
czptt,-SR70S-CZ-36135,Újezd u Brna,49.107297,16.744871,train,0,,,,,CZ,,,,Europe/Prague,502
czptt,-SR70S-CZ-36145-1,St. Město u U.H.,49.076342,17.423031,train,0,-SR70ST-CZ-36145,,,,CZ,,1,,Europe/Prague,260
czptt,-SR70S-CZ-36145-102,St. Město u U.H.,49.076342,17.423031,train,0,-SR70ST-CZ-36145,,,,CZ,,102,,Europe/Prague,0
czptt,-SR70S-CZ-36145-105,St. Město u U.H.,49.076342,17.423031,train,0,-SR70ST-CZ-36145,,,,CZ,,105,,Europe/Prague,3
czptt,-SR70S-CZ-36145-105a,St. Město u U.H.,49.076342,17.423031,train,0,-SR70ST-CZ-36145,,,,CZ,,105a,,Europe/Prague,0
czptt,-SR70S-CZ-36145-107,St. Město u U.H.,49.076342,17.423031,train,0,-SR70ST-CZ-36145,,,,CZ,,107,,Europe/Prague,256
czptt,-SR70S-CZ-36145-2,St. Město u U.H.,49.076342,17.423031,train,0,-SR70ST-CZ-36145,,,,CZ,,2,,Europe/Prague,243
czptt,-SR70S-CZ-36145-3,St. Město u U.H.,49.076342,17.423031,train,0,-SR70ST-CZ-36145,,,,CZ,,3,,Europe/Prague,306
czptt,-SR70S-CZ-36145-4,St. Město u U.H.,49.076342,17.423031,train,0,-SR70ST-CZ-36145,,,,CZ,,4,,Europe/Prague,9
czptt,-SR70S-CZ-36145-5,St. Město u U.H.,49.076342,17.423031,train,0,-SR70ST-CZ-36145,,,,CZ,,5,,Europe/Prague,152
czptt,-SR70S-CZ-36145-5a,St. Město u U.H.,49.076342,17.423031,train,0,-SR70ST-CZ-36145,,,,CZ,,5a,,Europe/Prague,301
czptt,-SR70S-CZ-36145-6,St. Město u U.H.,49.076342,17.423031,train,0,-SR70ST-CZ-36145,,,,CZ,,6,,Europe/Prague,97
czptt,-SR70S-CZ-36145-7a,St. Město u U.H.,49.076342,17.423031,train,0,-SR70ST-CZ-36145,,,,CZ,,7a,,Europe/Prague,333
czptt,-SR70S-CZ-36155,Kostelany nad Moravou,49.052732,17.397076,train,0,,,,,CZ,,,,Europe/Prague,133
czptt,-SR70S-CZ-36165-1,Stařeč,49.195185,15.804361,train,0,-SR70ST-CZ-36165,,,,CZ,,1,,Europe/Prague,368
czptt,-SR70S-CZ-36175-1,Bzenec přívoz,48.936855,17.289409,train,0,-SR70ST-CZ-36175,,,,CZ,,1,,Europe/Prague,113
czptt,-SR70S-CZ-36175-2,Bzenec přívoz,48.936855,17.289409,train,0,-SR70ST-CZ-36175,,,,CZ,,2,,Europe/Prague,1
czptt,-SR70S-CZ-36175-4,Bzenec přívoz,48.936855,17.289409,train,0,-SR70ST-CZ-36175,,,,CZ,,4,,Europe/Prague,13
czptt,-SR70S-CZ-36185-1,Střelice,49.154018,16.484155,train,0,-SR70ST-CZ-36185,,,,CZ,,1,,Europe/Prague,470
czptt,-SR70S-CZ-36185-1b,Střelice,49.154018,16.484155,train,0,-SR70ST-CZ-36185,,,,CZ,,1b,,Europe/Prague,101
czptt,-SR70S-CZ-36185-2,Střelice,49.154018,16.484155,train,0,-SR70ST-CZ-36185,,,,CZ,,2,,Europe/Prague,645
czptt,-SR70S-CZ-36185-2a,Střelice,49.154018,16.484155,train,0,-SR70ST-CZ-36185,,,,CZ,,2a,,Europe/Prague,0
czptt,-SR70S-CZ-36185-3,Střelice,49.154018,16.484155,train,0,-SR70ST-CZ-36185,,,,CZ,,3,,Europe/Prague,481
czptt,-SR70S-CZ-36185-7,Střelice,49.154018,16.484155,train,0,-SR70ST-CZ-36185,,,,CZ,,7,,Europe/Prague,11
czptt,-SR70S-CZ-36186,Střelice dolní,49.156523,16.506281,train,0,,,,,CZ,,,,Europe/Prague,983
czptt,-SR70S-CZ-36195,Vlčatín,49.305449,15.950531,train,0,,,,,CZ,,,,Europe/Prague,162
czptt,-SR70S-CZ-36205,Radostice,49.134258,16.461659,train,0,,,,,CZ,,,,Europe/Prague,706
czptt,-SR70S-CZ-36215,Troubsko,49.164334,16.527062,train,0,,,,,CZ,,,,Europe/Prague,673
czptt,-SR70S-CZ-36225-1,Studenec,49.22246,16.069019,train,0,-SR70ST-CZ-36225,,,,CZ,,1,,Europe/Prague,262
czptt,-SR70S-CZ-36225-2,Studenec,49.22246,16.069019,train,0,-SR70ST-CZ-36225,,,,CZ,,2,,Europe/Prague,51
czptt,-SR70S-CZ-36225-4,Studenec,49.22246,16.069019,train,0,-SR70ST-CZ-36225,,,,CZ,,4,,Europe/Prague,83
czptt,-SR70S-CZ-36225-6,Studenec,49.22246,16.069019,train,0,-SR70ST-CZ-36225,,,,CZ,,6,,Europe/Prague,184
czptt,-SR70S-CZ-36235,Pozďatín,49.239278,16.040946,train,0,,,,,CZ,,,,Europe/Prague,156
czptt,-SR70S-CZ-36245-1,Šakvice,48.912957,16.705098,train,0,-SR70ST-CZ-36245,,,,CZ,,1,,Europe/Prague,452
czptt,-SR70S-CZ-36245-2,Šakvice,48.912957,16.705098,train,0,-SR70ST-CZ-36245,,,,CZ,,2,,Europe/Prague,621
czptt,-SR70S-CZ-36245-3,Šakvice,48.912957,16.705098,train,0,-SR70ST-CZ-36245,,,,CZ,,3,,Europe/Prague,25
czptt,-SR70S-CZ-36245-4,Šakvice,48.912957,16.705098,train,0,-SR70ST-CZ-36245,,,,CZ,,4,,Europe/Prague,337
czptt,-SR70S-CZ-36245-4b,Šakvice,48.912957,16.705098,train,0,-SR70ST-CZ-36245,,,,CZ,,4b,,Europe/Prague,10
czptt,-SR70S-CZ-36255,Popice,48.924394,16.66775,train,0,,,,,CZ,,,,Europe/Prague,860
czptt,-SR70S-CZ-36265,Pouzdřany,48.942153,16.630312,train,0,,,,,CZ,,,,Europe/Prague,860
czptt,-SR70S-CZ-36274,Znojmo-Nový Šaldorf,48.820236,16.044262,train,0,,,,,CZ,,,,Europe/Prague,125
czptt,-SR70S-CZ-36275-1,Šatov,48.780091,16.025811,train,0,-SR70ST-CZ-36275,,,,CZ,,1,,Europe/Prague,170
czptt,-SR70S-CZ-36275-2,Šatov,48.780091,16.025811,train,0,-SR70ST-CZ-36275,,,,CZ,,2,,Europe/Prague,11
czptt,-SR70S-CZ-36285-1,Šebetov,49.554236,16.699033,train,0,-SR70ST-CZ-36285,,,,CZ,,1,,Europe/Prague,18
czptt,-SR70S-CZ-36285-2,Šebetov,49.554236,16.699033,train,0,-SR70ST-CZ-36285,,,,CZ,,2,,Europe/Prague,1
czptt,-SR70S-CZ-36295,Cetkovice,49.588052,16.704781,train,0,,,,,CZ,,,,Europe/Prague,17
czptt,-SR70S-CZ-36305-1,Knínice u Boskovic,49.534704,16.689499,train,0,-SR70ST-CZ-36305,,,,CZ,,1,,Europe/Prague,16
czptt,-SR70S-CZ-36327-1,Šlapanov,49.545238,15.652648,train,0,-SR70ST-CZ-36327,,,,CZ,,1,,Europe/Prague,371
czptt,-SR70S-CZ-36327-2,Šlapanov,49.545238,15.652648,train,0,-SR70ST-CZ-36327,,,,CZ,,2,,Europe/Prague,126
czptt,-SR70S-CZ-36335,Kojatín,49.243961,16.024705,train,0,,,,,CZ,,,,Europe/Prague,156
czptt,-SR70S-CZ-36345-1,Šlapanice,49.156788,16.729389,train,0,-SR70ST-CZ-36345,,,,CZ,,1,,Europe/Prague,0
czptt,-SR70S-CZ-36345-2,Šlapanice,49.156788,16.729389,train,0,-SR70ST-CZ-36345,,,,CZ,,2,,Europe/Prague,3
czptt,-SR70S-CZ-36345-4,Šlapanice,49.156788,16.729389,train,0,-SR70ST-CZ-36345,,,,CZ,,4,,Europe/Prague,285
czptt,-SR70S-CZ-36355,Ponětovice,49.15524,16.750043,train,0,,,,,CZ,,,,Europe/Prague,266
czptt,-SR70S-CZ-36365-1,Šumná,48.923103,15.874314,train,0,-SR70ST-CZ-36365,,,,CZ,,1,,Europe/Prague,340
czptt,-SR70S-CZ-36365-3,Šumná,48.923103,15.874314,train,0,-SR70ST-CZ-36365,,,,CZ,,3,,Europe/Prague,158
czptt,-SR70S-CZ-36374,Tetčice,49.172403,16.407847,train,0,,,,,CZ,,,,Europe/Prague,135
czptt,-SR70S-CZ-36374-1a,Tetčice,49.172403,16.407847,train,0,-SR70ST-CZ-36374,,,,CZ,,1a,,Europe/Prague,195
czptt,-SR70S-CZ-36374-2a,Tetčice,49.172403,16.407847,train,0,-SR70ST-CZ-36374,,,,CZ,,2a,,Europe/Prague,198
czptt,-SR70S-CZ-36375-1,Tetčice,49.173708,16.402512,train,0,-SR70ST-CZ-36375,,,,CZ,,1,,Europe/Prague,505
czptt,-SR70S-CZ-36375-3,Tetčice,49.173708,16.402512,train,0,-SR70ST-CZ-36375,,,,CZ,,3,,Europe/Prague,13
czptt,-SR70S-CZ-36385,Omice,49.161133,16.446642,train,0,,,,,CZ,,,,Europe/Prague,364
czptt,-SR70S-CZ-36395-1,Tišnov,49.347325,16.417669,train,0,-SR70ST-CZ-36395,,,,CZ,,1,,Europe/Prague,611
czptt,-SR70S-CZ-36395-2,Tišnov,49.347325,16.417669,train,0,-SR70ST-CZ-36395,,,,CZ,,2,,Europe/Prague,571
czptt,-SR70S-CZ-36395-3,Tišnov,49.347325,16.417669,train,0,-SR70ST-CZ-36395,,,,CZ,,3,,Europe/Prague,550
czptt,-SR70S-CZ-36395-4,Tišnov,49.347325,16.417669,train,0,-SR70ST-CZ-36395,,,,CZ,,4,,Europe/Prague,1043
czptt,-SR70S-CZ-36395-4a,Tišnov,49.347325,16.417669,train,0,-SR70ST-CZ-36395,,,,CZ,,4a,,Europe/Prague,24
czptt,-SR70S-CZ-36395-5b,Tišnov,49.347325,16.417669,train,0,-SR70ST-CZ-36395,,,,CZ,,5b,,Europe/Prague,449
czptt,-SR70S-CZ-36405,Borač,49.401128,16.366046,train,0,,,,,CZ,,,,Europe/Prague,391
czptt,-SR70S-CZ-36415,Čebín,49.319976,16.465214,train,0,,,,,CZ,,,,Europe/Prague,2064
czptt,-SR70S-CZ-36425,Dolní Loučky,49.356511,16.346551,train,0,,,,,CZ,,,,Europe/Prague,712
czptt,-SR70S-CZ-36435,Hradčany,49.334684,16.437152,train,0,,,,,CZ,,,,Europe/Prague,2057
czptt,-SR70S-CZ-36455,Prudká zastávka,49.418881,16.367094,train,0,,,,,CZ,,,,Europe/Prague,298
czptt,-SR70S-CZ-36465,Štěpánovice,49.373174,16.389818,train,0,,,,,CZ,,,,Europe/Prague,390
czptt,-SR70S-CZ-36475-1,Tlumačov,49.25377,17.501482,train,0,-SR70ST-CZ-36475,,,,CZ,,1,,Europe/Prague,127
czptt,-SR70S-CZ-36475-2,Tlumačov,49.25377,17.501482,train,0,-SR70ST-CZ-36475,,,,CZ,,2,,Europe/Prague,136
czptt,-SR70S-CZ-36485,Záhlinice,49.291625,17.491284,train,0,,,,,CZ,,,,Europe/Prague,246
czptt,-SR70S-CZ-36496-1,Tovačov,49.425666,17.282046,train,0,-SR70ST-CZ-36496,,,,CZ,,1,,Europe/Prague,66
czptt,-SR70S-CZ-36506,Oplocany,49.418127,17.282244,train,0,,,,,CZ,,,,Europe/Prague,54
czptt,-SR70S-CZ-36535,Vladislav zastávka,49.211805,15.982284,train,0,,,,,CZ,,,,Europe/Prague,425
czptt,-SR70S-CZ-36545,Poteč,49.154413,18.042728,train,0,,,,,CZ,,,,Europe/Prague,410
czptt,-SR70S-CZ-36555-1,Třebíč,49.211499,15.883974,train,0,-SR70ST-CZ-36555,,,,CZ,,1,,Europe/Prague,1048
czptt,-SR70S-CZ-36555-2,Třebíč,49.211499,15.883974,train,0,-SR70ST-CZ-36555,,,,CZ,,2,,Europe/Prague,273
czptt,-SR70S-CZ-36555-2b,Třebíč,49.211499,15.883974,train,0,-SR70ST-CZ-36555,,,,CZ,,2b,,Europe/Prague,406
czptt,-SR70S-CZ-36555-3,Třebíč,49.211499,15.883974,train,0,-SR70ST-CZ-36555,,,,CZ,,3,,Europe/Prague,45
czptt,-SR70S-CZ-36555-3b,Třebíč,49.211499,15.883974,train,0,-SR70ST-CZ-36555,,,,CZ,,3b,,Europe/Prague,45
czptt,-SR70S-CZ-36565,Třebíč - Borovina,49.208905,15.852878,train,0,,,,,CZ,,,,Europe/Prague,420
czptt,-SR70S-CZ-36575-1,Uherské Hradiště,49.066856,17.457186,train,0,-SR70ST-CZ-36575,,,,CZ,,1,,Europe/Prague,975
czptt,-SR70S-CZ-36575-3,Uherské Hradiště,49.066856,17.457186,train,0,-SR70ST-CZ-36575,,,,CZ,,3,,Europe/Prague,587
czptt,-SR70S-CZ-36575-3b,Uherské Hradiště,49.066856,17.457186,train,0,-SR70ST-CZ-36575,,,,CZ,,3b,,Europe/Prague,22
czptt,-SR70S-CZ-36575-5,Uherské Hradiště,49.066856,17.457186,train,0,-SR70ST-CZ-36575,,,,CZ,,5,,Europe/Prague,267
czptt,-SR70S-CZ-36585-1,Uherský Brod,49.022079,17.642683,train,0,-SR70ST-CZ-36585,,,,CZ,,1,,Europe/Prague,825
czptt,-SR70S-CZ-36585-2,Uherský Brod,49.022079,17.642683,train,0,-SR70ST-CZ-36585,,,,CZ,,2,,Europe/Prague,105
czptt,-SR70S-CZ-36585-2a,Uherský Brod,49.022079,17.642683,train,0,-SR70ST-CZ-36585,,,,CZ,,2a,,Europe/Prague,280
czptt,-SR70S-CZ-36585-2b,Uherský Brod,49.022079,17.642683,train,0,-SR70ST-CZ-36585,,,,CZ,,2b,,Europe/Prague,125
czptt,-SR70S-CZ-36585-3,Uherský Brod,49.022079,17.642683,train,0,-SR70ST-CZ-36585,,,,CZ,,3,,Europe/Prague,2
czptt,-SR70S-CZ-36595,Havřice,49.03259,17.620074,train,0,,,,,CZ,,,,Europe/Prague,489
czptt,-SR70S-CZ-36615-1,Újezdec u Luhačovic,49.032824,17.685303,train,0,-SR70ST-CZ-36615,,,,CZ,,1,,Europe/Prague,558
czptt,-SR70S-CZ-36615-2,Újezdec u Luhačovic,49.032824,17.685303,train,0,-SR70ST-CZ-36615,,,,CZ,,2,,Europe/Prague,511
czptt,-SR70S-CZ-36615-3,Újezdec u Luhačovic,49.032824,17.685303,train,0,-SR70ST-CZ-36615,,,,CZ,,3,,Europe/Prague,65
czptt,-SR70S-CZ-36625,Šumice,49.030021,17.723879,train,0,,,,,CZ,,,,Europe/Prague,623
czptt,-SR70S-CZ-36635-1,Valašské Klobouky,49.142196,18.022696,train,0,-SR70ST-CZ-36635,,,,CZ,,1,,Europe/Prague,184
czptt,-SR70S-CZ-36635-3,Valašské Klobouky,49.142196,18.022696,train,0,-SR70ST-CZ-36635,,,,CZ,,3,,Europe/Prague,219
czptt,-SR70S-CZ-36645,Valašské Příkazy,49.165783,18.063412,train,0,,,,,CZ,,,,Europe/Prague,410
czptt,-SR70S-CZ-36655-1,Valtice,48.747394,16.743137,train,0,-SR70ST-CZ-36655,,,,CZ,,1,,Europe/Prague,261
czptt,-SR70S-CZ-36655-2,Valtice,48.747394,16.743137,train,0,-SR70ST-CZ-36655,,,,CZ,,2,,Europe/Prague,21
czptt,-SR70S-CZ-36665-1,Sedlec u Mikulova,48.774799,16.696639,train,0,-SR70ST-CZ-36665,,,,CZ,,1,,Europe/Prague,343
czptt,-SR70S-CZ-36665-3,Sedlec u Mikulova,48.774799,16.696639,train,0,-SR70ST-CZ-36665,,,,CZ,,3,,Europe/Prague,233
czptt,-SR70S-CZ-36675,Valtice město,48.748547,16.761796,train,0,,,,,CZ,,,,Europe/Prague,653
czptt,-SR70S-CZ-36685-1,Velké Meziříčí,49.346089,16.021415,train,0,-SR70ST-CZ-36685,,,,CZ,,1,,Europe/Prague,313
czptt,-SR70S-CZ-36685-3,Velké Meziříčí,49.346089,16.021415,train,0,-SR70ST-CZ-36685,,,,CZ,,3,,Europe/Prague,44
czptt,-SR70S-CZ-36695,Martinice u Velkého Meziříčí,49.370224,16.044291,train,0,,,,,CZ,,,,Europe/Prague,287
czptt,-SR70S-CZ-36705-1,Oslavice,49.338334,15.988861,train,0,-SR70ST-CZ-36705,,,,CZ,,1,,Europe/Prague,162
czptt,-SR70S-CZ-36715,Oslavička,49.319029,15.966774,train,0,,,,,CZ,,,,Europe/Prague,162
czptt,-SR70S-CZ-36725-1,Budišov u Třebíče,49.272566,16.008955,train,0,-SR70ST-CZ-36725,,,,CZ,,1,,Europe/Prague,162
czptt,-SR70S-CZ-36735-1,Rudíkov,49.297848,15.951014,train,0,-SR70ST-CZ-36735,,,,CZ,,1,,Europe/Prague,162
czptt,-SR70S-CZ-36745,Velké Meziříčí zastávka,49.352897,16.00852,train,0,,,,,CZ,,,,Europe/Prague,264
czptt,-SR70S-CZ-36755-1,Velké Opatovice,49.611341,16.690736,train,0,-SR70ST-CZ-36755,,,,CZ,,1,,Europe/Prague,0
czptt,-SR70S-CZ-36755-2,Velké Opatovice,49.611341,16.690736,train,0,-SR70ST-CZ-36755,,,,CZ,,2,,Europe/Prague,18
czptt,-SR70S-CZ-36765-1,Velké Pavlovice,48.889939,16.823596,train,0,-SR70ST-CZ-36765,,,,CZ,,1,,Europe/Prague,505
czptt,-SR70S-CZ-36775,Bořetice,48.916339,16.850181,train,0,,,,,CZ,,,,Europe/Prague,510
czptt,-SR70S-CZ-36785,Velké Pavlovice zastávka,48.90176,16.822402,train,0,,,,,CZ,,,,Europe/Prague,453
czptt,-SR70S-CZ-36795-1,Veselí nad Moravou,48.948681,17.382358,train,0,-SR70ST-CZ-36795,,,,CZ,,1,,Europe/Prague,577
czptt,-SR70S-CZ-36795-2,Veselí nad Moravou,48.948681,17.382358,train,0,-SR70ST-CZ-36795,,,,CZ,,2,,Europe/Prague,125
czptt,-SR70S-CZ-36795-3,Veselí nad Moravou,48.948681,17.382358,train,0,-SR70ST-CZ-36795,,,,CZ,,3,,Europe/Prague,399
czptt,-SR70S-CZ-36795-4,Veselí nad Moravou,48.948681,17.382358,train,0,-SR70ST-CZ-36795,,,,CZ,,4,,Europe/Prague,123
czptt,-SR70S-CZ-36795-4a,Veselí nad Moravou,48.948681,17.382358,train,0,-SR70ST-CZ-36795,,,,CZ,,4a,,Europe/Prague,110
czptt,-SR70S-CZ-36795-5,Veselí nad Moravou,48.948681,17.382358,train,0,-SR70ST-CZ-36795,,,,CZ,,5,,Europe/Prague,321
czptt,-SR70S-CZ-36805-1,Vizovice,49.220105,17.843265,train,0,-SR70ST-CZ-36805,,,,CZ,,1,,Europe/Prague,324
czptt,-SR70S-CZ-36815,Zádveřice,49.21579,17.808574,train,0,,,,,CZ,,,,Europe/Prague,324
czptt,-SR70S-CZ-36825-1,Vladislav,49.212572,15.966024,train,0,-SR70ST-CZ-36825,,,,CZ,,1,,Europe/Prague,9
czptt,-SR70S-CZ-36835-1,Vlkoš,48.987865,17.166539,train,0,-SR70ST-CZ-36835,,,,CZ,,1,,Europe/Prague,196
czptt,-SR70S-CZ-36835-2,Vlkoš,48.987865,17.166539,train,0,-SR70ST-CZ-36835,,,,CZ,,2,,Europe/Prague,146
czptt,-SR70S-CZ-36845-1,Vlkov u Tišnova,49.322888,16.213444,train,0,-SR70ST-CZ-36845,,,,CZ,,1,,Europe/Prague,89
czptt,-SR70S-CZ-36845-2,Vlkov u Tišnova,49.322888,16.213444,train,0,-SR70ST-CZ-36845,,,,CZ,,2,,Europe/Prague,129
czptt,-SR70S-CZ-36845-3,Vlkov u Tišnova,49.322888,16.213444,train,0,-SR70ST-CZ-36845,,,,CZ,,3,,Europe/Prague,24
czptt,-SR70S-CZ-36845-3b,Vlkov u Tišnova,49.322888,16.213444,train,0,-SR70ST-CZ-36845,,,,CZ,,3b,,Europe/Prague,0
czptt,-SR70S-CZ-36845-4,Vlkov u Tišnova,49.322888,16.213444,train,0,-SR70ST-CZ-36845,,,,CZ,,4,,Europe/Prague,105
czptt,-SR70S-CZ-36845-6,Vlkov u Tišnova,49.322888,16.213444,train,0,-SR70ST-CZ-36845,,,,CZ,,6,,Europe/Prague,49
czptt,-SR70S-CZ-36846-101,Vlkov-Osová,49.327011,16.200918,train,0,-SR70ST-CZ-36846,,,,CZ,,101,,Europe/Prague,153
czptt,-SR70S-CZ-36846-102,Vlkov-Osová,49.327011,16.200918,train,0,-SR70ST-CZ-36846,,,,CZ,,102,,Europe/Prague,160
czptt,-SR70S-CZ-36855,Níhov,49.336772,16.270662,train,0,,,,,CZ,,,,Europe/Prague,712
czptt,-SR70S-CZ-36865,Osová Bítýška,49.329668,16.168783,train,0,,,,,CZ,,,,Europe/Prague,383
czptt,-SR70S-CZ-36875-1,Vranovice,48.964442,16.604244,train,0,-SR70ST-CZ-36875,,,,CZ,,1,,Europe/Prague,214
czptt,-SR70S-CZ-36875-2,Vranovice,48.964442,16.604244,train,0,-SR70ST-CZ-36875,,,,CZ,,2,,Europe/Prague,171
czptt,-SR70S-CZ-36875-3,Vranovice,48.964442,16.604244,train,0,-SR70ST-CZ-36875,,,,CZ,,3,,Europe/Prague,313
czptt,-SR70S-CZ-36875-4,Vranovice,48.964442,16.604244,train,0,-SR70ST-CZ-36875,,,,CZ,,4,,Europe/Prague,451
czptt,-SR70S-CZ-36895-1,Vyškov na Moravě,49.278843,16.991836,train,0,-SR70ST-CZ-36895,,,,CZ,,1,,Europe/Prague,1547
czptt,-SR70S-CZ-36895-3,Vyškov na Moravě,49.278843,16.991836,train,0,-SR70ST-CZ-36895,,,,CZ,,3,,Europe/Prague,352
czptt,-SR70S-CZ-36895-4,Vyškov na Moravě,49.278843,16.991836,train,0,-SR70ST-CZ-36895,,,,CZ,,4,,Europe/Prague,0
czptt,-SR70S-CZ-36895-5,Vyškov na Moravě,49.278843,16.991836,train,0,-SR70ST-CZ-36895,,,,CZ,,5,,Europe/Prague,266
czptt,-SR70S-CZ-36895-6,Vyškov na Moravě,49.278843,16.991836,train,0,-SR70ST-CZ-36895,,,,CZ,,6,,Europe/Prague,0
czptt,-SR70S-CZ-36905-1,Zaječí,48.889489,16.781769,train,0,-SR70ST-CZ-36905,,,,CZ,,1,,Europe/Prague,145
czptt,-SR70S-CZ-36905-10,Zaječí,48.889489,16.781769,train,0,-SR70ST-CZ-36905,,,,CZ,,10,,Europe/Prague,206
czptt,-SR70S-CZ-36905-2,Zaječí,48.889489,16.781769,train,0,-SR70ST-CZ-36905,,,,CZ,,2,,Europe/Prague,156
czptt,-SR70S-CZ-36905-3,Zaječí,48.889489,16.781769,train,0,-SR70ST-CZ-36905,,,,CZ,,3,,Europe/Prague,8
czptt,-SR70S-CZ-36905-6,Zaječí,48.889489,16.781769,train,0,-SR70ST-CZ-36905,,,,CZ,,6,,Europe/Prague,314
czptt,-SR70S-CZ-36915-1,Zastávka u Brna,49.187753,16.357966,train,0,-SR70ST-CZ-36915,,,,CZ,,1,,Europe/Prague,713
czptt,-SR70S-CZ-36915-1a,Zastávka u Brna,49.187753,16.357966,train,0,-SR70ST-CZ-36915,,,,CZ,,1a,,Europe/Prague,68
czptt,-SR70S-CZ-36915-2,Zastávka u Brna,49.187753,16.357966,train,0,-SR70ST-CZ-36915,,,,CZ,,2,,Europe/Prague,186
czptt,-SR70S-CZ-36915-2a,Zastávka u Brna,49.187753,16.357966,train,0,-SR70ST-CZ-36915,,,,CZ,,2a,,Europe/Prague,219
czptt,-SR70S-CZ-36915-3,Zastávka u Brna,49.187753,16.357966,train,0,-SR70ST-CZ-36915,,,,CZ,,3,,Europe/Prague,23
czptt,-SR70S-CZ-36915-3a,Zastávka u Brna,49.187753,16.357966,train,0,-SR70ST-CZ-36915,,,,CZ,,3a,,Europe/Prague,34
czptt,-SR70S-CZ-36915-4,Zastávka u Brna,49.187753,16.357966,train,0,-SR70ST-CZ-36915,,,,CZ,,4,,Europe/Prague,178
czptt,-SR70S-CZ-36915-4a,Zastávka u Brna,49.187753,16.357966,train,0,-SR70ST-CZ-36915,,,,CZ,,4a,,Europe/Prague,4
czptt,-SR70S-CZ-36915-4b,Zastávka u Brna,49.187753,16.357966,train,0,-SR70ST-CZ-36915,,,,CZ,,4b,,Europe/Prague,12
czptt,-SR70S-CZ-36925,Rosice u Brna,49.178934,16.383344,train,0,,,,,CZ,,,,Europe/Prague,1116
czptt,-SR70S-CZ-36935-1,Zdounky,49.229039,17.315871,train,0,-SR70ST-CZ-36935,,,,CZ,,1,,Europe/Prague,134
czptt,-SR70S-CZ-36945-1,Zborovice,49.25362,17.282767,train,0,-SR70ST-CZ-36945,,,,CZ,,1,,Europe/Prague,123
czptt,-SR70S-CZ-36955-1,Znojmo,48.852572,16.05881,train,0,-SR70ST-CZ-36955,,,,CZ,,1,,Europe/Prague,485
czptt,-SR70S-CZ-36955-1a,Znojmo,48.852572,16.05881,train,0,-SR70ST-CZ-36955,,,,CZ,,1a,,Europe/Prague,150
czptt,-SR70S-CZ-36955-2,Znojmo,48.852572,16.05881,train,0,-SR70ST-CZ-36955,,,,CZ,,2,,Europe/Prague,204
czptt,-SR70S-CZ-36955-2a,Znojmo,48.852572,16.05881,train,0,-SR70ST-CZ-36955,,,,CZ,,2a,,Europe/Prague,4
czptt,-SR70S-CZ-36955-4,Znojmo,48.852572,16.05881,train,0,-SR70ST-CZ-36955,,,,CZ,,4,,Europe/Prague,309
czptt,-SR70S-CZ-36955-4a,Znojmo,48.852572,16.05881,train,0,-SR70ST-CZ-36955,,,,CZ,,4a,,Europe/Prague,38
czptt,-SR70S-CZ-36955-8b,Znojmo,48.852572,16.05881,train,0,-SR70ST-CZ-36955,,,,CZ,,8b,,Europe/Prague,44
czptt,-SR70S-CZ-36965,Citonice,48.878894,15.977499,train,0,,,,,CZ,,,,Europe/Prague,383
czptt,-SR70S-CZ-36985,Zborovice zastávka,49.246391,17.289693,train,0,,,,,CZ,,,,Europe/Prague,122
czptt,-SR70S-CZ-37015-1,Žďár n.S.,49.553929,15.938837,train,0,-SR70ST-CZ-37015,,,,CZ,,1,,Europe/Prague,363
czptt,-SR70S-CZ-37015-10,Žďár n.S.,49.553929,15.938837,train,0,-SR70ST-CZ-37015,,,,CZ,,10,,Europe/Prague,411
czptt,-SR70S-CZ-37015-2,Žďár n.S.,49.553929,15.938837,train,0,-SR70ST-CZ-37015,,,,CZ,,2,,Europe/Prague,343
czptt,-SR70S-CZ-37015-4,Žďár n.S.,49.553929,15.938837,train,0,-SR70ST-CZ-37015,,,,CZ,,4,,Europe/Prague,403
czptt,-SR70S-CZ-37015-5,Žďár n.S.,49.553929,15.938837,train,0,-SR70ST-CZ-37015,,,,CZ,,5,,Europe/Prague,211
czptt,-SR70S-CZ-37015-7,Žďár n.S.,49.553929,15.938837,train,0,-SR70ST-CZ-37015,,,,CZ,,7,,Europe/Prague,39
czptt,-SR70S-CZ-37025-1,Veselíčko,49.555532,16.003222,train,0,-SR70ST-CZ-37025,,,,CZ,,1,,Europe/Prague,429
czptt,-SR70S-CZ-37035,Hamry nad Sázavou,49.56733,15.896821,train,0,,,,,CZ,,,,Europe/Prague,356
czptt,-SR70S-CZ-37045,Radňovice,49.561911,16.03365,train,0,,,,,CZ,,,,Europe/Prague,456
czptt,-SR70S-CZ-37055-1,Lípa nad Dřevnicí,49.216019,17.769606,train,0,-SR70ST-CZ-37055,,,,CZ,,1,,Europe/Prague,158
czptt,-SR70S-CZ-37055-2,Lípa nad Dřevnicí,49.216019,17.769606,train,0,-SR70ST-CZ-37055,,,,CZ,,2,,Europe/Prague,166
czptt,-SR70S-CZ-37065,Želechovice nad Dřevnicí,49.219592,17.744281,train,0,,,,,CZ,,,,Europe/Prague,324
czptt,-SR70S-CZ-37075-1,Židlochovice,49.032301,16.617063,train,0,-SR70ST-CZ-37075,,,,CZ,,1,,Europe/Prague,407
czptt,-SR70S-CZ-37075-3,Židlochovice,49.032301,16.617063,train,0,-SR70ST-CZ-37075,,,,CZ,,3,,Europe/Prague,826
czptt,-SR70S-CZ-37085-1,Sudoměřice nad Moravou,48.871329,17.242616,train,0,-SR70ST-CZ-37085,,,,CZ,,1,,Europe/Prague,361
czptt,-SR70S-CZ-37085-3,Sudoměřice nad Moravou,48.871329,17.242616,train,0,-SR70ST-CZ-37085,,,,CZ,,3,,Europe/Prague,148
czptt,-SR70S-CZ-37095-1,Strážnice,48.897556,17.318811,train,0,-SR70ST-CZ-37095,,,,CZ,,1,,Europe/Prague,479
czptt,-SR70S-CZ-37095-2,Strážnice,48.897556,17.318811,train,0,-SR70ST-CZ-37095,,,,CZ,,2,,Europe/Prague,0
czptt,-SR70S-CZ-37095-3,Strážnice,48.897556,17.318811,train,0,-SR70ST-CZ-37095,,,,CZ,,3,,Europe/Prague,167
czptt,-SR70S-CZ-37105,Petrov u Strážnice,48.878896,17.273893,train,0,,,,,CZ,,,,Europe/Prague,511
czptt,-SR70S-CZ-37115,Vnorovy,48.930448,17.346907,train,0,,,,,CZ,,,,Europe/Prague,637
czptt,-SR70S-CZ-37120,"km 214,200 -0,046",49.583075,17.755123,train,0,,,,,CZ,,,,Europe/Prague,18
czptt,-SR70S-CZ-37125-1,Blatnice pod Svatým Antonínkem,48.940659,17.439375,train,0,-SR70ST-CZ-37125,,,,CZ,,1,,Europe/Prague,436
czptt,-SR70S-CZ-37135-1,Lipov,48.909832,17.457734,train,0,-SR70ST-CZ-37135,,,,CZ,,1,,Europe/Prague,429
czptt,-SR70S-CZ-37145-1,Velká nad Veličkou,48.878936,17.510576,train,0,-SR70ST-CZ-37145,,,,CZ,,1,,Europe/Prague,414
czptt,-SR70S-CZ-37145-2,Velká nad Veličkou,48.878936,17.510576,train,0,-SR70ST-CZ-37145,,,,CZ,,2,,Europe/Prague,65
czptt,-SR70S-CZ-37145-3,Velká nad Veličkou,48.878936,17.510576,train,0,-SR70ST-CZ-37145,,,,CZ,,3,,Europe/Prague,1
czptt,-SR70S-CZ-37155,Louka u Ostrohu,48.912267,17.484483,train,0,,,,,CZ,,,,Europe/Prague,436
czptt,-SR70S-CZ-37175,Javorník nad Veličkou zastávka,48.860928,17.520631,train,0,,,,,CZ,,,,Europe/Prague,351
czptt,-SR70S-CZ-37185-1a,Vlárský průsmyk,49.032871,18.053089,train,0,-SR70ST-CZ-37185,,,,CZ,,1a,,Europe/Prague,21
czptt,-SR70S-CZ-37185-1b,Vlárský průsmyk,49.032871,18.053089,train,0,-SR70ST-CZ-37185,,,,CZ,,1b,,Europe/Prague,26
czptt,-SR70S-CZ-37185-2,Vlárský průsmyk,49.032871,18.053089,train,0,-SR70ST-CZ-37185,,,,CZ,,2,,Europe/Prague,2
czptt,-SR70S-CZ-37205,Veselí nad Moravou-Zarazice,48.937235,17.361274,train,0,,,,,CZ,,,,Europe/Prague,606
czptt,-SR70S-CZ-37795,Veselí nad Moravou-Milokošť,48.967084,17.398903,train,0,,,,,CZ,,,,Europe/Prague,352
czptt,-SR70S-CZ-38000-102,Bohumín přednádraží,49.893896,18.346594,train,0,-SR70ST-CZ-38000,,,,CZ,,102,,Europe/Prague,3
czptt,-SR70S-CZ-38001-201,Břeclav přednádraží,48.768074,16.906481,train,0,-SR70ST-CZ-38001,,,,CZ,,201,,Europe/Prague,1
czptt,-SR70S-CZ-38002-238,Český Těšín,49.737825,18.623112,train,0,-SR70ST-CZ-38002,,,,CZ,,238,,Europe/Prague,1
czptt,-SR70S-CZ-38004-202,Olomouc přednádraží,49.611922,17.269367,train,0,-SR70ST-CZ-38004,,,,CZ,,202,,Europe/Prague,3
czptt,-SR70S-CZ-38006-2u,Třemešná ve Sl. ú.r.,50.200092,17.574196,train,0,-SR70ST-CZ-38006,,,,CZ,,2u,,Europe/Prague,81
czptt,-SR70S-CZ-38014-403,Ostrava levé nádraží,49.843196,18.251347,train,0,-SR70ST-CZ-38014,,,,CZ,,403,,Europe/Prague,0
czptt,-SR70S-CZ-38015-1,Brno dolní nádraží,49.182051,16.615216,train,0,-SR70ST-CZ-38015,,,,CZ,,1,,Europe/Prague,136
czptt,-SR70S-CZ-38015-10,Brno dolní nádraží,49.182051,16.615216,train,0,-SR70ST-CZ-38015,,,,CZ,,10,,Europe/Prague,50
czptt,-SR70S-CZ-38015-12,Brno dolní nádraží,49.182051,16.615216,train,0,-SR70ST-CZ-38015,,,,CZ,,12,,Europe/Prague,36
czptt,-SR70S-CZ-38015-2,Brno dolní nádraží,49.182051,16.615216,train,0,-SR70ST-CZ-38015,,,,CZ,,2,,Europe/Prague,104
czptt,-SR70S-CZ-38015-22a,Brno dolní nádraží,49.182051,16.615216,train,0,-SR70ST-CZ-38015,,,,CZ,,22a,,Europe/Prague,5
czptt,-SR70S-CZ-38015-4,Brno dolní nádraží,49.182051,16.615216,train,0,-SR70ST-CZ-38015,,,,CZ,,4,,Europe/Prague,6
czptt,-SR70S-CZ-38020-1,Darkov,49.831791,18.526781,train,0,-SR70ST-CZ-38020,,,,CZ,,1,,Europe/Prague,2
czptt,-SR70S-CZ-38026-2a,Brno hl.n. přednádr.,49.183283,16.607297,train,0,-SR70ST-CZ-38026,,,,CZ,,2a,,Europe/Prague,0
czptt,-SR70S-CZ-38026-2d,Brno hl.n. přednádr.,49.183283,16.607297,train,0,-SR70ST-CZ-38026,,,,CZ,,2d,,Europe/Prague,0
czptt,-SR70S-CZ-38026-4c,Brno hl.n. přednádr.,49.183283,16.607297,train,0,-SR70ST-CZ-38026,,,,CZ,,4c,,Europe/Prague,0
czptt,-SR70S-CZ-38034-801,Ostrava hl.n.,49.850368,18.266931,train,0,-SR70ST-CZ-38034,,,,CZ,,801,,Europe/Prague,463
czptt,-SR70S-CZ-38034-802,Ostrava hl.n.,49.850368,18.266931,train,0,-SR70ST-CZ-38034,,,,CZ,,802,,Europe/Prague,234
czptt,-SR70S-CZ-38034-803,Ostrava hl.n.,49.850368,18.266931,train,0,-SR70ST-CZ-38034,,,,CZ,,803,,Europe/Prague,670
czptt,-SR70S-CZ-38034-804,Ostrava hl.n.,49.850368,18.266931,train,0,-SR70ST-CZ-38034,,,,CZ,,804,,Europe/Prague,922
czptt,-SR70S-CZ-38042-1,Dluhonice výhybna,49.451455,17.403598,train,0,-SR70ST-CZ-38042,,,,CZ,,1,,Europe/Prague,0
czptt,-SR70S-CZ-38042-2,Dluhonice výhybna,49.451455,17.403598,train,0,-SR70ST-CZ-38042,,,,CZ,,2,,Europe/Prague,3
czptt,-SR70S-CZ-38044-601,Ostrava báňské n. VOK,49.844062,18.27435,train,0,-SR70ST-CZ-38044,,,,CZ,,601,,Europe/Prague,1
czptt,-SR70S-CZ-38044-604,Ostrava báňské n. VOK,49.844062,18.27435,train,0,-SR70ST-CZ-38044,,,,CZ,,604,,Europe/Prague,0
czptt,-SR70S-CZ-38045,"Ova hl.n. Sc101,102",49.848284,18.260773,train,0,,,,,CZ,,,,Europe/Prague,4
czptt,-SR70S-CZ-38072,Ostrava vjezd.výh.,49.831942,18.227232,train,0,,,,,CZ,,,,Europe/Prague,5
czptt,-SR70S-CZ-38073-1,Kopřivnice nákl.nádr,49.611132,18.148896,train,0,-SR70ST-CZ-38073,,,,CZ,,1,,Europe/Prague,0
czptt,-SR70S-CZ-38073-2,Kopřivnice nákl.nádr,49.611132,18.148896,train,0,-SR70ST-CZ-38073,,,,CZ,,2,,Europe/Prague,0
czptt,-SR70S-CZ-38084-602,Bohumín-Vrbice,49.881618,18.323448,train,0,-SR70ST-CZ-38084,,,,CZ,,602,,Europe/Prague,3
czptt,-SR70S-CZ-38084-606,Bohumín-Vrbice,49.881618,18.323448,train,0,-SR70ST-CZ-38084,,,,CZ,,606,,Europe/Prague,1
czptt,-SR70S-CZ-38114-4,Karviná-Doly,49.83598,18.519801,train,0,-SR70ST-CZ-38114,,,,CZ,,4,,Europe/Prague,1
czptt,-SR70S-CZ-38114-5,Karviná-Doly,49.83598,18.519801,train,0,-SR70ST-CZ-38114,,,,CZ,,5,,Europe/Prague,0
czptt,-SR70S-CZ-38124-1,ÚZK,49.822886,18.481808,train,0,-SR70ST-CZ-38124,,,,CZ,,1,,Europe/Prague,3
czptt,-SR70S-CZ-38124-2,ÚZK,49.822886,18.481808,train,0,-SR70ST-CZ-38124,,,,CZ,,2,,Europe/Prague,0
czptt,-SR70S-CZ-38124-3,ÚZK,49.822886,18.481808,train,0,-SR70ST-CZ-38124,,,,CZ,,3,,Europe/Prague,3
czptt,-SR70S-CZ-38143,ČSM jih,49.804365,18.557354,train,0,,,,,CZ,,,,Europe/Prague,0
czptt,-SR70S-CZ-38143-101,ČSM jih,49.804365,18.557354,train,0,-SR70ST-CZ-38143,,,,CZ,,101,,Europe/Prague,1
czptt,-SR70S-CZ-38143-101a,ČSM jih,49.804365,18.557354,train,0,-SR70ST-CZ-38143,,,,CZ,,101a,,Europe/Prague,1
czptt,-SR70S-CZ-38154,Ostrava-důl Zárubek,49.826082,18.300365,train,0,,,,,CZ,,,,Europe/Prague,0
czptt,-SR70S-CZ-38154-1,Ostrava-důl Zárubek,49.826082,18.300365,train,0,-SR70ST-CZ-38154,,,,CZ,,1,,Europe/Prague,5
czptt,-SR70S-CZ-38154-110,Ostrava-důl Zárubek,49.826082,18.300365,train,0,-SR70ST-CZ-38154,,,,CZ,,110,,Europe/Prague,0
czptt,-SR70S-CZ-38154-2,Ostrava-důl Zárubek,49.826082,18.300365,train,0,-SR70ST-CZ-38154,,,,CZ,,2,,Europe/Prague,0
czptt,-SR70S-CZ-38154-4,Ostrava-důl Zárubek,49.826082,18.300365,train,0,-SR70ST-CZ-38154,,,,CZ,,4,,Europe/Prague,2
czptt,-SR70S-CZ-38154-4b,Ostrava-důl Zárubek,49.826082,18.300365,train,0,-SR70ST-CZ-38154,,,,CZ,,4b,,Europe/Prague,0
czptt,-SR70S-CZ-38154-6,Ostrava-důl Zárubek,49.826082,18.300365,train,0,-SR70ST-CZ-38154,,,,CZ,,6,,Europe/Prague,2
czptt,-SR70S-CZ-38225,Brno-Černovice zhl.Táborská odbočka,49.194442,16.638805,train,0,,,,,CZ,,,,Europe/Prague,3
czptt,-SR70S-CZ-38245,Odb Chotěbuz,49.778768,18.600438,train,0,,,,,CZ,,,,Europe/Prague,0
czptt,-SR70S-CZ-38274,Odra odbočka,49.795408,18.213449,train,0,,,,,CZ,,,,Europe/Prague,3
czptt,-SR70S-CZ-38314-1,Polanka nad Odrou výhybna,49.787769,18.1943,train,0,-SR70ST-CZ-38314,,,,CZ,,1,,Europe/Prague,0
czptt,-SR70S-CZ-38314-2,Polanka nad Odrou výhybna,49.787769,18.1943,train,0,-SR70ST-CZ-38314,,,,CZ,,2,,Europe/Prague,3
czptt,-SR70S-CZ-38314-3,Polanka nad Odrou výhybna,49.787769,18.1943,train,0,-SR70ST-CZ-38314,,,,CZ,,3,,Europe/Prague,48
czptt,-SR70S-CZ-38394,Bohumín-Vrbice S618a,49.894025,18.340055,train,0,,,,,CZ,,,,Europe/Prague,1
czptt,-SR70S-CZ-50031,hi Praha jih odjezd,50.065358,14.47233,train,0,,,,,CZ,,,,Europe/Prague,0
czptt,-SR70S-CZ-50532,Hrádek n.N. st.hr.,50.869197,14.84004,train,0,,,,,CZ,,,,Europe/Prague,0
czptt,-SR70S-CZ-50709,Varnsdorf státní hranice,50.902571,14.644487,train,0,,,,,CZ,,,,Europe/Prague,3
czptt,-SR70S-CZ-50719,Děčín státní hranice,50.859461,14.222233,train,0,,,,,CZ,,,,Europe/Prague,0
czptt,-SR70S-CZ-50921,Harrachov státní hranice,50.778456,15.396339,train,0,,,,,CZ,,,,Europe/Prague,0
czptt,-SR70S-CZ-51229,Velemín,50.544595,13.985958,train,0,,,,,CZ,,,,Europe/Prague,50
czptt,-SR70S-CZ-51239,"Velemín, Dobkovičky",50.548973,13.995012,train,0,,,,,CZ,,,,Europe/Prague,4
czptt,-SR70S-CZ-53006,Praha-Běchovice střed,50.083523,14.614573,train,0,,,,,CZ,,,,Europe/Prague,615
czptt,-SR70S-CZ-53006-1b,Praha-Běchovice střed,50.083523,14.614573,train,0,-SR70ST-CZ-53006,,,,CZ,,1b,,Europe/Prague,722
czptt,-SR70S-CZ-53006-2b,Praha-Běchovice střed,50.083523,14.614573,train,0,-SR70ST-CZ-53006,,,,CZ,,2b,,Europe/Prague,637
czptt,-SR70S-CZ-53011-1,Dobšice nad Cidlinou,50.140101,15.263655,train,0,-SR70ST-CZ-53011,,,,CZ,,1,,Europe/Prague,541
czptt,-SR70S-CZ-53011-3,Dobšice nad Cidlinou,50.140101,15.263655,train,0,-SR70ST-CZ-53011,,,,CZ,,3,,Europe/Prague,13
czptt,-SR70S-CZ-53014-1,Všetaty,50.282425,14.584542,train,0,-SR70ST-CZ-53014,,,,CZ,,1,,Europe/Prague,203
czptt,-SR70S-CZ-53014-14,Všetaty,50.282425,14.584542,train,0,-SR70ST-CZ-53014,,,,CZ,,14,,Europe/Prague,2
czptt,-SR70S-CZ-53014-16,Všetaty,50.282425,14.584542,train,0,-SR70ST-CZ-53014,,,,CZ,,16,,Europe/Prague,4
czptt,-SR70S-CZ-53014-16a,Všetaty,50.282425,14.584542,train,0,-SR70ST-CZ-53014,,,,CZ,,16a,,Europe/Prague,763
czptt,-SR70S-CZ-53014-18,Všetaty,50.282425,14.584542,train,0,-SR70ST-CZ-53014,,,,CZ,,18,,Europe/Prague,496
czptt,-SR70S-CZ-53014-2,Všetaty,50.282425,14.584542,train,0,-SR70ST-CZ-53014,,,,CZ,,2,,Europe/Prague,153
czptt,-SR70S-CZ-53014-20,Všetaty,50.282425,14.584542,train,0,-SR70ST-CZ-53014,,,,CZ,,20,,Europe/Prague,17
czptt,-SR70S-CZ-53014-3,Všetaty,50.282425,14.584542,train,0,-SR70ST-CZ-53014,,,,CZ,,3,,Europe/Prague,21
czptt,-SR70S-CZ-53014-5,Všetaty,50.282425,14.584542,train,0,-SR70ST-CZ-53014,,,,CZ,,5,,Europe/Prague,24
czptt,-SR70S-CZ-53016-1,Praha-Běchovice,50.082234,14.598245,train,0,-SR70ST-CZ-53016,,,,CZ,,1,,Europe/Prague,1034
czptt,-SR70S-CZ-53016-101,Praha-Běchovice,50.082234,14.598245,train,0,-SR70ST-CZ-53016,,,,CZ,,101,,Europe/Prague,2
czptt,-SR70S-CZ-53016-101c,Praha-Běchovice,50.082234,14.598245,train,0,-SR70ST-CZ-53016,,,,CZ,,101c,,Europe/Prague,3
czptt,-SR70S-CZ-53016-102c,Praha-Běchovice,50.082234,14.598245,train,0,-SR70ST-CZ-53016,,,,CZ,,102c,,Europe/Prague,3
czptt,-SR70S-CZ-53016-103,Praha-Běchovice,50.082234,14.598245,train,0,-SR70ST-CZ-53016,,,,CZ,,103,,Europe/Prague,0
czptt,-SR70S-CZ-53016-104,Praha-Běchovice,50.082234,14.598245,train,0,-SR70ST-CZ-53016,,,,CZ,,104,,Europe/Prague,0
czptt,-SR70S-CZ-53016-2,Praha-Běchovice,50.082234,14.598245,train,0,-SR70ST-CZ-53016,,,,CZ,,2,,Europe/Prague,964
czptt,-SR70S-CZ-53016-3,Praha-Běchovice,50.082234,14.598245,train,0,-SR70ST-CZ-53016,,,,CZ,,3,,Europe/Prague,32
czptt,-SR70S-CZ-53018-1,Mělník,50.352977,14.492428,train,0,-SR70ST-CZ-53018,,,,CZ,,1,,Europe/Prague,184
czptt,-SR70S-CZ-53018-2,Mělník,50.352977,14.492428,train,0,-SR70ST-CZ-53018,,,,CZ,,2,,Europe/Prague,151
czptt,-SR70S-CZ-53018-3,Mělník,50.352977,14.492428,train,0,-SR70ST-CZ-53018,,,,CZ,,3,,Europe/Prague,433
czptt,-SR70S-CZ-53018-4,Mělník,50.352977,14.492428,train,0,-SR70ST-CZ-53018,,,,CZ,,4,,Europe/Prague,44
czptt,-SR70S-CZ-53020,Lípa nad Orlicí,50.141467,16.102494,train,0,,,,,CZ,,,,Europe/Prague,491
czptt,-SR70S-CZ-53021,Sány,50.13011,15.241088,train,0,,,,,CZ,,,,Europe/Prague,555
czptt,-SR70S-CZ-53024-1,Dřísy,50.242736,14.634375,train,0,-SR70ST-CZ-53024,,,,CZ,,1,,Europe/Prague,54
czptt,-SR70S-CZ-53024-2,Dřísy,50.242736,14.634375,train,0,-SR70ST-CZ-53024,,,,CZ,,2,,Europe/Prague,52
czptt,-SR70S-CZ-53026-1,Praha-Žvahov,50.045649,14.402396,train,0,-SR70ST-CZ-53026,,,,CZ,,1,,Europe/Prague,274
czptt,-SR70S-CZ-53026-3,Praha-Žvahov,50.045649,14.402396,train,0,-SR70ST-CZ-53026,,,,CZ,,3,,Europe/Prague,306
czptt,-SR70S-CZ-53028,Malý Újezd,50.333374,14.525742,train,0,,,,,CZ,,,,Europe/Prague,326
czptt,-SR70S-CZ-53030-1,Převýšov,50.152656,15.407364,train,0,-SR70ST-CZ-53030,,,,CZ,,1,,Europe/Prague,541
czptt,-SR70S-CZ-53034,Ovčáry,50.253754,14.614139,train,0,,,,,CZ,,,,Europe/Prague,107
czptt,-SR70S-CZ-53036,Praha-Dolní Počernice,50.08845,14.56852,train,0,,,,,CZ,,,,Europe/Prague,2000
czptt,-SR70S-CZ-53040-1,Choťovice,50.146016,15.329104,train,0,-SR70ST-CZ-53040,,,,CZ,,1,,Europe/Prague,0
czptt,-SR70S-CZ-53044-1,Stará Boleslav,50.209765,14.692352,train,0,-SR70ST-CZ-53044,,,,CZ,,1,,Europe/Prague,164
czptt,-SR70S-CZ-53044-2,Stará Boleslav,50.209765,14.692352,train,0,-SR70ST-CZ-53044,,,,CZ,,2,,Europe/Prague,152
czptt,-SR70S-CZ-53046-0,Úvaly,50.075085,14.722456,train,0,-SR70ST-CZ-53046,,,,CZ,,0,,Europe/Prague,0
czptt,-SR70S-CZ-53046-0b,Úvaly,50.075085,14.722456,train,0,-SR70ST-CZ-53046,,,,CZ,,0b,,Europe/Prague,0
czptt,-SR70S-CZ-53046-1,Úvaly,50.075085,14.722456,train,0,-SR70ST-CZ-53046,,,,CZ,,1,,Europe/Prague,6
czptt,-SR70S-CZ-53046-1b,Úvaly,50.075085,14.722456,train,0,-SR70ST-CZ-53046,,,,CZ,,1b,,Europe/Prague,0
czptt,-SR70S-CZ-53046-1c,Úvaly,50.075085,14.722456,train,0,-SR70ST-CZ-53046,,,,CZ,,1c,,Europe/Prague,886
czptt,-SR70S-CZ-53046-2,Úvaly,50.075085,14.722456,train,0,-SR70ST-CZ-53046,,,,CZ,,2,,Europe/Prague,704
czptt,-SR70S-CZ-53046-3,Úvaly,50.075085,14.722456,train,0,-SR70ST-CZ-53046,,,,CZ,,3,,Europe/Prague,274
czptt,-SR70S-CZ-53046-4,Úvaly,50.075085,14.722456,train,0,-SR70ST-CZ-53046,,,,CZ,,4,,Europe/Prague,126
czptt,-SR70S-CZ-53046-4a,Úvaly,50.075085,14.722456,train,0,-SR70ST-CZ-53046,,,,CZ,,4a,,Europe/Prague,0
czptt,-SR70S-CZ-53047,hr.VUSC 0100/0200 04,50.08252,14.705019,train,0,,,,,CZ,,,,Europe/Prague,3
czptt,-SR70S-CZ-53048,Mělník-Mlazice,50.375217,14.467734,train,0,,,,,CZ,,,,Europe/Prague,121
czptt,-SR70S-CZ-53050-1,Chlumec nad Cidlinou,50.163565,15.457283,train,0,-SR70ST-CZ-53050,,,,CZ,,1,,Europe/Prague,462
czptt,-SR70S-CZ-53050-2,Chlumec nad Cidlinou,50.163565,15.457283,train,0,-SR70ST-CZ-53050,,,,CZ,,2,,Europe/Prague,274
czptt,-SR70S-CZ-53050-3,Chlumec nad Cidlinou,50.163565,15.457283,train,0,-SR70ST-CZ-53050,,,,CZ,,3,,Europe/Prague,681
czptt,-SR70S-CZ-53050-4,Chlumec nad Cidlinou,50.163565,15.457283,train,0,-SR70ST-CZ-53050,,,,CZ,,4,,Europe/Prague,244
czptt,-SR70S-CZ-53050-5,Chlumec nad Cidlinou,50.163565,15.457283,train,0,-SR70ST-CZ-53050,,,,CZ,,5,,Europe/Prague,455
czptt,-SR70S-CZ-53054,Otradovice,50.20604,14.746252,train,0,,,,,CZ,,,,Europe/Prague,107
czptt,-SR70S-CZ-53056,Praha-Klánovice,50.087057,14.663021,train,0,,,,,CZ,,,,Europe/Prague,1996
czptt,-SR70S-CZ-53058-1,Liběchov,50.414386,14.435746,train,0,-SR70ST-CZ-53058,,,,CZ,,1,,Europe/Prague,65
czptt,-SR70S-CZ-53058-2,Liběchov,50.414386,14.435746,train,0,-SR70ST-CZ-53058,,,,CZ,,2,,Europe/Prague,56
czptt,-SR70S-CZ-53060-1,Nové Město nad Cidlinou,50.150222,15.502185,train,0,-SR70ST-CZ-53060,,,,CZ,,1,,Europe/Prague,360
czptt,-SR70S-CZ-53060-2,Nové Město nad Cidlinou,50.150222,15.502185,train,0,-SR70ST-CZ-53060,,,,CZ,,2,,Europe/Prague,12
czptt,-SR70S-CZ-53066-0,Český Brod,50.076706,14.867044,train,0,-SR70ST-CZ-53066,,,,CZ,,0,,Europe/Prague,0
czptt,-SR70S-CZ-53066-1,Český Brod,50.076706,14.867044,train,0,-SR70ST-CZ-53066,,,,CZ,,1,,Europe/Prague,593
czptt,-SR70S-CZ-53066-2,Český Brod,50.076706,14.867044,train,0,-SR70ST-CZ-53066,,,,CZ,,2,,Europe/Prague,527
czptt,-SR70S-CZ-53066-3,Český Brod,50.076706,14.867044,train,0,-SR70ST-CZ-53066,,,,CZ,,3,,Europe/Prague,593
czptt,-SR70S-CZ-53066-4,Český Brod,50.076706,14.867044,train,0,-SR70ST-CZ-53066,,,,CZ,,4,,Europe/Prague,206
czptt,-SR70S-CZ-53066-5,Český Brod,50.076706,14.867044,train,0,-SR70ST-CZ-53066,,,,CZ,,5,,Europe/Prague,135
czptt,-SR70S-CZ-53069-1,Štětí,50.456531,14.393912,train,0,-SR70ST-CZ-53069,,,,CZ,,1,,Europe/Prague,174
czptt,-SR70S-CZ-53069-2,Štětí,50.456531,14.393912,train,0,-SR70ST-CZ-53069,,,,CZ,,2,,Europe/Prague,156
czptt,-SR70S-CZ-53069-3,Štětí,50.456531,14.393912,train,0,-SR70ST-CZ-53069,,,,CZ,,3,,Europe/Prague,16
czptt,-SR70S-CZ-53069-5,Štětí,50.456531,14.393912,train,0,-SR70ST-CZ-53069,,,,CZ,,5,,Europe/Prague,21
czptt,-SR70S-CZ-53070-1,Káranice,50.155128,15.561326,train,0,-SR70ST-CZ-53070,,,,CZ,,1,,Europe/Prague,236
czptt,-SR70S-CZ-53070-3,Káranice,50.155128,15.561326,train,0,-SR70ST-CZ-53070,,,,CZ,,3,,Europe/Prague,79
czptt,-SR70S-CZ-53076,Tuklaty,50.076964,14.77027,train,0,,,,,CZ,,,,Europe/Prague,1277
czptt,-SR70S-CZ-53079-1,Hoštka,50.491513,14.327582,train,0,-SR70ST-CZ-53079,,,,CZ,,1,,Europe/Prague,85
czptt,-SR70S-CZ-53079-2,Hoštka,50.491513,14.327582,train,0,-SR70ST-CZ-53079,,,,CZ,,2,,Europe/Prague,74
czptt,-SR70S-CZ-53080-1,Dobřenice,50.159697,15.656852,train,0,-SR70ST-CZ-53080,,,,CZ,,1,,Europe/Prague,351
czptt,-SR70S-CZ-53080-3,Dobřenice,50.159697,15.656852,train,0,-SR70ST-CZ-53080,,,,CZ,,3,,Europe/Prague,21
czptt,-SR70S-CZ-53086,Rostoklaty,50.078629,14.806061,train,0,,,,,CZ,,,,Europe/Prague,1277
czptt,-SR70S-CZ-53089-1,Polepy,50.510987,14.267529,train,0,-SR70ST-CZ-53089,,,,CZ,,1,,Europe/Prague,86
czptt,-SR70S-CZ-53089-2,Polepy,50.510987,14.267529,train,0,-SR70ST-CZ-53089,,,,CZ,,2,,Europe/Prague,75
czptt,-SR70S-CZ-53090,Kratonohy,50.157545,15.610816,train,0,,,,,CZ,,,,Europe/Prague,288
czptt,-SR70S-CZ-53096-0,Poříčany,50.111248,14.922794,train,0,-SR70ST-CZ-53096,,,,CZ,,0,,Europe/Prague,1
czptt,-SR70S-CZ-53096-1,Poříčany,50.111248,14.922794,train,0,-SR70ST-CZ-53096,,,,CZ,,1,,Europe/Prague,285
czptt,-SR70S-CZ-53096-2,Poříčany,50.111248,14.922794,train,0,-SR70ST-CZ-53096,,,,CZ,,2,,Europe/Prague,308
czptt,-SR70S-CZ-53096-3,Poříčany,50.111248,14.922794,train,0,-SR70ST-CZ-53096,,,,CZ,,3,,Europe/Prague,170
czptt,-SR70S-CZ-53096-4,Poříčany,50.111248,14.922794,train,0,-SR70ST-CZ-53096,,,,CZ,,4,,Europe/Prague,383
czptt,-SR70S-CZ-53096-5,Poříčany,50.111248,14.922794,train,0,-SR70ST-CZ-53096,,,,CZ,,5,,Europe/Prague,59
czptt,-SR70S-CZ-53096-6,Poříčany,50.111248,14.922794,train,0,-SR70ST-CZ-53096,,,,CZ,,6,,Europe/Prague,102
czptt,-SR70S-CZ-53096-8,Poříčany,50.111248,14.922794,train,0,-SR70ST-CZ-53096,,,,CZ,,8,,Europe/Prague,0
czptt,-SR70S-CZ-53099-2,Litoměřice dolní nádraží,50.532107,14.154681,train,0,-SR70ST-CZ-53099,,,,CZ,,2,,Europe/Prague,1
czptt,-SR70S-CZ-53100,Lhota pod Libčany,50.166699,15.696162,train,0,,,,,CZ,,,,Europe/Prague,315
czptt,-SR70S-CZ-53106,Klučov,50.093758,14.903648,train,0,,,,,CZ,,,,Europe/Prague,766
czptt,-SR70S-CZ-53109,Křešice u Litoměřic,50.526078,14.21465,train,0,,,,,CZ,,,,Europe/Prague,159
czptt,-SR70S-CZ-53110-1,Praskačka,50.175199,15.731474,train,0,-SR70ST-CZ-53110,,,,CZ,,1,,Europe/Prague,87
czptt,-SR70S-CZ-53110-5,Praskačka,50.175199,15.731474,train,0,-SR70ST-CZ-53110,,,,CZ,,5,,Europe/Prague,234
czptt,-SR70S-CZ-53114-1,Lysá nad Labem,50.195641,14.841838,train,0,-SR70ST-CZ-53114,,,,CZ,,1,,Europe/Prague,266
czptt,-SR70S-CZ-53114-13a,Lysá nad Labem,50.195641,14.841838,train,0,-SR70ST-CZ-53114,,,,CZ,,13a,,Europe/Prague,0
czptt,-SR70S-CZ-53114-2,Lysá nad Labem,50.195641,14.841838,train,0,-SR70ST-CZ-53114,,,,CZ,,2,,Europe/Prague,226
czptt,-SR70S-CZ-53114-2a,Lysá nad Labem,50.195641,14.841838,train,0,-SR70ST-CZ-53114,,,,CZ,,2a,,Europe/Prague,0
czptt,-SR70S-CZ-53114-3,Lysá nad Labem,50.195641,14.841838,train,0,-SR70ST-CZ-53114,,,,CZ,,3,,Europe/Prague,933
czptt,-SR70S-CZ-53114-4,Lysá nad Labem,50.195641,14.841838,train,0,-SR70ST-CZ-53114,,,,CZ,,4,,Europe/Prague,358
czptt,-SR70S-CZ-53114-4a,Lysá nad Labem,50.195641,14.841838,train,0,-SR70ST-CZ-53114,,,,CZ,,4a,,Europe/Prague,51
czptt,-SR70S-CZ-53114-5,Lysá nad Labem,50.195641,14.841838,train,0,-SR70ST-CZ-53114,,,,CZ,,5,,Europe/Prague,567
czptt,-SR70S-CZ-53114-6,Lysá nad Labem,50.195641,14.841838,train,0,-SR70ST-CZ-53114,,,,CZ,,6,,Europe/Prague,372
czptt,-SR70S-CZ-53116-1,Pečky,50.089788,15.02718,train,0,-SR70ST-CZ-53116,,,,CZ,,1,,Europe/Prague,181
czptt,-SR70S-CZ-53116-2,Pečky,50.089788,15.02718,train,0,-SR70ST-CZ-53116,,,,CZ,,2,,Europe/Prague,20
czptt,-SR70S-CZ-53116-3,Pečky,50.089788,15.02718,train,0,-SR70ST-CZ-53116,,,,CZ,,3,,Europe/Prague,281
czptt,-SR70S-CZ-53116-4,Pečky,50.089788,15.02718,train,0,-SR70ST-CZ-53116,,,,CZ,,4,,Europe/Prague,405
czptt,-SR70S-CZ-53116-5,Pečky,50.089788,15.02718,train,0,-SR70ST-CZ-53116,,,,CZ,,5,,Europe/Prague,6
czptt,-SR70S-CZ-53116-5a,Pečky,50.089788,15.02718,train,0,-SR70ST-CZ-53116,,,,CZ,,5a,,Europe/Prague,362
czptt,-SR70S-CZ-53116-7b,Pečky,50.089788,15.02718,train,0,-SR70ST-CZ-53116,,,,CZ,,7b,,Europe/Prague,4
czptt,-SR70S-CZ-53119,Litoměřice město,50.532571,14.139038,train,0,,,,,CZ,,,,Europe/Prague,435
czptt,-SR70S-CZ-53120-1,Hradec Král. hl. n.,50.214593,15.810363,train,0,-SR70ST-CZ-53120,,,,CZ,,1,,Europe/Prague,614
czptt,-SR70S-CZ-53120-10a,Hradec Král. hl. n.,50.214593,15.810363,train,0,-SR70ST-CZ-53120,,,,CZ,,10a,,Europe/Prague,517
czptt,-SR70S-CZ-53120-11,Hradec Král. hl. n.,50.214593,15.810363,train,0,-SR70ST-CZ-53120,,,,CZ,,11,,Europe/Prague,0
czptt,-SR70S-CZ-53120-12a,Hradec Král. hl. n.,50.214593,15.810363,train,0,-SR70ST-CZ-53120,,,,CZ,,12a,,Europe/Prague,208
czptt,-SR70S-CZ-53120-13,Hradec Král. hl. n.,50.214593,15.810363,train,0,-SR70ST-CZ-53120,,,,CZ,,13,,Europe/Prague,0
czptt,-SR70S-CZ-53120-13s,Hradec Král. hl. n.,50.214593,15.810363,train,0,-SR70ST-CZ-53120,,,,CZ,,13s,,Europe/Prague,315
czptt,-SR70S-CZ-53120-15,Hradec Král. hl. n.,50.214593,15.810363,train,0,-SR70ST-CZ-53120,,,,CZ,,15,,Europe/Prague,0
czptt,-SR70S-CZ-53120-2,Hradec Král. hl. n.,50.214593,15.810363,train,0,-SR70ST-CZ-53120,,,,CZ,,2,,Europe/Prague,1260
czptt,-SR70S-CZ-53120-2s,Hradec Král. hl. n.,50.214593,15.810363,train,0,-SR70ST-CZ-53120,,,,CZ,,2s,,Europe/Prague,18
czptt,-SR70S-CZ-53120-5,Hradec Král. hl. n.,50.214593,15.810363,train,0,-SR70ST-CZ-53120,,,,CZ,,5,,Europe/Prague,547
czptt,-SR70S-CZ-53120-5a,Hradec Král. hl. n.,50.214593,15.810363,train,0,-SR70ST-CZ-53120,,,,CZ,,5a,,Europe/Prague,68
czptt,-SR70S-CZ-53120-6,Hradec Král. hl. n.,50.214593,15.810363,train,0,-SR70ST-CZ-53120,,,,CZ,,6,,Europe/Prague,786
czptt,-SR70S-CZ-53120-6s,Hradec Král. hl. n.,50.214593,15.810363,train,0,-SR70ST-CZ-53120,,,,CZ,,6s,,Europe/Prague,14
czptt,-SR70S-CZ-53120-7,Hradec Král. hl. n.,50.214593,15.810363,train,0,-SR70ST-CZ-53120,,,,CZ,,7,,Europe/Prague,5
czptt,-SR70S-CZ-53120-8,Hradec Král. hl. n.,50.214593,15.810363,train,0,-SR70ST-CZ-53120,,,,CZ,,8,,Europe/Prague,482
czptt,-SR70S-CZ-53120-9,Hradec Král. hl. n.,50.214593,15.810363,train,0,-SR70ST-CZ-53120,,,,CZ,,9,,Europe/Prague,0
czptt,-SR70S-CZ-53124,Lysá nad Labem-Dvorce,50.200195,14.801596,train,0,,,,,CZ,,,,Europe/Prague,106
czptt,-SR70S-CZ-53126,Tatce,50.099069,14.986261,train,0,,,,,CZ,,,,Europe/Prague,793
czptt,-SR70S-CZ-53127,Odb Tatce,50.100661,14.979235,train,0,,,,,CZ,,,,Europe/Prague,3
czptt,-SR70S-CZ-53129-1,Velké Žernoseky,50.526159,14.080471,train,0,-SR70ST-CZ-53129,,,,CZ,,1,,Europe/Prague,105
czptt,-SR70S-CZ-53129-2,Velké Žernoseky,50.526159,14.080471,train,0,-SR70ST-CZ-53129,,,,CZ,,2,,Europe/Prague,103
czptt,-SR70S-CZ-53129-6,Velké Žernoseky,50.526159,14.080471,train,0,-SR70ST-CZ-53129,,,,CZ,,6,,Europe/Prague,0
czptt,-SR70S-CZ-53130,Hradec Králové-Kukleny,50.202036,15.798121,train,0,,,,,CZ,,,,Europe/Prague,261
czptt,-SR70S-CZ-53134-1,Kostomlaty nad Labem,50.18597,14.961675,train,0,-SR70ST-CZ-53134,,,,CZ,,1,,Europe/Prague,584
czptt,-SR70S-CZ-53134-2,Kostomlaty nad Labem,50.18597,14.961675,train,0,-SR70ST-CZ-53134,,,,CZ,,2,,Europe/Prague,437
czptt,-SR70S-CZ-53136,Radim,50.073277,15.00731,train,0,,,,,CZ,,,,Europe/Prague,359
czptt,-SR70S-CZ-53139,Libochovany,50.564226,14.040829,train,0,,,,,CZ,,,,Europe/Prague,190
czptt,-SR70S-CZ-53140-1,Hradec Králové-Slezské Předměstí,50.221836,15.859563,train,0,-SR70ST-CZ-53140,,,,CZ,,1,,Europe/Prague,835
czptt,-SR70S-CZ-53140-2,Hradec Králové-Slezské Předměstí,50.221836,15.859563,train,0,-SR70ST-CZ-53140,,,,CZ,,2,,Europe/Prague,135
czptt,-SR70S-CZ-53144,Stratov,50.187421,14.907162,train,0,,,,,CZ,,,,Europe/Prague,871
czptt,-SR70S-CZ-53146,Chotutice,50.071485,14.996297,train,0,,,,,CZ,,,,Europe/Prague,359
czptt,-SR70S-CZ-53149-1,Sebuzín,50.59293,14.053388,train,0,-SR70ST-CZ-53149,,,,CZ,,1,,Europe/Prague,28
czptt,-SR70S-CZ-53149-2,Sebuzín,50.59293,14.053388,train,0,-SR70ST-CZ-53149,,,,CZ,,2,,Europe/Prague,32
czptt,-SR70S-CZ-53150,Hradec Králové zastávka,50.222399,15.841436,train,0,,,,,CZ,,,,Europe/Prague,501
czptt,-SR70S-CZ-53154,Ostrá,50.187726,14.892548,train,0,,,,,CZ,,,,Europe/Prague,872
czptt,-SR70S-CZ-53156-1,Velim,50.067841,15.123708,train,0,-SR70ST-CZ-53156,,,,CZ,,1,,Europe/Prague,312
czptt,-SR70S-CZ-53156-2,Velim,50.067841,15.123708,train,0,-SR70ST-CZ-53156,,,,CZ,,2,,Europe/Prague,9
czptt,-SR70S-CZ-53156-3,Velim,50.067841,15.123708,train,0,-SR70ST-CZ-53156,,,,CZ,,3,,Europe/Prague,128
czptt,-SR70S-CZ-53156-4,Velim,50.067841,15.123708,train,0,-SR70ST-CZ-53156,,,,CZ,,4,,Europe/Prague,393
czptt,-SR70S-CZ-53159,Ústí n.L. západ,50.658149,14.029697,train,0,,,,,CZ,,,,Europe/Prague,0
czptt,-SR70S-CZ-53159-1a,Ústí n.L. západ,50.658149,14.029697,train,0,-SR70ST-CZ-53159,,,,CZ,,1a,,Europe/Prague,607
czptt,-SR70S-CZ-53159-2b,Ústí n.L. západ,50.658149,14.029697,train,0,-SR70ST-CZ-53159,,,,CZ,,2b,,Europe/Prague,651
czptt,-SR70S-CZ-53159-3b,Ústí n.L. západ,50.658149,14.029697,train,0,-SR70ST-CZ-53159,,,,CZ,,3b,,Europe/Prague,358
czptt,-SR70S-CZ-53159-5b,Ústí n.L. západ,50.658149,14.029697,train,0,-SR70ST-CZ-53159,,,,CZ,,5b,,Europe/Prague,262
czptt,-SR70S-CZ-53159-9a,Ústí n.L. západ,50.658149,14.029697,train,0,-SR70ST-CZ-53159,,,,CZ,,9a,,Europe/Prague,0
czptt,-SR70S-CZ-53160-1,Třebechovice pod Orebem,50.200007,15.982306,train,0,-SR70ST-CZ-53160,,,,CZ,,1,,Europe/Prague,664
czptt,-SR70S-CZ-53160-2,Třebechovice pod Orebem,50.200007,15.982306,train,0,-SR70ST-CZ-53160,,,,CZ,,2,,Europe/Prague,307
czptt,-SR70S-CZ-53166,Cerhenice,50.078115,15.07857,train,0,,,,,CZ,,,,Europe/Prague,844
czptt,-SR70S-CZ-53167,Odb Cerhenice,50.079765,15.071286,train,0,,,,,CZ,,,,Europe/Prague,3
czptt,-SR70S-CZ-53170,Blešno,50.214704,15.935986,train,0,,,,,CZ,,,,Europe/Prague,501
czptt,-SR70S-CZ-53176,Nová Ves u Kolína,50.055001,15.150711,train,0,,,,,CZ,,,,Europe/Prague,807
czptt,-SR70S-CZ-53179-1,Ústí n. L. hl. n.,50.65915,14.044078,train,0,-SR70ST-CZ-53179,,,,CZ,,1,,Europe/Prague,390
czptt,-SR70S-CZ-53179-2,Ústí n. L. hl. n.,50.65915,14.044078,train,0,-SR70ST-CZ-53179,,,,CZ,,2,,Europe/Prague,908
czptt,-SR70S-CZ-53179-3,Ústí n. L. hl. n.,50.65915,14.044078,train,0,-SR70ST-CZ-53179,,,,CZ,,3,,Europe/Prague,1319
czptt,-SR70S-CZ-53179-5,Ústí n. L. hl. n.,50.65915,14.044078,train,0,-SR70ST-CZ-53179,,,,CZ,,5,,Europe/Prague,650
czptt,-SR70S-CZ-53179-7,Ústí n. L. hl. n.,50.65915,14.044078,train,0,-SR70ST-CZ-53179,,,,CZ,,7,,Europe/Prague,490
czptt,-SR70S-CZ-53179-9,Ústí n. L. hl. n.,50.65915,14.044078,train,0,-SR70ST-CZ-53179,,,,CZ,,9,,Europe/Prague,233
czptt,-SR70S-CZ-53180-1,Týniště nad Orlicí,50.154167,16.074888,train,0,-SR70ST-CZ-53180,,,,CZ,,1,,Europe/Prague,506
czptt,-SR70S-CZ-53180-2,Týniště nad Orlicí,50.154167,16.074888,train,0,-SR70ST-CZ-53180,,,,CZ,,2,,Europe/Prague,486
czptt,-SR70S-CZ-53180-20,Týniště nad Orlicí,50.154167,16.074888,train,0,-SR70ST-CZ-53180,,,,CZ,,20,,Europe/Prague,88
czptt,-SR70S-CZ-53180-3,Týniště nad Orlicí,50.154167,16.074888,train,0,-SR70ST-CZ-53180,,,,CZ,,3,,Europe/Prague,501
czptt,-SR70S-CZ-53180-4c,Týniště nad Orlicí,50.154167,16.074888,train,0,-SR70ST-CZ-53180,,,,CZ,,4c,,Europe/Prague,15
czptt,-SR70S-CZ-53180-5,Týniště nad Orlicí,50.154167,16.074888,train,0,-SR70ST-CZ-53180,,,,CZ,,5,,Europe/Prague,367
czptt,-SR70S-CZ-53180-6,Týniště nad Orlicí,50.154167,16.074888,train,0,-SR70ST-CZ-53180,,,,CZ,,6,,Europe/Prague,192
czptt,-SR70S-CZ-53180-8,Týniště nad Orlicí,50.154167,16.074888,train,0,-SR70ST-CZ-53180,,,,CZ,,8,,Europe/Prague,0
czptt,-SR70S-CZ-53186-1,Karlštejn,49.931949,14.175332,train,0,-SR70ST-CZ-53186,,,,CZ,,1,,Europe/Prague,1201
czptt,-SR70S-CZ-53186-2,Karlštejn,49.931949,14.175332,train,0,-SR70ST-CZ-53186,,,,CZ,,2,,Europe/Prague,1158
czptt,-SR70S-CZ-53186-4,Karlštejn,49.931949,14.175332,train,0,-SR70ST-CZ-53186,,,,CZ,,4,,Europe/Prague,177
czptt,-SR70S-CZ-53186-5,Karlštejn,49.931949,14.175332,train,0,-SR70ST-CZ-53186,,,,CZ,,5,,Europe/Prague,10
czptt,-SR70S-CZ-53186-7,Karlštejn,49.931949,14.175332,train,0,-SR70ST-CZ-53186,,,,CZ,,7,,Europe/Prague,65
czptt,-SR70S-CZ-53190,Petrovice nad Orlicí,50.173789,16.045957,train,0,,,,,CZ,,,,Europe/Prague,483
czptt,-SR70S-CZ-53196,Srbsko,49.936954,14.131159,train,0,,,,,CZ,,,,Europe/Prague,2034
czptt,-SR70S-CZ-53199-201,Ústí nad Labem sever,50.66426,14.080619,train,0,-SR70ST-CZ-53199,,,,CZ,,201,,Europe/Prague,7
czptt,-SR70S-CZ-53199-201a,Ústí nad Labem sever,50.66426,14.080619,train,0,-SR70ST-CZ-53199,,,,CZ,,201a,,Europe/Prague,289
czptt,-SR70S-CZ-53199-202,Ústí nad Labem sever,50.66426,14.080619,train,0,-SR70ST-CZ-53199,,,,CZ,,202,,Europe/Prague,97
czptt,-SR70S-CZ-53199-202a,Ústí nad Labem sever,50.66426,14.080619,train,0,-SR70ST-CZ-53199,,,,CZ,,202a,,Europe/Prague,214
czptt,-SR70S-CZ-53200-1,Častolovice,50.12846,16.173691,train,0,-SR70ST-CZ-53200,,,,CZ,,1,,Europe/Prague,719
czptt,-SR70S-CZ-53200-1a,Častolovice,50.12846,16.173691,train,0,-SR70ST-CZ-53200,,,,CZ,,1a,,Europe/Prague,13
czptt,-SR70S-CZ-53200-2,Častolovice,50.12846,16.173691,train,0,-SR70ST-CZ-53200,,,,CZ,,2,,Europe/Prague,352
czptt,-SR70S-CZ-53200-3,Častolovice,50.12846,16.173691,train,0,-SR70ST-CZ-53200,,,,CZ,,3,,Europe/Prague,1
czptt,-SR70S-CZ-53200-4,Častolovice,50.12846,16.173691,train,0,-SR70ST-CZ-53200,,,,CZ,,4,,Europe/Prague,274
czptt,-SR70S-CZ-53206,Zadní Třebaň,49.918805,14.20321,train,0,,,,,CZ,,,,Europe/Prague,6
czptt,-SR70S-CZ-53206-1,Zadní Třebaň,49.918805,14.20321,train,0,-SR70ST-CZ-53206,,,,CZ,,1,,Europe/Prague,1223
czptt,-SR70S-CZ-53206-2,Zadní Třebaň,49.918805,14.20321,train,0,-SR70ST-CZ-53206,,,,CZ,,2,,Europe/Prague,1168
czptt,-SR70S-CZ-53206-5,Zadní Třebaň,49.918805,14.20321,train,0,-SR70ST-CZ-53206,,,,CZ,,5,,Europe/Prague,515
czptt,-SR70S-CZ-53206-7,Zadní Třebaň,49.918805,14.20321,train,0,-SR70ST-CZ-53206,,,,CZ,,7,,Europe/Prague,2
czptt,-SR70S-CZ-53209-1,Ústí n.L.-Střekov,50.650008,14.0486,train,0,-SR70ST-CZ-53209,,,,CZ,,1,,Europe/Prague,122
czptt,-SR70S-CZ-53209-10,Ústí n.L.-Střekov,50.650008,14.0486,train,0,-SR70ST-CZ-53209,,,,CZ,,10,,Europe/Prague,5
czptt,-SR70S-CZ-53209-2,Ústí n.L.-Střekov,50.650008,14.0486,train,0,-SR70ST-CZ-53209,,,,CZ,,2,,Europe/Prague,209
czptt,-SR70S-CZ-53209-3,Ústí n.L.-Střekov,50.650008,14.0486,train,0,-SR70ST-CZ-53209,,,,CZ,,3,,Europe/Prague,201
czptt,-SR70S-CZ-53209-3a,Ústí n.L.-Střekov,50.650008,14.0486,train,0,-SR70ST-CZ-53209,,,,CZ,,3a,,Europe/Prague,11
czptt,-SR70S-CZ-53209-5,Ústí n.L.-Střekov,50.650008,14.0486,train,0,-SR70ST-CZ-53209,,,,CZ,,5,,Europe/Prague,186
czptt,-SR70S-CZ-53210,Čestice,50.130344,16.147718,train,0,,,,,CZ,,,,Europe/Prague,879
czptt,-SR70S-CZ-53214-1,Nymburk hl. n.,50.193374,15.045512,train,0,-SR70ST-CZ-53214,,,,CZ,,1,,Europe/Prague,605
czptt,-SR70S-CZ-53214-12,Nymburk hl. n.,50.193374,15.045512,train,0,-SR70ST-CZ-53214,,,,CZ,,12,,Europe/Prague,449
czptt,-SR70S-CZ-53214-14,Nymburk hl. n.,50.193374,15.045512,train,0,-SR70ST-CZ-53214,,,,CZ,,14,,Europe/Prague,483
czptt,-SR70S-CZ-53214-18,Nymburk hl. n.,50.193374,15.045512,train,0,-SR70ST-CZ-53214,,,,CZ,,18,,Europe/Prague,797
czptt,-SR70S-CZ-53214-2,Nymburk hl. n.,50.193374,15.045512,train,0,-SR70ST-CZ-53214,,,,CZ,,2,,Europe/Prague,424
czptt,-SR70S-CZ-53214-3,Nymburk hl. n.,50.193374,15.045512,train,0,-SR70ST-CZ-53214,,,,CZ,,3,,Europe/Prague,479
czptt,-SR70S-CZ-53214-3a,Nymburk hl. n.,50.193374,15.045512,train,0,-SR70ST-CZ-53214,,,,CZ,,3a,,Europe/Prague,0
czptt,-SR70S-CZ-53214-4,Nymburk hl. n.,50.193374,15.045512,train,0,-SR70ST-CZ-53214,,,,CZ,,4,,Europe/Prague,0
czptt,-SR70S-CZ-53214-6,Nymburk hl. n.,50.193374,15.045512,train,0,-SR70ST-CZ-53214,,,,CZ,,6,,Europe/Prague,0
czptt,-SR70S-CZ-53214-8,Nymburk hl. n.,50.193374,15.045512,train,0,-SR70ST-CZ-53214,,,,CZ,,8,,Europe/Prague,338
czptt,-SR70S-CZ-53216-1,Řevnice,49.916458,14.238839,train,0,-SR70ST-CZ-53216,,,,CZ,,1,,Europe/Prague,1443
czptt,-SR70S-CZ-53216-2,Řevnice,49.916458,14.238839,train,0,-SR70ST-CZ-53216,,,,CZ,,2,,Europe/Prague,1253
czptt,-SR70S-CZ-53216-3,Řevnice,49.916458,14.238839,train,0,-SR70ST-CZ-53216,,,,CZ,,3,,Europe/Prague,353
czptt,-SR70S-CZ-53216-6,Řevnice,49.916458,14.238839,train,0,-SR70ST-CZ-53216,,,,CZ,,6,,Europe/Prague,381
czptt,-SR70S-CZ-53220,Častolovice zastávka,50.127625,16.190479,train,0,,,,,CZ,,,,Europe/Prague,609
czptt,-SR70S-CZ-53221,Pha-Rajská zahrada z,50.107697,14.560164,train,0,,,,,CZ,,,,Europe/Prague,2550
czptt,-SR70S-CZ-53222,hr.DU 188402/188404,49.859477,16.476113,train,0,,,,,CZ,,,,Europe/Prague,0
czptt,-SR70S-CZ-53224,Kamenné Zboží,50.188996,15.00339,train,0,,,,,CZ,,,,Europe/Prague,849
czptt,-SR70S-CZ-53226-1,Dobřichovice,49.927449,14.287925,train,0,-SR70ST-CZ-53226,,,,CZ,,1,,Europe/Prague,1702
czptt,-SR70S-CZ-53226-2,Dobřichovice,49.927449,14.287925,train,0,-SR70ST-CZ-53226,,,,CZ,,2,,Europe/Prague,1652
czptt,-SR70S-CZ-53226-3,Dobřichovice,49.927449,14.287925,train,0,-SR70ST-CZ-53226,,,,CZ,,3,,Europe/Prague,0
czptt,-SR70S-CZ-53226-6,Dobřichovice,49.927449,14.287925,train,0,-SR70ST-CZ-53226,,,,CZ,,6,,Europe/Prague,0
czptt,-SR70S-CZ-53230,Synkov,50.139364,16.218599,train,0,,,,,CZ,,,,Europe/Prague,550
czptt,-SR70S-CZ-53234-1,Poděbrady,50.149641,15.123755,train,0,-SR70ST-CZ-53234,,,,CZ,,1,,Europe/Prague,1161
czptt,-SR70S-CZ-53234-2,Poděbrady,50.149641,15.123755,train,0,-SR70ST-CZ-53234,,,,CZ,,2,,Europe/Prague,1158
czptt,-SR70S-CZ-53234-3,Poděbrady,50.149641,15.123755,train,0,-SR70ST-CZ-53234,,,,CZ,,3,,Europe/Prague,3
czptt,-SR70S-CZ-53234-4,Poděbrady,50.149641,15.123755,train,0,-SR70ST-CZ-53234,,,,CZ,,4,,Europe/Prague,118
czptt,-SR70S-CZ-53236,Všenory,49.93279,14.305235,train,0,,,,,CZ,,,,Europe/Prague,3337
czptt,-SR70S-CZ-53239-1,Trmice,50.647452,13.987103,train,0,-SR70ST-CZ-53239,,,,CZ,,1,,Europe/Prague,246
czptt,-SR70S-CZ-53239-7,Trmice,50.647452,13.987103,train,0,-SR70ST-CZ-53239,,,,CZ,,7,,Europe/Prague,0
czptt,-SR70S-CZ-53240-1,Kostelec nad Orlicí,50.11655,16.224067,train,0,-SR70ST-CZ-53240,,,,CZ,,1,,Europe/Prague,208
czptt,-SR70S-CZ-53240-2,Kostelec nad Orlicí,50.11655,16.224067,train,0,-SR70ST-CZ-53240,,,,CZ,,2,,Europe/Prague,27
czptt,-SR70S-CZ-53244,Velké Zboží,50.165044,15.100233,train,0,,,,,CZ,,,,Europe/Prague,1009
czptt,-SR70S-CZ-53246,Černošice-Mokropsy,49.9462,14.330513,train,0,,,,,CZ,,,,Europe/Prague,3338
czptt,-SR70S-CZ-53249,Koštov,50.633194,13.987809,train,0,,,,,CZ,,,,Europe/Prague,217
czptt,-SR70S-CZ-53250,Kostelec nad Orlicí město,50.119867,16.205055,train,0,,,,,CZ,,,,Europe/Prague,684
czptt,-SR70S-CZ-53254-1,Libice nad Cidlinou,50.127791,15.182852,train,0,-SR70ST-CZ-53254,,,,CZ,,1,,Europe/Prague,468
czptt,-SR70S-CZ-53254-2,Libice nad Cidlinou,50.127791,15.182852,train,0,-SR70ST-CZ-53254,,,,CZ,,2,,Europe/Prague,497
czptt,-SR70S-CZ-53256-1,Praha-Radotín,49.985951,14.364241,train,0,-SR70ST-CZ-53256,,,,CZ,,1,,Europe/Prague,653
czptt,-SR70S-CZ-53256-10,Praha-Radotín,49.985951,14.364241,train,0,-SR70ST-CZ-53256,,,,CZ,,10,,Europe/Prague,0
czptt,-SR70S-CZ-53256-1a,Praha-Radotín,49.985951,14.364241,train,0,-SR70ST-CZ-53256,,,,CZ,,1a,,Europe/Prague,10
czptt,-SR70S-CZ-53256-1b,Praha-Radotín,49.985951,14.364241,train,0,-SR70ST-CZ-53256,,,,CZ,,1b,,Europe/Prague,64
czptt,-SR70S-CZ-53256-2,Praha-Radotín,49.985951,14.364241,train,0,-SR70ST-CZ-53256,,,,CZ,,2,,Europe/Prague,574
czptt,-SR70S-CZ-53256-2a,Praha-Radotín,49.985951,14.364241,train,0,-SR70ST-CZ-53256,,,,CZ,,2a,,Europe/Prague,10
czptt,-SR70S-CZ-53256-2c,Praha-Radotín,49.985951,14.364241,train,0,-SR70ST-CZ-53256,,,,CZ,,2c,,Europe/Prague,43
czptt,-SR70S-CZ-53256-3,Praha-Radotín,49.985951,14.364241,train,0,-SR70ST-CZ-53256,,,,CZ,,3,,Europe/Prague,1164
czptt,-SR70S-CZ-53256-4,Praha-Radotín,49.985951,14.364241,train,0,-SR70ST-CZ-53256,,,,CZ,,4,,Europe/Prague,13
czptt,-SR70S-CZ-53256-6,Praha-Radotín,49.985951,14.364241,train,0,-SR70ST-CZ-53256,,,,CZ,,6,,Europe/Prague,1236
czptt,-SR70S-CZ-53257,hr.VUSC 0100/0200 07,49.970986,14.332078,train,0,,,,,CZ,,,,Europe/Prague,2
czptt,-SR70S-CZ-53260-1,Doudleby nad Orlicí,50.109347,16.25882,train,0,-SR70ST-CZ-53260,,,,CZ,,1,,Europe/Prague,468
czptt,-SR70S-CZ-53260-2,Doudleby nad Orlicí,50.109347,16.25882,train,0,-SR70ST-CZ-53260,,,,CZ,,2,,Europe/Prague,302
czptt,-SR70S-CZ-53260-3,Doudleby nad Orlicí,50.109347,16.25882,train,0,-SR70ST-CZ-53260,,,,CZ,,3,,Europe/Prague,67
czptt,-SR70S-CZ-53260-4,Doudleby nad Orlicí,50.109347,16.25882,train,0,-SR70ST-CZ-53260,,,,CZ,,4,,Europe/Prague,35
czptt,-SR70S-CZ-53266,Černošice,49.959808,14.323516,train,0,,,,,CZ,,,,Europe/Prague,3348
czptt,-SR70S-CZ-53270,Záměl,50.100163,16.297054,train,0,,,,,CZ,,,,Europe/Prague,363
czptt,-SR70S-CZ-53279-1,Krupka-Bohosudov,50.672359,13.878701,train,0,-SR70ST-CZ-53279,,,,CZ,,1,,Europe/Prague,109
czptt,-SR70S-CZ-53279-2,Krupka-Bohosudov,50.672359,13.878701,train,0,-SR70ST-CZ-53279,,,,CZ,,2,,Europe/Prague,97
czptt,-SR70S-CZ-53280-1,Potštejn,50.083778,16.315228,train,0,-SR70ST-CZ-53280,,,,CZ,,1,,Europe/Prague,233
czptt,-SR70S-CZ-53280-2,Potštejn,50.083778,16.315228,train,0,-SR70ST-CZ-53280,,,,CZ,,2,,Europe/Prague,158
czptt,-SR70S-CZ-53287-1,Trnovany,50.319322,13.597189,train,0,-SR70ST-CZ-53287,,,,CZ,,1,,Europe/Prague,131
czptt,-SR70S-CZ-53287-1a,Trnovany,50.319322,13.597189,train,0,-SR70ST-CZ-53287,,,,CZ,,1a,,Europe/Prague,49
czptt,-SR70S-CZ-53289-1,Teplice v Čechách,50.646531,13.829342,train,0,-SR70ST-CZ-53289,,,,CZ,,1,,Europe/Prague,619
czptt,-SR70S-CZ-53289-2,Teplice v Čechách,50.646531,13.829342,train,0,-SR70ST-CZ-53289,,,,CZ,,2,,Europe/Prague,586
czptt,-SR70S-CZ-53289-3,Teplice v Čechách,50.646531,13.829342,train,0,-SR70ST-CZ-53289,,,,CZ,,3,,Europe/Prague,209
czptt,-SR70S-CZ-53289-3a,Teplice v Čechách,50.646531,13.829342,train,0,-SR70ST-CZ-53289,,,,CZ,,3a,,Europe/Prague,12
czptt,-SR70S-CZ-53289-4a,Teplice v Čechách,50.646531,13.829342,train,0,-SR70ST-CZ-53289,,,,CZ,,4a,,Europe/Prague,4
czptt,-SR70S-CZ-53290,Sopotnice,50.070504,16.340426,train,0,,,,,CZ,,,,Europe/Prague,279
czptt,-SR70S-CZ-53297,Dobříčany,50.306131,13.592893,train,0,,,,,CZ,,,,Europe/Prague,8
czptt,-SR70S-CZ-53299,Proboštov,50.660955,13.838002,train,0,,,,,CZ,,,,Europe/Prague,890
czptt,-SR70S-CZ-53300-1,Litice nad Orlicí,50.087091,16.357888,train,0,-SR70ST-CZ-53300,,,,CZ,,1,,Europe/Prague,355
czptt,-SR70S-CZ-53300-3,Litice nad Orlicí,50.087091,16.357888,train,0,-SR70ST-CZ-53300,,,,CZ,,3,,Europe/Prague,11
czptt,-SR70S-CZ-53307,Veletice,50.296771,13.572494,train,0,,,,,CZ,,,,Europe/Prague,260
czptt,-SR70S-CZ-53309-1,Řetenice,50.642489,13.800875,train,0,-SR70ST-CZ-53309,,,,CZ,,1,,Europe/Prague,536
czptt,-SR70S-CZ-53309-2,Řetenice,50.642489,13.800875,train,0,-SR70ST-CZ-53309,,,,CZ,,2,,Europe/Prague,477
czptt,-SR70S-CZ-53309-3a,Řetenice,50.642489,13.800875,train,0,-SR70ST-CZ-53309,,,,CZ,,3a,,Europe/Prague,23
czptt,-SR70S-CZ-53309-4,Řetenice,50.642489,13.800875,train,0,-SR70ST-CZ-53309,,,,CZ,,4,,Europe/Prague,0
czptt,-SR70S-CZ-53310,Bohousová,50.090911,16.37976,train,0,,,,,CZ,,,,Europe/Prague,353
czptt,-SR70S-CZ-53314-1,Velký Osek,50.101881,15.193464,train,0,-SR70ST-CZ-53314,,,,CZ,,1,,Europe/Prague,603
czptt,-SR70S-CZ-53314-2,Velký Osek,50.101881,15.193464,train,0,-SR70ST-CZ-53314,,,,CZ,,2,,Europe/Prague,869
czptt,-SR70S-CZ-53314-3,Velký Osek,50.101881,15.193464,train,0,-SR70ST-CZ-53314,,,,CZ,,3,,Europe/Prague,13
czptt,-SR70S-CZ-53314-3a,Velký Osek,50.101881,15.193464,train,0,-SR70ST-CZ-53314,,,,CZ,,3a,,Europe/Prague,168
czptt,-SR70S-CZ-53314-4,Velký Osek,50.101881,15.193464,train,0,-SR70ST-CZ-53314,,,,CZ,,4,,Europe/Prague,338
czptt,-SR70S-CZ-53317,Sádek u Žatce,50.253774,13.572316,train,0,,,,,CZ,,,,Europe/Prague,37
czptt,-SR70S-CZ-53319-1,Oldřichov u Duchcova,50.639933,13.765102,train,0,-SR70ST-CZ-53319,,,,CZ,,1,,Europe/Prague,0
czptt,-SR70S-CZ-53319-2,Oldřichov u Duchcova,50.639933,13.765102,train,0,-SR70ST-CZ-53319,,,,CZ,,2,,Europe/Prague,0
czptt,-SR70S-CZ-53320-1,Žamberk,50.073775,16.450023,train,0,-SR70ST-CZ-53320,,,,CZ,,1,,Europe/Prague,394
czptt,-SR70S-CZ-53320-2,Žamberk,50.073775,16.450023,train,0,-SR70ST-CZ-53320,,,,CZ,,2,,Europe/Prague,6
czptt,-SR70S-CZ-53320-3,Žamberk,50.073775,16.450023,train,0,-SR70ST-CZ-53320,,,,CZ,,3,,Europe/Prague,9
czptt,-SR70S-CZ-53324,Veltruby,50.073583,15.199999,train,0,,,,,CZ,,,,Europe/Prague,777
czptt,-SR70S-CZ-53327,Holedeček,50.285283,13.558902,train,0,,,,,CZ,,,,Europe/Prague,264
czptt,-SR70S-CZ-53330-1,Letohrad,50.031482,16.507757,train,0,-SR70ST-CZ-53330,,,,CZ,,1,,Europe/Prague,288
czptt,-SR70S-CZ-53330-1a,Letohrad,50.031482,16.507757,train,0,-SR70ST-CZ-53330,,,,CZ,,1a,,Europe/Prague,1
czptt,-SR70S-CZ-53330-2,Letohrad,50.031482,16.507757,train,0,-SR70ST-CZ-53330,,,,CZ,,2,,Europe/Prague,73
czptt,-SR70S-CZ-53330-3,Letohrad,50.031482,16.507757,train,0,-SR70ST-CZ-53330,,,,CZ,,3,,Europe/Prague,273
czptt,-SR70S-CZ-53330-4,Letohrad,50.031482,16.507757,train,0,-SR70ST-CZ-53330,,,,CZ,,4,,Europe/Prague,370
czptt,-SR70S-CZ-53330-5,Letohrad,50.031482,16.507757,train,0,-SR70ST-CZ-53330,,,,CZ,,5,,Europe/Prague,7
czptt,-SR70S-CZ-53337-1,Měcholupy,50.266367,13.531234,train,0,-SR70ST-CZ-53337,,,,CZ,,1,,Europe/Prague,171
czptt,-SR70S-CZ-53337-2,Měcholupy,50.266367,13.531234,train,0,-SR70ST-CZ-53337,,,,CZ,,2,,Europe/Prague,36
czptt,-SR70S-CZ-53337-3,Měcholupy,50.266367,13.531234,train,0,-SR70ST-CZ-53337,,,,CZ,,3,,Europe/Prague,91
czptt,-SR70S-CZ-53339,Duchcov,50.61737,13.755146,train,0,,,,,CZ,,,,Europe/Prague,645
czptt,-SR70S-CZ-53340,Lukavice v Čechách,50.04922,16.484369,train,0,,,,,CZ,,,,Europe/Prague,346
czptt,-SR70S-CZ-53347,Želeč,50.241842,13.557231,train,0,,,,,CZ,,,,Europe/Prague,264
czptt,-SR70S-CZ-53349,Želénky,50.601471,13.771586,train,0,,,,,CZ,,,,Europe/Prague,564
czptt,-SR70S-CZ-53350,Verměřovice,50.011534,16.557745,train,0,,,,,CZ,,,,Europe/Prague,451
czptt,-SR70S-CZ-53356,Milostín,50.202496,13.667729,train,0,,,,,CZ,,,,Europe/Prague,279
czptt,-SR70S-CZ-53359,Chotějovice,50.57557,13.784594,train,0,,,,,CZ,,,,Europe/Prague,564
czptt,-SR70S-CZ-53360,Dolní Dobrouč,50.012516,16.474316,train,0,,,,,CZ,,,,Europe/Prague,528
czptt,-SR70S-CZ-53367,Deštnice,50.225766,13.60607,train,0,,,,,CZ,,,,Europe/Prague,270
czptt,-SR70S-CZ-53370,Hnátnice,50.001633,16.461404,train,0,,,,,CZ,,,,Europe/Prague,436
czptt,-SR70S-CZ-53376-1,Krupá,50.169715,13.723022,train,0,-SR70ST-CZ-53376,,,,CZ,,1,,Europe/Prague,255
czptt,-SR70S-CZ-53376-3,Krupá,50.169715,13.723022,train,0,-SR70ST-CZ-53376,,,,CZ,,3,,Europe/Prague,81
czptt,-SR70S-CZ-53376-5,Krupá,50.169715,13.723022,train,0,-SR70ST-CZ-53376,,,,CZ,,5,,Europe/Prague,3
czptt,-SR70S-CZ-53379-87,Most nové nádraží,50.543533,13.618853,train,0,-SR70ST-CZ-53379,,,,CZ,,87,,Europe/Prague,0
czptt,-SR70S-CZ-53379-97,Most nové nádraží,50.543533,13.618853,train,0,-SR70ST-CZ-53379,,,,CZ,,97,,Europe/Prague,0
czptt,-SR70S-CZ-53380-1,Lanšperk,49.992701,16.447336,train,0,-SR70ST-CZ-53380,,,,CZ,,1,,Europe/Prague,430
czptt,-SR70S-CZ-53380-2,Lanšperk,49.992701,16.447336,train,0,-SR70ST-CZ-53380,,,,CZ,,2,,Europe/Prague,29
czptt,-SR70S-CZ-53380-2a,Lanšperk,49.992701,16.447336,train,0,-SR70ST-CZ-53380,,,,CZ,,2a,,Europe/Prague,0
czptt,-SR70S-CZ-53386,Mutějovice zastávka,50.187459,13.702616,train,0,,,,,CZ,,,,Europe/Prague,260
czptt,-SR70S-CZ-53390,Dolní Libchavy,49.989382,16.397095,train,0,,,,,CZ,,,,Europe/Prague,488
czptt,-SR70S-CZ-53396-2,Kolešovice,50.135682,13.60351,train,0,-SR70ST-CZ-53396,,,,CZ,,2,,Europe/Prague,49
czptt,-SR70S-CZ-53399-1,Most,50.511505,13.658014,train,0,-SR70ST-CZ-53399,,,,CZ,,1,,Europe/Prague,927
czptt,-SR70S-CZ-53399-101,Most,50.511505,13.658014,train,0,-SR70ST-CZ-53399,,,,CZ,,101,,Europe/Prague,5
czptt,-SR70S-CZ-53399-102,Most,50.511505,13.658014,train,0,-SR70ST-CZ-53399,,,,CZ,,102,,Europe/Prague,2
czptt,-SR70S-CZ-53399-104,Most,50.511505,13.658014,train,0,-SR70ST-CZ-53399,,,,CZ,,104,,Europe/Prague,15
czptt,-SR70S-CZ-53399-11,Most,50.511505,13.658014,train,0,-SR70ST-CZ-53399,,,,CZ,,11,,Europe/Prague,134
czptt,-SR70S-CZ-53399-2,Most,50.511505,13.658014,train,0,-SR70ST-CZ-53399,,,,CZ,,2,,Europe/Prague,614
czptt,-SR70S-CZ-53399-3,Most,50.511505,13.658014,train,0,-SR70ST-CZ-53399,,,,CZ,,3,,Europe/Prague,509
czptt,-SR70S-CZ-53399-4,Most,50.511505,13.658014,train,0,-SR70ST-CZ-53399,,,,CZ,,4,,Europe/Prague,115
czptt,-SR70S-CZ-53399-7,Most,50.511505,13.658014,train,0,-SR70ST-CZ-53399,,,,CZ,,7,,Europe/Prague,274
czptt,-SR70S-CZ-53399-8,Most,50.511505,13.658014,train,0,-SR70ST-CZ-53399,,,,CZ,,8,,Europe/Prague,122
czptt,-SR70S-CZ-53399-9,Most,50.511505,13.658014,train,0,-SR70ST-CZ-53399,,,,CZ,,9,,Europe/Prague,750
czptt,-SR70S-CZ-53399-9a,Most,50.511505,13.658014,train,0,-SR70ST-CZ-53399,,,,CZ,,9a,,Europe/Prague,144
czptt,-SR70S-CZ-53400-1,Jablonné nad Orlicí,50.026408,16.59465,train,0,-SR70ST-CZ-53400,,,,CZ,,1,,Europe/Prague,431
czptt,-SR70S-CZ-53400-1a,Jablonné nad Orlicí,50.026408,16.59465,train,0,-SR70ST-CZ-53400,,,,CZ,,1a,,Europe/Prague,2
czptt,-SR70S-CZ-53400-2,Jablonné nad Orlicí,50.026408,16.59465,train,0,-SR70ST-CZ-53400,,,,CZ,,2,,Europe/Prague,81
czptt,-SR70S-CZ-53400-3,Jablonné nad Orlicí,50.026408,16.59465,train,0,-SR70ST-CZ-53400,,,,CZ,,3,,Europe/Prague,5
czptt,-SR70S-CZ-53404,Hluboký Důl,50.00245,15.218694,train,0,,,,,CZ,,,,Europe/Prague,162
czptt,-SR70S-CZ-53406,Přílepy,50.139955,13.634302,train,0,,,,,CZ,,,,Europe/Prague,43
czptt,-SR70S-CZ-53409-1a,Třebušice,50.525304,13.585075,train,0,-SR70ST-CZ-53409,,,,CZ,,1a,,Europe/Prague,117
czptt,-SR70S-CZ-53409-2,Třebušice,50.525304,13.585075,train,0,-SR70ST-CZ-53409,,,,CZ,,2,,Europe/Prague,7
czptt,-SR70S-CZ-53409-2a,Třebušice,50.525304,13.585075,train,0,-SR70ST-CZ-53409,,,,CZ,,2a,,Europe/Prague,131
czptt,-SR70S-CZ-53410,Jamné nad Orlicí,50.039944,16.602612,train,0,,,,,CZ,,,,Europe/Prague,387
czptt,-SR70S-CZ-53412,hr.DU 060202/060212,50.528741,13.618825,train,0,,,,,CZ,,,,Europe/Prague,18
czptt,-SR70S-CZ-53414-100,Kolín,50.025832,15.212705,train,0,-SR70ST-CZ-53414,,,,CZ,,100,,Europe/Prague,822
czptt,-SR70S-CZ-53414-100a,Kolín,50.025832,15.212705,train,0,-SR70ST-CZ-53414,,,,CZ,,100a,,Europe/Prague,175
czptt,-SR70S-CZ-53414-101,Kolín,50.025832,15.212705,train,0,-SR70ST-CZ-53414,,,,CZ,,101,,Europe/Prague,967
czptt,-SR70S-CZ-53414-102,Kolín,50.025832,15.212705,train,0,-SR70ST-CZ-53414,,,,CZ,,102,,Europe/Prague,1020
czptt,-SR70S-CZ-53414-103a,Kolín,50.025832,15.212705,train,0,-SR70ST-CZ-53414,,,,CZ,,103a,,Europe/Prague,0
czptt,-SR70S-CZ-53414-104,Kolín,50.025832,15.212705,train,0,-SR70ST-CZ-53414,,,,CZ,,104,,Europe/Prague,283
czptt,-SR70S-CZ-53414-104a,Kolín,50.025832,15.212705,train,0,-SR70ST-CZ-53414,,,,CZ,,104a,,Europe/Prague,148
czptt,-SR70S-CZ-53414-105,Kolín,50.025832,15.212705,train,0,-SR70ST-CZ-53414,,,,CZ,,105,,Europe/Prague,315
czptt,-SR70S-CZ-53414-107,Kolín,50.025832,15.212705,train,0,-SR70ST-CZ-53414,,,,CZ,,107,,Europe/Prague,123
czptt,-SR70S-CZ-53414-108,Kolín,50.025832,15.212705,train,0,-SR70ST-CZ-53414,,,,CZ,,108,,Europe/Prague,1
czptt,-SR70S-CZ-53414-110,Kolín,50.025832,15.212705,train,0,-SR70ST-CZ-53414,,,,CZ,,110,,Europe/Prague,1163
czptt,-SR70S-CZ-53414-110a,Kolín,50.025832,15.212705,train,0,-SR70ST-CZ-53414,,,,CZ,,110a,,Europe/Prague,1
czptt,-SR70S-CZ-53414-112,Kolín,50.025832,15.212705,train,0,-SR70ST-CZ-53414,,,,CZ,,112,,Europe/Prague,1014
czptt,-SR70S-CZ-53414-114,Kolín,50.025832,15.212705,train,0,-SR70ST-CZ-53414,,,,CZ,,114,,Europe/Prague,797
czptt,-SR70S-CZ-53414-116,Kolín,50.025832,15.212705,train,0,-SR70ST-CZ-53414,,,,CZ,,116,,Europe/Prague,817
czptt,-SR70S-CZ-53414-116c,Kolín,50.025832,15.212705,train,0,-SR70ST-CZ-53414,,,,CZ,,116c,,Europe/Prague,167
czptt,-SR70S-CZ-53414-5,Kolín,50.025832,15.212705,train,0,-SR70ST-CZ-53414,,,,CZ,,5,,Europe/Prague,19
czptt,-SR70S-CZ-53416-1,Kněževes,50.14224,13.640666,train,0,-SR70ST-CZ-53416,,,,CZ,,1,,Europe/Prague,50
czptt,-SR70S-CZ-53418,Kolín vjezd.náv.L,50.008937,15.247227,train,0,,,,,CZ,,,,Europe/Prague,3
czptt,-SR70S-CZ-53420-1,Těchonín,50.068861,16.60811,train,0,-SR70ST-CZ-53420,,,,CZ,,1,,Europe/Prague,436
czptt,-SR70S-CZ-53420-2,Těchonín,50.068861,16.60811,train,0,-SR70ST-CZ-53420,,,,CZ,,2,,Europe/Prague,13
czptt,-SR70S-CZ-53424,Kolín zastávka,50.030998,15.194517,train,0,,,,,CZ,,,,Europe/Prague,902
czptt,-SR70S-CZ-53426,Chrášťany zastávka,50.148453,13.670828,train,0,,,,,CZ,,,,Europe/Prague,49
czptt,-SR70S-CZ-53430-1,Lichkov,50.097408,16.659223,train,0,-SR70ST-CZ-53430,,,,CZ,,1,,Europe/Prague,478
czptt,-SR70S-CZ-53430-3,Lichkov,50.097408,16.659223,train,0,-SR70ST-CZ-53430,,,,CZ,,3,,Europe/Prague,104
czptt,-SR70S-CZ-53430-5,Lichkov,50.097408,16.659223,train,0,-SR70ST-CZ-53430,,,,CZ,,5,,Europe/Prague,71
czptt,-SR70S-CZ-53434,Kolín-Zálabí,50.03731,15.210066,train,0,,,,,CZ,,,,Europe/Prague,1253
czptt,-SR70S-CZ-53436,Olešná u Rakovníka,50.149382,13.695517,train,0,,,,,CZ,,,,Europe/Prague,40
czptt,-SR70S-CZ-53440,Černovír,49.987063,16.42705,train,0,,,,,CZ,,,,Europe/Prague,436
czptt,-SR70S-CZ-53444-701,Kolín místní nádraží,50.015276,15.223003,train,0,-SR70ST-CZ-53444,,,,CZ,,701,,Europe/Prague,162
czptt,-SR70S-CZ-53450,Mladkov,50.092148,16.629854,train,0,,,,,CZ,,,,Europe/Prague,437
czptt,-SR70S-CZ-53453,hr.VUSC 0200/0530 02,50.040359,15.364417,train,0,,,,,CZ,,,,Europe/Prague,3
czptt,-SR70S-CZ-53454-1,Záboří n.L.,50.031,15.34903,train,0,-SR70ST-CZ-53454,,,,CZ,,1,,Europe/Prague,151
czptt,-SR70S-CZ-53454-2,Záboří n.L.,50.031,15.34903,train,0,-SR70ST-CZ-53454,,,,CZ,,2,,Europe/Prague,202
czptt,-SR70S-CZ-53454-3,Záboří n.L.,50.031,15.34903,train,0,-SR70ST-CZ-53454,,,,CZ,,3,,Europe/Prague,267
czptt,-SR70S-CZ-53454-4,Záboří n.L.,50.031,15.34903,train,0,-SR70ST-CZ-53454,,,,CZ,,4,,Europe/Prague,202
czptt,-SR70S-CZ-53456-1,Lužná u Rakovníka,50.144928,13.770291,train,0,-SR70ST-CZ-53456,,,,CZ,,1,,Europe/Prague,16
czptt,-SR70S-CZ-53456-2,Lužná u Rakovníka,50.144928,13.770291,train,0,-SR70ST-CZ-53456,,,,CZ,,2,,Europe/Prague,11
czptt,-SR70S-CZ-53456-3,Lužná u Rakovníka,50.144928,13.770291,train,0,-SR70ST-CZ-53456,,,,CZ,,3,,Europe/Prague,757
czptt,-SR70S-CZ-53456-5,Lužná u Rakovníka,50.144928,13.770291,train,0,-SR70ST-CZ-53456,,,,CZ,,5,,Europe/Prague,102
czptt,-SR70S-CZ-53456-6,Lužná u Rakovníka,50.144928,13.770291,train,0,-SR70ST-CZ-53456,,,,CZ,,6,,Europe/Prague,22
czptt,-SR70S-CZ-53459-1,Kyjice,50.510188,13.485316,train,0,-SR70ST-CZ-53459,,,,CZ,,1,,Europe/Prague,0
czptt,-SR70S-CZ-53460-1,Dolní Lipka,50.089395,16.721191,train,0,-SR70ST-CZ-53460,,,,CZ,,1,,Europe/Prague,101
czptt,-SR70S-CZ-53460-2,Dolní Lipka,50.089395,16.721191,train,0,-SR70ST-CZ-53460,,,,CZ,,2,,Europe/Prague,13
czptt,-SR70S-CZ-53460-3,Dolní Lipka,50.089395,16.721191,train,0,-SR70ST-CZ-53460,,,,CZ,,3,,Europe/Prague,378
czptt,-SR70S-CZ-53460-5,Dolní Lipka,50.089395,16.721191,train,0,-SR70ST-CZ-53460,,,,CZ,,5,,Europe/Prague,46
czptt,-SR70S-CZ-53464,Starý Kolín,50.011059,15.296363,train,0,,,,,CZ,,,,Europe/Prague,823
czptt,-SR70S-CZ-53466,Rakovník zastávka,50.105699,13.74974,train,0,,,,,CZ,,,,Europe/Prague,424
czptt,-SR70S-CZ-53470,Prostřední Lipka,50.099033,16.754051,train,0,,,,,CZ,,,,Europe/Prague,110
czptt,-SR70S-CZ-53474,Týnec nad Labem,50.037842,15.359918,train,0,,,,,CZ,,,,Europe/Prague,711
czptt,-SR70S-CZ-53476-1,Řevničov,50.149096,13.832918,train,0,-SR70ST-CZ-53476,,,,CZ,,1,,Europe/Prague,255
czptt,-SR70S-CZ-53476-3,Řevničov,50.149096,13.832918,train,0,-SR70ST-CZ-53476,,,,CZ,,3,,Europe/Prague,10
czptt,-SR70S-CZ-53480-1,Červený Potok,50.104712,16.783777,train,0,-SR70ST-CZ-53480,,,,CZ,,1,,Europe/Prague,111
czptt,-SR70S-CZ-53483-1,Řečany n.L.,50.031741,15.478812,train,0,-SR70ST-CZ-53483,,,,CZ,,1,,Europe/Prague,172
czptt,-SR70S-CZ-53483-2,Řečany n.L.,50.031741,15.478812,train,0,-SR70ST-CZ-53483,,,,CZ,,2,,Europe/Prague,287
czptt,-SR70S-CZ-53483-3,Řečany n.L.,50.031741,15.478812,train,0,-SR70ST-CZ-53483,,,,CZ,,3,,Europe/Prague,246
czptt,-SR70S-CZ-53483-4,Řečany n.L.,50.031741,15.478812,train,0,-SR70ST-CZ-53483,,,,CZ,,4,,Europe/Prague,115
czptt,-SR70S-CZ-53484,Kolín dílny,50.011341,15.234395,train,0,,,,,CZ,,,,Europe/Prague,813
czptt,-SR70S-CZ-53486-1,Nové Strašecí,50.152021,13.881846,train,0,-SR70ST-CZ-53486,,,,CZ,,1,,Europe/Prague,522
czptt,-SR70S-CZ-53486-2,Nové Strašecí,50.152021,13.881846,train,0,-SR70ST-CZ-53486,,,,CZ,,2,,Europe/Prague,0
czptt,-SR70S-CZ-53486-3,Nové Strašecí,50.152021,13.881846,train,0,-SR70ST-CZ-53486,,,,CZ,,3,,Europe/Prague,6
czptt,-SR70S-CZ-53489-1,Chomutov,50.456766,13.39954,train,0,-SR70ST-CZ-53489,,,,CZ,,1,,Europe/Prague,798
czptt,-SR70S-CZ-53489-10,Chomutov,50.456766,13.39954,train,0,-SR70ST-CZ-53489,,,,CZ,,10,,Europe/Prague,1
czptt,-SR70S-CZ-53489-2,Chomutov,50.456766,13.39954,train,0,-SR70ST-CZ-53489,,,,CZ,,2,,Europe/Prague,575
czptt,-SR70S-CZ-53489-3,Chomutov,50.456766,13.39954,train,0,-SR70ST-CZ-53489,,,,CZ,,3,,Europe/Prague,267
czptt,-SR70S-CZ-53489-4,Chomutov,50.456766,13.39954,train,0,-SR70ST-CZ-53489,,,,CZ,,4,,Europe/Prague,50
czptt,-SR70S-CZ-53489-5,Chomutov,50.456766,13.39954,train,0,-SR70ST-CZ-53489,,,,CZ,,5,,Europe/Prague,157
czptt,-SR70S-CZ-53489-6,Chomutov,50.456766,13.39954,train,0,-SR70ST-CZ-53489,,,,CZ,,6,,Europe/Prague,6
czptt,-SR70S-CZ-53489-8,Chomutov,50.456766,13.39954,train,0,-SR70ST-CZ-53489,,,,CZ,,8,,Europe/Prague,22
czptt,-SR70S-CZ-53490,Králíky zastávka,50.08672,16.748881,train,0,,,,,CZ,,,,Europe/Prague,406
czptt,-SR70S-CZ-53493,Kojice,50.040785,15.39724,train,0,,,,,CZ,,,,Europe/Prague,822
czptt,-SR70S-CZ-53496-1,Stochov,50.1412,13.965527,train,0,-SR70ST-CZ-53496,,,,CZ,,1,,Europe/Prague,546
czptt,-SR70S-CZ-53496-2,Stochov,50.1412,13.965527,train,0,-SR70ST-CZ-53496,,,,CZ,,2,,Europe/Prague,8
czptt,-SR70S-CZ-53496-3,Stochov,50.1412,13.965527,train,0,-SR70ST-CZ-53496,,,,CZ,,3,,Europe/Prague,21
czptt,-SR70S-CZ-53499-1,Černovice u Chomutova,50.454323,13.363401,train,0,-SR70ST-CZ-53499,,,,CZ,,1,,Europe/Prague,47
czptt,-SR70S-CZ-53499-2,Černovice u Chomutova,50.454323,13.363401,train,0,-SR70ST-CZ-53499,,,,CZ,,2,,Europe/Prague,2
czptt,-SR70S-CZ-53500-1,Králíky,50.080586,16.756136,train,0,-SR70ST-CZ-53500,,,,CZ,,1,,Europe/Prague,412
czptt,-SR70S-CZ-53500-3,Králíky,50.080586,16.756136,train,0,-SR70ST-CZ-53500,,,,CZ,,3,,Europe/Prague,7
czptt,-SR70S-CZ-53503,Chvaletice,50.037455,15.418628,train,0,,,,,CZ,,,,Europe/Prague,822
czptt,-SR70S-CZ-53506,Rynholec,50.138652,13.926065,train,0,,,,,CZ,,,,Europe/Prague,283
czptt,-SR70S-CZ-53510,Dolní Orlice,50.065671,16.747397,train,0,,,,,CZ,,,,Europe/Prague,270
czptt,-SR70S-CZ-53513-1,Přelouč,50.039812,15.5739,train,0,-SR70ST-CZ-53513,,,,CZ,,1,,Europe/Prague,411
czptt,-SR70S-CZ-53513-2,Přelouč,50.039812,15.5739,train,0,-SR70ST-CZ-53513,,,,CZ,,2,,Europe/Prague,422
czptt,-SR70S-CZ-53513-3,Přelouč,50.039812,15.5739,train,0,-SR70ST-CZ-53513,,,,CZ,,3,,Europe/Prague,297
czptt,-SR70S-CZ-53513-4,Přelouč,50.039812,15.5739,train,0,-SR70ST-CZ-53513,,,,CZ,,4,,Europe/Prague,414
czptt,-SR70S-CZ-53513-5,Přelouč,50.039812,15.5739,train,0,-SR70ST-CZ-53513,,,,CZ,,5,,Europe/Prague,304
czptt,-SR70S-CZ-53513-7,Přelouč,50.039812,15.5739,train,0,-SR70ST-CZ-53513,,,,CZ,,7,,Europe/Prague,0
czptt,-SR70S-CZ-53516-1,Kladno,50.127827,14.113871,train,0,-SR70ST-CZ-53516,,,,CZ,,1,,Europe/Prague,1413
czptt,-SR70S-CZ-53516-1a,Kladno,50.127827,14.113871,train,0,-SR70ST-CZ-53516,,,,CZ,,1a,,Europe/Prague,87
czptt,-SR70S-CZ-53516-2,Kladno,50.127827,14.113871,train,0,-SR70ST-CZ-53516,,,,CZ,,2,,Europe/Prague,416
czptt,-SR70S-CZ-53516-2a,Kladno,50.127827,14.113871,train,0,-SR70ST-CZ-53516,,,,CZ,,2a,,Europe/Prague,5
czptt,-SR70S-CZ-53516-3,Kladno,50.127827,14.113871,train,0,-SR70ST-CZ-53516,,,,CZ,,3,,Europe/Prague,208
czptt,-SR70S-CZ-53516-5,Kladno,50.127827,14.113871,train,0,-SR70ST-CZ-53516,,,,CZ,,5,,Europe/Prague,24
czptt,-SR70S-CZ-53516-50,Kladno,50.127827,14.113871,train,0,-SR70ST-CZ-53516,,,,CZ,,50,,Europe/Prague,37
czptt,-SR70S-CZ-53516-50a,Kladno,50.127827,14.113871,train,0,-SR70ST-CZ-53516,,,,CZ,,50a,,Europe/Prague,0
czptt,-SR70S-CZ-53519-1,Klášterec nad Ohří,50.385064,13.196117,train,0,-SR70ST-CZ-53519,,,,CZ,,1,,Europe/Prague,223
czptt,-SR70S-CZ-53519-1a,Klášterec nad Ohří,50.385064,13.196117,train,0,-SR70ST-CZ-53519,,,,CZ,,1a,,Europe/Prague,7
czptt,-SR70S-CZ-53519-2,Klášterec nad Ohří,50.385064,13.196117,train,0,-SR70ST-CZ-53519,,,,CZ,,2,,Europe/Prague,210
czptt,-SR70S-CZ-53519-2a,Klášterec nad Ohří,50.385064,13.196117,train,0,-SR70ST-CZ-53519,,,,CZ,,2a,,Europe/Prague,12
czptt,-SR70S-CZ-53519-3,Klášterec nad Ohří,50.385064,13.196117,train,0,-SR70ST-CZ-53519,,,,CZ,,3,,Europe/Prague,1
czptt,-SR70S-CZ-53519-4,Klášterec nad Ohří,50.385064,13.196117,train,0,-SR70ST-CZ-53519,,,,CZ,,4,,Europe/Prague,194
czptt,-SR70S-CZ-53520-1,Červená Voda,50.046977,16.746511,train,0,-SR70ST-CZ-53520,,,,CZ,,1,,Europe/Prague,270
czptt,-SR70S-CZ-53520-2,Červená Voda,50.046977,16.746511,train,0,-SR70ST-CZ-53520,,,,CZ,,2,,Europe/Prague,0
czptt,-SR70S-CZ-53523,Lhota pod Přeloučí,50.036616,15.527045,train,0,,,,,CZ,,,,Europe/Prague,810
czptt,-SR70S-CZ-53525,Červená Voda-Pod rozhlednou,50.036788,16.745973,train,0,,,,,CZ,,,,Europe/Prague,271
czptt,-SR70S-CZ-53526-1,Kamenné Žehrovice,50.140277,14.03798,train,0,-SR70ST-CZ-53526,,,,CZ,,1,,Europe/Prague,202
czptt,-SR70S-CZ-53526-5,Kamenné Žehrovice,50.140277,14.03798,train,0,-SR70ST-CZ-53526,,,,CZ,,5,,Europe/Prague,14
czptt,-SR70S-CZ-53529,Málkov,50.441721,13.330749,train,0,,,,,CZ,,,,Europe/Prague,432
czptt,-SR70S-CZ-53530-1,Moravský Karlov,50.025683,16.753158,train,0,-SR70ST-CZ-53530,,,,CZ,,1,,Europe/Prague,271
czptt,-SR70S-CZ-53533,Valy u Přelouče,50.0319,15.614228,train,0,,,,,CZ,,,,Europe/Prague,808
czptt,-SR70S-CZ-53536,Kačice,50.156453,13.995337,train,0,,,,,CZ,,,,Europe/Prague,520
czptt,-SR70S-CZ-53540,Bílá Voda,50.017322,16.747617,train,0,,,,,CZ,,,,Europe/Prague,32
czptt,-SR70S-CZ-53546,Kladno-Rozdělov,50.131745,14.06699,train,0,,,,,CZ,,,,Europe/Prague,251
czptt,-SR70S-CZ-53549-1,Kadaň-Prunéřov,50.411362,13.258345,train,0,-SR70ST-CZ-53549,,,,CZ,,1,,Europe/Prague,493
czptt,-SR70S-CZ-53549-2,Kadaň-Prunéřov,50.411362,13.258345,train,0,-SR70ST-CZ-53549,,,,CZ,,2,,Europe/Prague,219
czptt,-SR70S-CZ-53549-4,Kadaň-Prunéřov,50.411362,13.258345,train,0,-SR70ST-CZ-53549,,,,CZ,,4,,Europe/Prague,25
czptt,-SR70S-CZ-53549-5,Kadaň-Prunéřov,50.411362,13.258345,train,0,-SR70ST-CZ-53549,,,,CZ,,5,,Europe/Prague,589
czptt,-SR70S-CZ-53549-6,Kadaň-Prunéřov,50.411362,13.258345,train,0,-SR70ST-CZ-53549,,,,CZ,,6,,Europe/Prague,0
czptt,-SR70S-CZ-53549-6b,Kadaň-Prunéřov,50.411362,13.258345,train,0,-SR70ST-CZ-53549,,,,CZ,,6b,,Europe/Prague,2
czptt,-SR70S-CZ-53550,Mlýnický Dvůr,50.003896,16.747999,train,0,,,,,CZ,,,,Europe/Prague,34
czptt,-SR70S-CZ-53556,Kladno město,50.140845,14.085182,train,0,,,,,CZ,,,,Europe/Prague,455
czptt,-SR70S-CZ-53556-1zb,Kladno město,50.140845,14.085182,train,0,-SR70ST-CZ-53556,,,,CZ,,1zb,,Europe/Prague,452
czptt,-SR70S-CZ-53556-2zb,Kladno město,50.140845,14.085182,train,0,-SR70ST-CZ-53556,,,,CZ,,2zb,,Europe/Prague,448
czptt,-SR70S-CZ-53559,Hradec u Kadaně,50.35919,13.307847,train,0,,,,,CZ,,,,Europe/Prague,73
czptt,-SR70S-CZ-53560,Heroltice,49.989767,16.753281,train,0,,,,,CZ,,,,Europe/Prague,0
czptt,-SR70S-CZ-53566-1,Kladno-Dubí,50.163416,14.129862,train,0,-SR70ST-CZ-53566,,,,CZ,,1,,Europe/Prague,545
czptt,-SR70S-CZ-53566-8,Kladno-Dubí,50.163416,14.129862,train,0,-SR70ST-CZ-53566,,,,CZ,,8,,Europe/Prague,22
czptt,-SR70S-CZ-53569-101,Kadaň předměstí,50.376747,13.276789,train,0,-SR70ST-CZ-53569,,,,CZ,,101,,Europe/Prague,386
czptt,-SR70S-CZ-53569-103,Kadaň předměstí,50.376747,13.276789,train,0,-SR70ST-CZ-53569,,,,CZ,,103,,Europe/Prague,106
czptt,-SR70S-CZ-53570-2,Štíty,49.970309,16.754656,train,0,-SR70ST-CZ-53570,,,,CZ,,2,,Europe/Prague,2
czptt,-SR70S-CZ-53576,Kladno-Vrapice,50.166276,14.153862,train,0,,,,,CZ,,,,Europe/Prague,101
czptt,-SR70S-CZ-53579-1,Poláky,50.336398,13.349901,train,0,-SR70ST-CZ-53579,,,,CZ,,1,,Europe/Prague,73
czptt,-SR70S-CZ-53580-1,Podlesí,50.090705,16.849434,train,0,-SR70ST-CZ-53580,,,,CZ,,1,,Europe/Prague,98
czptt,-SR70S-CZ-53589-1,Želina,50.363308,13.285598,train,0,-SR70ST-CZ-53589,,,,CZ,,1,,Europe/Prague,73
czptt,-SR70S-CZ-53590,Vlaské,50.087523,16.900346,train,0,,,,,CZ,,,,Europe/Prague,98
czptt,-SR70S-CZ-53599-1,Vilémov u Kadaně,50.308098,13.332012,train,0,-SR70ST-CZ-53599,,,,CZ,,1,,Europe/Prague,51
czptt,-SR70S-CZ-53599-3,Vilémov u Kadaně,50.308098,13.332012,train,0,-SR70ST-CZ-53599,,,,CZ,,3,,Europe/Prague,39
czptt,-SR70S-CZ-53600,"Podlesí km 79,170",50.086719,16.830879,train,0,,,,,CZ,,,,Europe/Prague,0
czptt,-SR70S-CZ-53606,Kladno-Švermov,50.161468,14.11482,train,0,,,,,CZ,,,,Europe/Prague,712
czptt,-SR70S-CZ-53609,Chotěbudice,50.267967,13.349262,train,0,,,,,CZ,,,,Europe/Prague,68
czptt,-SR70S-CZ-53610-1,Broumov,50.580665,16.339566,train,0,-SR70ST-CZ-53610,,,,CZ,,1,,Europe/Prague,523
czptt,-SR70S-CZ-53610-2,Broumov,50.580665,16.339566,train,0,-SR70ST-CZ-53610,,,,CZ,,2,,Europe/Prague,2
czptt,-SR70S-CZ-53610-5,Broumov,50.580665,16.339566,train,0,-SR70ST-CZ-53610,,,,CZ,,5,,Europe/Prague,86
czptt,-SR70S-CZ-53613-1,Pardubice hl. n.,50.03167,15.757556,train,0,-SR70ST-CZ-53613,,,,CZ,,1,,Europe/Prague,1685
czptt,-SR70S-CZ-53613-10,Pardubice hl. n.,50.03167,15.757556,train,0,-SR70ST-CZ-53613,,,,CZ,,10,,Europe/Prague,1262
czptt,-SR70S-CZ-53613-10b,Pardubice hl. n.,50.03167,15.757556,train,0,-SR70ST-CZ-53613,,,,CZ,,10b,,Europe/Prague,2
czptt,-SR70S-CZ-53613-11,Pardubice hl. n.,50.03167,15.757556,train,0,-SR70ST-CZ-53613,,,,CZ,,11,,Europe/Prague,14
czptt,-SR70S-CZ-53613-12,Pardubice hl. n.,50.03167,15.757556,train,0,-SR70ST-CZ-53613,,,,CZ,,12,,Europe/Prague,1057
czptt,-SR70S-CZ-53613-12b,Pardubice hl. n.,50.03167,15.757556,train,0,-SR70ST-CZ-53613,,,,CZ,,12b,,Europe/Prague,14
czptt,-SR70S-CZ-53613-13,Pardubice hl. n.,50.03167,15.757556,train,0,-SR70ST-CZ-53613,,,,CZ,,13,,Europe/Prague,0
czptt,-SR70S-CZ-53613-14,Pardubice hl. n.,50.03167,15.757556,train,0,-SR70ST-CZ-53613,,,,CZ,,14,,Europe/Prague,23
czptt,-SR70S-CZ-53613-16,Pardubice hl. n.,50.03167,15.757556,train,0,-SR70ST-CZ-53613,,,,CZ,,16,,Europe/Prague,23
czptt,-SR70S-CZ-53613-17,Pardubice hl. n.,50.03167,15.757556,train,0,-SR70ST-CZ-53613,,,,CZ,,17,,Europe/Prague,108
czptt,-SR70S-CZ-53613-19a,Pardubice hl. n.,50.03167,15.757556,train,0,-SR70ST-CZ-53613,,,,CZ,,19a,,Europe/Prague,4
czptt,-SR70S-CZ-53613-2,Pardubice hl. n.,50.03167,15.757556,train,0,-SR70ST-CZ-53613,,,,CZ,,2,,Europe/Prague,1455
czptt,-SR70S-CZ-53613-21,Pardubice hl. n.,50.03167,15.757556,train,0,-SR70ST-CZ-53613,,,,CZ,,21,,Europe/Prague,2
czptt,-SR70S-CZ-53613-3,Pardubice hl. n.,50.03167,15.757556,train,0,-SR70ST-CZ-53613,,,,CZ,,3,,Europe/Prague,452
czptt,-SR70S-CZ-53613-4,Pardubice hl. n.,50.03167,15.757556,train,0,-SR70ST-CZ-53613,,,,CZ,,4,,Europe/Prague,686
czptt,-SR70S-CZ-53613-5,Pardubice hl. n.,50.03167,15.757556,train,0,-SR70ST-CZ-53613,,,,CZ,,5,,Europe/Prague,0
czptt,-SR70S-CZ-53613-8,Pardubice hl. n.,50.03167,15.757556,train,0,-SR70ST-CZ-53613,,,,CZ,,8,,Europe/Prague,424
czptt,-SR70S-CZ-53616-1,Kladno-Ostrovec,50.147281,14.085537,train,0,-SR70ST-CZ-53616,,,,CZ,,1,,Europe/Prague,945
czptt,-SR70S-CZ-53616-2,Kladno-Ostrovec,50.147281,14.085537,train,0,-SR70ST-CZ-53616,,,,CZ,,2,,Europe/Prague,411
czptt,-SR70S-CZ-53619-1,Krásný Dvůr,50.255673,13.368231,train,0,-SR70ST-CZ-53619,,,,CZ,,1,,Europe/Prague,68
czptt,-SR70S-CZ-53623,Pardubice-Opočínek,50.030435,15.669647,train,0,,,,,CZ,,,,Europe/Prague,673
czptt,-SR70S-CZ-53626-1,Unhošť,50.105233,14.13606,train,0,-SR70ST-CZ-53626,,,,CZ,,1,,Europe/Prague,991
czptt,-SR70S-CZ-53629,Pětipsy,50.319392,13.345216,train,0,,,,,CZ,,,,Europe/Prague,71
czptt,-SR70S-CZ-53633,Pardubice-Svítkov,50.031865,15.722617,train,0,,,,,CZ,,,,Europe/Prague,687
czptt,-SR70S-CZ-53636-1,Jeneč,50.094329,14.211543,train,0,-SR70ST-CZ-53636,,,,CZ,,1,,Europe/Prague,1057
czptt,-SR70S-CZ-53636-3,Jeneč,50.094329,14.211543,train,0,-SR70ST-CZ-53636,,,,CZ,,3,,Europe/Prague,0
czptt,-SR70S-CZ-53639,Vilémov u Kadaně město,50.304109,13.311197,train,0,,,,,CZ,,,,Europe/Prague,39
czptt,-SR70S-CZ-53643,Pardubice-Pardubičky,50.031211,15.788894,train,0,,,,,CZ,,,,Europe/Prague,821
czptt,-SR70S-CZ-53644-10a,Pardubice centrum,50.031646,15.772532,train,0,-SR70ST-CZ-53644,,,,CZ,,10a,,Europe/Prague,656
czptt,-SR70S-CZ-53644-12a,Pardubice centrum,50.031646,15.772532,train,0,-SR70ST-CZ-53644,,,,CZ,,12a,,Europe/Prague,573
czptt,-SR70S-CZ-53646,Pavlov,50.095046,14.165554,train,0,,,,,CZ,,,,Europe/Prague,906
czptt,-SR70S-CZ-53649,Vitčice,50.283566,13.338273,train,0,,,,,CZ,,,,Europe/Prague,68
czptt,-SR70S-CZ-53650,Broumov-Olivětín,50.607838,16.328237,train,0,,,,,CZ,,,,Europe/Prague,591
czptt,-SR70S-CZ-53653-1,Kostěnice,50.012834,15.897656,train,0,-SR70ST-CZ-53653,,,,CZ,,1,,Europe/Prague,237
czptt,-SR70S-CZ-53653-2,Kostěnice,50.012834,15.897656,train,0,-SR70ST-CZ-53653,,,,CZ,,2,,Europe/Prague,276
czptt,-SR70S-CZ-53653-3,Kostěnice,50.012834,15.897656,train,0,-SR70ST-CZ-53653,,,,CZ,,3,,Europe/Prague,178
czptt,-SR70S-CZ-53653-4,Kostěnice,50.012834,15.897656,train,0,-SR70ST-CZ-53653,,,,CZ,,4,,Europe/Prague,120
czptt,-SR70S-CZ-53656-1,Hostivice,50.084132,14.258448,train,0,-SR70ST-CZ-53656,,,,CZ,,1,,Europe/Prague,2731
czptt,-SR70S-CZ-53656-2,Hostivice,50.084132,14.258448,train,0,-SR70ST-CZ-53656,,,,CZ,,2,,Europe/Prague,0
czptt,-SR70S-CZ-53656-3,Hostivice,50.084132,14.258448,train,0,-SR70ST-CZ-53656,,,,CZ,,3,,Europe/Prague,77
czptt,-SR70S-CZ-53656-3a,Hostivice,50.084132,14.258448,train,0,-SR70ST-CZ-53656,,,,CZ,,3a,,Europe/Prague,20
czptt,-SR70S-CZ-53656-4a,Hostivice,50.084132,14.258448,train,0,-SR70ST-CZ-53656,,,,CZ,,4a,,Europe/Prague,0
czptt,-SR70S-CZ-53656-5,Hostivice,50.084132,14.258448,train,0,-SR70ST-CZ-53656,,,,CZ,,5,,Europe/Prague,46
czptt,-SR70S-CZ-53656-7,Hostivice,50.084132,14.258448,train,0,-SR70ST-CZ-53656,,,,CZ,,7,,Europe/Prague,1
czptt,-SR70S-CZ-53659,Vysoké Třebušice,50.26042,13.391629,train,0,,,,,CZ,,,,Europe/Prague,37
czptt,-SR70S-CZ-53663,Pardubice-Černá za Bory,50.027448,15.830425,train,0,,,,,CZ,,,,Europe/Prague,807
czptt,-SR70S-CZ-53666,Hostivice-Litovice,50.071672,14.224526,train,0,,,,,CZ,,,,Europe/Prague,465
czptt,-SR70S-CZ-53669,Radonice u Kadaně,50.298073,13.277281,train,0,,,,,CZ,,,,Europe/Prague,39
czptt,-SR70S-CZ-53673-1,Moravany,50.002195,15.946458,train,0,-SR70ST-CZ-53673,,,,CZ,,1,,Europe/Prague,394
czptt,-SR70S-CZ-53673-2,Moravany,50.002195,15.946458,train,0,-SR70ST-CZ-53673,,,,CZ,,2,,Europe/Prague,209
czptt,-SR70S-CZ-53673-3,Moravany,50.002195,15.946458,train,0,-SR70ST-CZ-53673,,,,CZ,,3,,Europe/Prague,83
czptt,-SR70S-CZ-53673-4,Moravany,50.002195,15.946458,train,0,-SR70ST-CZ-53673,,,,CZ,,4,,Europe/Prague,186
czptt,-SR70S-CZ-53673-6,Moravany,50.002195,15.946458,train,0,-SR70ST-CZ-53673,,,,CZ,,6,,Europe/Prague,107
czptt,-SR70S-CZ-53673-8,Moravany,50.002195,15.946458,train,0,-SR70ST-CZ-53673,,,,CZ,,8,,Europe/Prague,65
czptt,-SR70S-CZ-53676,Hostivice-Sadová,50.075132,14.266734,train,0,,,,,CZ,,,,Europe/Prague,970
czptt,-SR70S-CZ-53677-1,Chlumčany u Loun,50.344391,13.845561,train,0,-SR70ST-CZ-53677,,,,CZ,,1,,Europe/Prague,193
czptt,-SR70S-CZ-53677-2,Chlumčany u Loun,50.344391,13.845561,train,0,-SR70ST-CZ-53677,,,,CZ,,2,,Europe/Prague,0
czptt,-SR70S-CZ-53679-1,Kadaňský Rohozec,50.283631,13.225744,train,0,-SR70ST-CZ-53679,,,,CZ,,1,,Europe/Prague,39
czptt,-SR70S-CZ-53683-1,Uhersko,49.987382,16.014647,train,0,-SR70ST-CZ-53683,,,,CZ,,1,,Europe/Prague,20
czptt,-SR70S-CZ-53683-2,Uhersko,49.987382,16.014647,train,0,-SR70ST-CZ-53683,,,,CZ,,2,,Europe/Prague,6
czptt,-SR70S-CZ-53683-3,Uhersko,49.987382,16.014647,train,0,-SR70ST-CZ-53683,,,,CZ,,3,,Europe/Prague,372
czptt,-SR70S-CZ-53683-4,Uhersko,49.987382,16.014647,train,0,-SR70ST-CZ-53683,,,,CZ,,4,,Europe/Prague,0
czptt,-SR70S-CZ-53683-6,Uhersko,49.987382,16.014647,train,0,-SR70ST-CZ-53683,,,,CZ,,6,,Europe/Prague,373
czptt,-SR70S-CZ-53686,Hostivice-U hřbitova,50.083892,14.230471,train,0,,,,,CZ,,,,Europe/Prague,581
czptt,-SR70S-CZ-53689,Ždov,50.290156,13.239128,train,0,,,,,CZ,,,,Europe/Prague,38
czptt,-SR70S-CZ-53693-1,Zámrsk,49.994953,16.108657,train,0,-SR70ST-CZ-53693,,,,CZ,,1,,Europe/Prague,34
czptt,-SR70S-CZ-53693-2,Zámrsk,49.994953,16.108657,train,0,-SR70ST-CZ-53693,,,,CZ,,2,,Europe/Prague,19
czptt,-SR70S-CZ-53693-3,Zámrsk,49.994953,16.108657,train,0,-SR70ST-CZ-53693,,,,CZ,,3,,Europe/Prague,402
czptt,-SR70S-CZ-53693-4,Zámrsk,49.994953,16.108657,train,0,-SR70ST-CZ-53693,,,,CZ,,4,,Europe/Prague,371
czptt,-SR70S-CZ-53697-1,Vrbno nad Lesy,50.327272,13.905948,train,0,-SR70ST-CZ-53697,,,,CZ,,1,,Europe/Prague,189
czptt,-SR70S-CZ-53697-2,Vrbno nad Lesy,50.327272,13.905948,train,0,-SR70ST-CZ-53697,,,,CZ,,2,,Europe/Prague,4
czptt,-SR70S-CZ-53697-3,Vrbno nad Lesy,50.327272,13.905948,train,0,-SR70ST-CZ-53697,,,,CZ,,3,,Europe/Prague,0
czptt,-SR70S-CZ-53699,Most-Kopisty,50.543469,13.621938,train,0,,,,,CZ,,,,Europe/Prague,504
czptt,-SR70S-CZ-53703,Sedlíšťka,49.990158,16.065227,train,0,,,,,CZ,,,,Europe/Prague,747
czptt,-SR70S-CZ-53707-1,Peruc,50.335934,13.95882,train,0,-SR70ST-CZ-53707,,,,CZ,,1,,Europe/Prague,160
czptt,-SR70S-CZ-53707-2,Peruc,50.335934,13.95882,train,0,-SR70ST-CZ-53707,,,,CZ,,2,,Europe/Prague,47
czptt,-SR70S-CZ-53709,Litvínov město,50.591354,13.613976,train,0,,,,,CZ,,,,Europe/Prague,635
czptt,-SR70S-CZ-53710-1,Meziměstí,50.626567,16.242255,train,0,-SR70ST-CZ-53710,,,,CZ,,1,,Europe/Prague,522
czptt,-SR70S-CZ-53710-3,Meziměstí,50.626567,16.242255,train,0,-SR70ST-CZ-53710,,,,CZ,,3,,Europe/Prague,100
czptt,-SR70S-CZ-53710-5,Meziměstí,50.626567,16.242255,train,0,-SR70ST-CZ-53710,,,,CZ,,5,,Europe/Prague,91
czptt,-SR70S-CZ-53710-5b,Meziměstí,50.626567,16.242255,train,0,-SR70ST-CZ-53710,,,,CZ,,5b,,Europe/Prague,7
czptt,-SR70S-CZ-53710-7,Meziměstí,50.626567,16.242255,train,0,-SR70ST-CZ-53710,,,,CZ,,7,,Europe/Prague,9
czptt,-SR70S-CZ-53710-7c,Meziměstí,50.626567,16.242255,train,0,-SR70ST-CZ-53710,,,,CZ,,7c,,Europe/Prague,0
czptt,-SR70S-CZ-53713,Dobříkov u Chocně,49.99578,16.136251,train,0,,,,,CZ,,,,Europe/Prague,755
czptt,-SR70S-CZ-53717,Telce,50.311906,13.971681,train,0,,,,,CZ,,,,Europe/Prague,201
czptt,-SR70S-CZ-53718-1,Droužkovice,50.426778,13.423967,train,0,-SR70ST-CZ-53718,,,,CZ,,1,,Europe/Prague,19
czptt,-SR70S-CZ-53719-1,Březno u Chomutova,50.395879,13.421028,train,0,-SR70ST-CZ-53719,,,,CZ,,1,,Europe/Prague,225
czptt,-SR70S-CZ-53719-4,Březno u Chomutova,50.395879,13.421028,train,0,-SR70ST-CZ-53719,,,,CZ,,4,,Europe/Prague,138
czptt,-SR70S-CZ-53726-1,Klobuky v Čechách,50.298282,13.996595,train,0,-SR70ST-CZ-53726,,,,CZ,,1,,Europe/Prague,221
czptt,-SR70S-CZ-53726-2,Klobuky v Čechách,50.298282,13.996595,train,0,-SR70ST-CZ-53726,,,,CZ,,2,,Europe/Prague,32
czptt,-SR70S-CZ-53729,Libočany,50.330341,13.515442,train,0,,,,,CZ,,,,Europe/Prague,0
czptt,-SR70S-CZ-53730,Hynčice,50.624331,16.288207,train,0,,,,,CZ,,,,Europe/Prague,591
czptt,-SR70S-CZ-53736,Vrbičany,50.309653,14.000683,train,0,,,,,CZ,,,,Europe/Prague,192
czptt,-SR70S-CZ-53740,Ruprechtice,50.624821,16.268085,train,0,,,,,CZ,,,,Europe/Prague,591
czptt,-SR70S-CZ-53746,Páleček,50.290976,14.029841,train,0,,,,,CZ,,,,Europe/Prague,233
czptt,-SR70S-CZ-53749-1,Hořetice,50.379006,13.503728,train,0,-SR70ST-CZ-53749,,,,CZ,,1,,Europe/Prague,307
czptt,-SR70S-CZ-53749-4a,Hořetice,50.379006,13.503728,train,0,-SR70ST-CZ-53749,,,,CZ,,4a,,Europe/Prague,0
czptt,-SR70S-CZ-53749-4b,Hořetice,50.379006,13.503728,train,0,-SR70ST-CZ-53749,,,,CZ,,4b,,Europe/Prague,12
czptt,-SR70S-CZ-53750,Březová u Broumova,50.604954,16.233815,train,0,,,,,CZ,,,,Europe/Prague,331
czptt,-SR70S-CZ-53756-1,Zlonice,50.284928,14.078166,train,0,-SR70ST-CZ-53756,,,,CZ,,1,,Europe/Prague,248
czptt,-SR70S-CZ-53756-2,Zlonice,50.284928,14.078166,train,0,-SR70ST-CZ-53756,,,,CZ,,2,,Europe/Prague,10
czptt,-SR70S-CZ-53756-3,Zlonice,50.284928,14.078166,train,0,-SR70ST-CZ-53756,,,,CZ,,3,,Europe/Prague,1
czptt,-SR70S-CZ-53756-5,Zlonice,50.284928,14.078166,train,0,-SR70ST-CZ-53756,,,,CZ,,5,,Europe/Prague,0
czptt,-SR70S-CZ-53769,Žiželice,50.364441,13.542086,train,0,,,,,CZ,,,,Europe/Prague,303
czptt,-SR70S-CZ-53770-1,Teplice nad Metují,50.581417,16.178389,train,0,-SR70ST-CZ-53770,,,,CZ,,1,,Europe/Prague,472
czptt,-SR70S-CZ-53770-2,Teplice nad Metují,50.581417,16.178389,train,0,-SR70ST-CZ-53770,,,,CZ,,2,,Europe/Prague,58
czptt,-SR70S-CZ-53770-3,Teplice nad Metují,50.581417,16.178389,train,0,-SR70ST-CZ-53770,,,,CZ,,3,,Europe/Prague,478
czptt,-SR70S-CZ-53770-4,Teplice nad Metují,50.581417,16.178389,train,0,-SR70ST-CZ-53770,,,,CZ,,4,,Europe/Prague,160
czptt,-SR70S-CZ-53770-6,Teplice nad Metují,50.581417,16.178389,train,0,-SR70ST-CZ-53770,,,,CZ,,6,,Europe/Prague,9
czptt,-SR70S-CZ-53779-1,Žatec,50.336566,13.555266,train,0,-SR70ST-CZ-53779,,,,CZ,,1,,Europe/Prague,901
czptt,-SR70S-CZ-53779-2,Žatec,50.336566,13.555266,train,0,-SR70ST-CZ-53779,,,,CZ,,2,,Europe/Prague,507
czptt,-SR70S-CZ-53779-3,Žatec,50.336566,13.555266,train,0,-SR70ST-CZ-53779,,,,CZ,,3,,Europe/Prague,7
czptt,-SR70S-CZ-53779-4,Žatec,50.336566,13.555266,train,0,-SR70ST-CZ-53779,,,,CZ,,4,,Europe/Prague,191
czptt,-SR70S-CZ-53779-4a,Žatec,50.336566,13.555266,train,0,-SR70ST-CZ-53779,,,,CZ,,4a,,Europe/Prague,0
czptt,-SR70S-CZ-53780-1,Česká Metuje,50.552725,16.184966,train,0,-SR70ST-CZ-53780,,,,CZ,,1,,Europe/Prague,379
czptt,-SR70S-CZ-53786,Kmetiněves,50.305447,14.161235,train,0,,,,,CZ,,,,Europe/Prague,1
czptt,-SR70S-CZ-53786-1,Kmetiněves,50.305447,14.161235,train,0,-SR70ST-CZ-53786,,,,CZ,,1,,Europe/Prague,14
czptt,-SR70S-CZ-53789-201,Žatec západ,50.338105,13.534946,train,0,-SR70ST-CZ-53789,,,,CZ,,201,,Europe/Prague,660
czptt,-SR70S-CZ-53789-202,Žatec západ,50.338105,13.534946,train,0,-SR70ST-CZ-53789,,,,CZ,,202,,Europe/Prague,53
czptt,-SR70S-CZ-53789-203,Žatec západ,50.338105,13.534946,train,0,-SR70ST-CZ-53789,,,,CZ,,203,,Europe/Prague,159
czptt,-SR70S-CZ-53789-205,Žatec západ,50.338105,13.534946,train,0,-SR70ST-CZ-53789,,,,CZ,,205,,Europe/Prague,56
czptt,-SR70S-CZ-53790,Dědov,50.561978,16.18789,train,0,,,,,CZ,,,,Europe/Prague,94
czptt,-SR70S-CZ-53796,Černuc,50.311398,14.203165,train,0,,,,,CZ,,,,Europe/Prague,5
czptt,-SR70S-CZ-53799-1,Kadaň,50.381939,13.277042,train,0,-SR70ST-CZ-53799,,,,CZ,,1,,Europe/Prague,483
czptt,-SR70S-CZ-53799-2,Kadaň,50.381939,13.277042,train,0,-SR70ST-CZ-53799,,,,CZ,,2,,Europe/Prague,0
czptt,-SR70S-CZ-53799-3,Kadaň,50.381939,13.277042,train,0,-SR70ST-CZ-53799,,,,CZ,,3,,Europe/Prague,311
czptt,-SR70S-CZ-53799-3a,Kadaň,50.381939,13.277042,train,0,-SR70ST-CZ-53799,,,,CZ,,3a,,Europe/Prague,71
czptt,-SR70S-CZ-53800-1,Police nad Metují,50.51313,16.211914,train,0,-SR70ST-CZ-53800,,,,CZ,,1,,Europe/Prague,613
czptt,-SR70S-CZ-53800-2,Police nad Metují,50.51313,16.211914,train,0,-SR70ST-CZ-53800,,,,CZ,,2,,Europe/Prague,28
czptt,-SR70S-CZ-53800-3,Police nad Metují,50.51313,16.211914,train,0,-SR70ST-CZ-53800,,,,CZ,,3,,Europe/Prague,11
czptt,-SR70S-CZ-53806-1,Slaný,50.228551,14.0757,train,0,-SR70ST-CZ-53806,,,,CZ,,1,,Europe/Prague,565
czptt,-SR70S-CZ-53806-2,Slaný,50.228551,14.0757,train,0,-SR70ST-CZ-53806,,,,CZ,,2,,Europe/Prague,36
czptt,-SR70S-CZ-53806-3,Slaný,50.228551,14.0757,train,0,-SR70ST-CZ-53806,,,,CZ,,3,,Europe/Prague,1
czptt,-SR70S-CZ-53806-5,Slaný,50.228551,14.0757,train,0,-SR70ST-CZ-53806,,,,CZ,,5,,Europe/Prague,20
czptt,-SR70S-CZ-53810,Žďár nad Metují,50.537111,16.20468,train,0,,,,,CZ,,,,Europe/Prague,653
czptt,-SR70S-CZ-53813-1,Choceň,49.9941,16.223766,train,0,-SR70ST-CZ-53813,,,,CZ,,1,,Europe/Prague,367
czptt,-SR70S-CZ-53813-10,Choceň,49.9941,16.223766,train,0,-SR70ST-CZ-53813,,,,CZ,,10,,Europe/Prague,213
czptt,-SR70S-CZ-53813-12,Choceň,49.9941,16.223766,train,0,-SR70ST-CZ-53813,,,,CZ,,12,,Europe/Prague,0
czptt,-SR70S-CZ-53813-2,Choceň,49.9941,16.223766,train,0,-SR70ST-CZ-53813,,,,CZ,,2,,Europe/Prague,421
czptt,-SR70S-CZ-53813-3,Choceň,49.9941,16.223766,train,0,-SR70ST-CZ-53813,,,,CZ,,3,,Europe/Prague,481
czptt,-SR70S-CZ-53813-3a,Choceň,49.9941,16.223766,train,0,-SR70ST-CZ-53813,,,,CZ,,3a,,Europe/Prague,27
czptt,-SR70S-CZ-53813-4,Choceň,49.9941,16.223766,train,0,-SR70ST-CZ-53813,,,,CZ,,4,,Europe/Prague,347
czptt,-SR70S-CZ-53813-5,Choceň,49.9941,16.223766,train,0,-SR70ST-CZ-53813,,,,CZ,,5,,Europe/Prague,11
czptt,-SR70S-CZ-53813-5a,Choceň,49.9941,16.223766,train,0,-SR70ST-CZ-53813,,,,CZ,,5a,,Europe/Prague,407
czptt,-SR70S-CZ-53813-8,Choceň,49.9941,16.223766,train,0,-SR70ST-CZ-53813,,,,CZ,,8,,Europe/Prague,361
czptt,-SR70S-CZ-53813-8a,Choceň,49.9941,16.223766,train,0,-SR70ST-CZ-53813,,,,CZ,,8a,,Europe/Prague,107
czptt,-SR70S-CZ-53816,Královice u Zlonic,50.25975,14.067904,train,0,,,,,CZ,,,,Europe/Prague,217
czptt,-SR70S-CZ-53819-1,Křimov,50.489761,13.275924,train,0,-SR70ST-CZ-53819,,,,CZ,,1,,Europe/Prague,50
czptt,-SR70S-CZ-53819-3,Křimov,50.489761,13.275924,train,0,-SR70ST-CZ-53819,,,,CZ,,3,,Europe/Prague,5
czptt,-SR70S-CZ-53820-1,Hronov,50.47372,16.176416,train,0,-SR70ST-CZ-53820,,,,CZ,,1,,Europe/Prague,575
czptt,-SR70S-CZ-53820-2,Hronov,50.47372,16.176416,train,0,-SR70ST-CZ-53820,,,,CZ,,2,,Europe/Prague,203
czptt,-SR70S-CZ-53823,Sruby,49.989848,16.170966,train,0,,,,,CZ,,,,Europe/Prague,756
czptt,-SR70S-CZ-53826-1,Slaný předměstí,50.226255,14.102196,train,0,-SR70ST-CZ-53826,,,,CZ,,1,,Europe/Prague,581
czptt,-SR70S-CZ-53829,Domina,50.479429,13.351635,train,0,,,,,CZ,,,,Europe/Prague,37
czptt,-SR70S-CZ-53829-1,Domina,50.479429,13.351635,train,0,-SR70ST-CZ-53829,,,,CZ,,1,,Europe/Prague,12
czptt,-SR70S-CZ-53830,Hronov zastávka,50.490274,16.186292,train,0,,,,,CZ,,,,Europe/Prague,363
czptt,-SR70S-CZ-53833,Dvořisko,49.984173,16.191876,train,0,,,,,CZ,,,,Europe/Prague,495
czptt,-SR70S-CZ-53836-1,Podlešín,50.218244,14.155556,train,0,-SR70ST-CZ-53836,,,,CZ,,1,,Europe/Prague,531
czptt,-SR70S-CZ-53836-3,Podlešín,50.218244,14.155556,train,0,-SR70ST-CZ-53836,,,,CZ,,3,,Europe/Prague,36
czptt,-SR70S-CZ-53840-1,Náchod,50.417318,16.171077,train,0,-SR70ST-CZ-53840,,,,CZ,,1,,Europe/Prague,679
czptt,-SR70S-CZ-53840-3a,Náchod,50.417318,16.171077,train,0,-SR70ST-CZ-53840,,,,CZ,,3a,,Europe/Prague,98
czptt,-SR70S-CZ-53840-5,Náchod,50.417318,16.171077,train,0,-SR70ST-CZ-53840,,,,CZ,,5,,Europe/Prague,473
czptt,-SR70S-CZ-53840-7,Náchod,50.417318,16.171077,train,0,-SR70ST-CZ-53840,,,,CZ,,7,,Europe/Prague,84
czptt,-SR70S-CZ-53842-2c,Brandýs nad Orlicí,50.002095,16.277128,train,0,-SR70ST-CZ-53842,,,,CZ,,2c,,Europe/Prague,3
czptt,-SR70S-CZ-53843-1a,Brandýs nad Orlicí,49.999556,16.285675,train,0,-SR70ST-CZ-53843,,,,CZ,,1a,,Europe/Prague,6
czptt,-SR70S-CZ-53843-1b,Brandýs nad Orlicí,49.999556,16.285675,train,0,-SR70ST-CZ-53843,,,,CZ,,1b,,Europe/Prague,433
czptt,-SR70S-CZ-53843-2a,Brandýs nad Orlicí,49.999556,16.285675,train,0,-SR70ST-CZ-53843,,,,CZ,,2a,,Europe/Prague,49
czptt,-SR70S-CZ-53843-2b,Brandýs nad Orlicí,49.999556,16.285675,train,0,-SR70ST-CZ-53843,,,,CZ,,2b,,Europe/Prague,407
czptt,-SR70S-CZ-53846-1,Zvoleněves,50.230609,14.183827,train,0,-SR70ST-CZ-53846,,,,CZ,,1,,Europe/Prague,485
czptt,-SR70S-CZ-53849,Křimov-Suchdol,50.490148,13.325119,train,0,,,,,CZ,,,,Europe/Prague,53
czptt,-SR70S-CZ-53850,Náchod-Malé Poříčí,50.441663,16.192665,train,0,,,,,CZ,,,,Europe/Prague,57
czptt,-SR70S-CZ-53851,Velké Poříčí,50.463544,16.18194,train,0,,,,,CZ,,,,Europe/Prague,768
czptt,-SR70S-CZ-53852-2,Odb Bezpráví,49.989121,16.334563,train,0,-SR70ST-CZ-53852,,,,CZ,,2,,Europe/Prague,3
czptt,-SR70S-CZ-53856,Kamenný Most u Kralup nad Vltavou,50.239291,14.205891,train,0,,,,,CZ,,,,Europe/Prague,478
czptt,-SR70S-CZ-53859,Křimov zastávka,50.487677,13.295336,train,0,,,,,CZ,,,,Europe/Prague,47
czptt,-SR70S-CZ-53860-1a,Náchod-Běloves,50.423399,16.187524,train,0,-SR70ST-CZ-53860,,,,CZ,,1a,,Europe/Prague,754
czptt,-SR70S-CZ-53863,Ústí nad Orlicí,49.971064,16.378271,train,0,,,,,CZ,,,,Europe/Prague,0
czptt,-SR70S-CZ-53863-1,Ústí nad Orlicí,49.971064,16.378271,train,0,-SR70ST-CZ-53863,,,,CZ,,1,,Europe/Prague,654
czptt,-SR70S-CZ-53863-12,Ústí nad Orlicí,49.971064,16.378271,train,0,-SR70ST-CZ-53863,,,,CZ,,12,,Europe/Prague,287
czptt,-SR70S-CZ-53863-12b,Ústí nad Orlicí,49.971064,16.378271,train,0,-SR70ST-CZ-53863,,,,CZ,,12b,,Europe/Prague,1
czptt,-SR70S-CZ-53863-1b,Ústí nad Orlicí,49.971064,16.378271,train,0,-SR70ST-CZ-53863,,,,CZ,,1b,,Europe/Prague,4
czptt,-SR70S-CZ-53863-2,Ústí nad Orlicí,49.971064,16.378271,train,0,-SR70ST-CZ-53863,,,,CZ,,2,,Europe/Prague,792
czptt,-SR70S-CZ-53863-2b,Ústí nad Orlicí,49.971064,16.378271,train,0,-SR70ST-CZ-53863,,,,CZ,,2b,,Europe/Prague,4
czptt,-SR70S-CZ-53863-3,Ústí nad Orlicí,49.971064,16.378271,train,0,-SR70ST-CZ-53863,,,,CZ,,3,,Europe/Prague,252
czptt,-SR70S-CZ-53863-4,Ústí nad Orlicí,49.971064,16.378271,train,0,-SR70ST-CZ-53863,,,,CZ,,4,,Europe/Prague,131
czptt,-SR70S-CZ-53863-4a,Ústí nad Orlicí,49.971064,16.378271,train,0,-SR70ST-CZ-53863,,,,CZ,,4a,,Europe/Prague,310
czptt,-SR70S-CZ-53869,Nová Ves u Křimova,50.495585,13.264346,train,0,,,,,CZ,,,,Europe/Prague,47
czptt,-SR70S-CZ-53870,Náchod zastávka,50.408291,16.151734,train,0,,,,,CZ,,,,Europe/Prague,1261
czptt,-SR70S-CZ-53873,Ústí nad Orlicí město,49.968885,16.394471,train,0,,,,,CZ,,,,Europe/Prague,966
czptt,-SR70S-CZ-53879,Výsluní,50.481025,13.211081,train,0,,,,,CZ,,,,Europe/Prague,52
czptt,-SR70S-CZ-53880-1,Václavice,50.394851,16.121714,train,0,-SR70ST-CZ-53880,,,,CZ,,1,,Europe/Prague,842
czptt,-SR70S-CZ-53880-2,Václavice,50.394851,16.121714,train,0,-SR70ST-CZ-53880,,,,CZ,,2,,Europe/Prague,140
czptt,-SR70S-CZ-53880-4,Václavice,50.394851,16.121714,train,0,-SR70ST-CZ-53880,,,,CZ,,4,,Europe/Prague,142
czptt,-SR70S-CZ-53889,Rusová,50.450211,13.168619,train,0,,,,,CZ,,,,Europe/Prague,41
czptt,-SR70S-CZ-53889-1,Rusová,50.450211,13.168619,train,0,-SR70ST-CZ-53889,,,,CZ,,1,,Europe/Prague,14
czptt,-SR70S-CZ-53890-1,N. Město n. Met.,50.354054,16.137509,train,0,-SR70ST-CZ-53890,,,,CZ,,1,,Europe/Prague,428
czptt,-SR70S-CZ-53890-2,N. Město n. Met.,50.354054,16.137509,train,0,-SR70ST-CZ-53890,,,,CZ,,2,,Europe/Prague,31
czptt,-SR70S-CZ-53890-2a,N. Město n. Met.,50.354054,16.137509,train,0,-SR70ST-CZ-53890,,,,CZ,,2a,,Europe/Prague,73
czptt,-SR70S-CZ-53890-3,N. Město n. Met.,50.354054,16.137509,train,0,-SR70ST-CZ-53890,,,,CZ,,3,,Europe/Prague,19
czptt,-SR70S-CZ-53899-1,Kovářská,50.430024,13.035065,train,0,-SR70ST-CZ-53899,,,,CZ,,1,,Europe/Prague,55
czptt,-SR70S-CZ-53909,České Hamry,50.438431,13.020458,train,0,,,,,CZ,,,,Europe/Prague,47
czptt,-SR70S-CZ-53910-1,Bohuslavice nad Metují,50.328242,16.095769,train,0,-SR70ST-CZ-53910,,,,CZ,,1,,Europe/Prague,219
czptt,-SR70S-CZ-53913-1,Česká Třebová,49.896831,16.447115,train,0,-SR70ST-CZ-53913,,,,CZ,,1,,Europe/Prague,432
czptt,-SR70S-CZ-53913-11,Česká Třebová,49.896831,16.447115,train,0,-SR70ST-CZ-53913,,,,CZ,,11,,Europe/Prague,0
czptt,-SR70S-CZ-53913-12,Česká Třebová,49.896831,16.447115,train,0,-SR70ST-CZ-53913,,,,CZ,,12,,Europe/Prague,562
czptt,-SR70S-CZ-53913-14,Česká Třebová,49.896831,16.447115,train,0,-SR70ST-CZ-53913,,,,CZ,,14,,Europe/Prague,68
czptt,-SR70S-CZ-53913-16,Česká Třebová,49.896831,16.447115,train,0,-SR70ST-CZ-53913,,,,CZ,,16,,Europe/Prague,587
czptt,-SR70S-CZ-53913-17,Česká Třebová,49.896831,16.447115,train,0,-SR70ST-CZ-53913,,,,CZ,,17,,Europe/Prague,0
czptt,-SR70S-CZ-53913-2,Česká Třebová,49.896831,16.447115,train,0,-SR70ST-CZ-53913,,,,CZ,,2,,Europe/Prague,535
czptt,-SR70S-CZ-53913-33,Česká Třebová,49.896831,16.447115,train,0,-SR70ST-CZ-53913,,,,CZ,,33,,Europe/Prague,0
czptt,-SR70S-CZ-53913-5,Česká Třebová,49.896831,16.447115,train,0,-SR70ST-CZ-53913,,,,CZ,,5,,Europe/Prague,498
czptt,-SR70S-CZ-53913-6,Česká Třebová,49.896831,16.447115,train,0,-SR70ST-CZ-53913,,,,CZ,,6,,Europe/Prague,678
czptt,-SR70S-CZ-53913-8,Česká Třebová,49.896831,16.447115,train,0,-SR70ST-CZ-53913,,,,CZ,,8,,Europe/Prague,323
czptt,-SR70S-CZ-53914,"Č.Třebová náv. OS,2S",49.902796,16.438244,train,0,,,,,CZ,,,,Europe/Prague,3
czptt,-SR70S-CZ-53919,Kovářská městys,50.440154,13.069681,train,0,,,,,CZ,,,,Europe/Prague,55
czptt,-SR70S-CZ-53920,Černčice,50.334389,16.105523,train,0,,,,,CZ,,,,Europe/Prague,219
czptt,-SR70S-CZ-53923-1,Dlouhá Třebová,49.935706,16.422593,train,0,-SR70ST-CZ-53923,,,,CZ,,1,,Europe/Prague,365
czptt,-SR70S-CZ-53923-2,Dlouhá Třebová,49.935706,16.422593,train,0,-SR70ST-CZ-53923,,,,CZ,,2,,Europe/Prague,395
czptt,-SR70S-CZ-53923-3,Dlouhá Třebová,49.935706,16.422593,train,0,-SR70ST-CZ-53923,,,,CZ,,3,,Europe/Prague,5
czptt,-SR70S-CZ-53926-1,Olovnice,50.232627,14.244841,train,0,-SR70ST-CZ-53926,,,,CZ,,1,,Europe/Prague,478
czptt,-SR70S-CZ-53926-2,Olovnice,50.232627,14.244841,train,0,-SR70ST-CZ-53926,,,,CZ,,2,,Europe/Prague,7
czptt,-SR70S-CZ-53929,Měděnec,50.428534,13.129875,train,0,,,,,CZ,,,,Europe/Prague,55
czptt,-SR70S-CZ-53930-1,Opočno pod Orlickými horami,50.278445,16.085814,train,0,-SR70ST-CZ-53930,,,,CZ,,1,,Europe/Prague,382
czptt,-SR70S-CZ-53930-2,Opočno pod Orlickými horami,50.278445,16.085814,train,0,-SR70ST-CZ-53930,,,,CZ,,2,,Europe/Prague,112
czptt,-SR70S-CZ-53930-2a,Opočno pod Orlickými horami,50.278445,16.085814,train,0,-SR70ST-CZ-53930,,,,CZ,,2a,,Europe/Prague,4
czptt,-SR70S-CZ-53930-2x,Opočno pod Orlickými horami,50.278445,16.085814,train,0,-SR70ST-CZ-53930,,,,CZ,,2x,,Europe/Prague,13
czptt,-SR70S-CZ-53930-3,Opočno pod Orlickými horami,50.278445,16.085814,train,0,-SR70ST-CZ-53930,,,,CZ,,3,,Europe/Prague,16
czptt,-SR70S-CZ-53933-1,Třebovice v Čechách,49.858234,16.49725,train,0,-SR70ST-CZ-53933,,,,CZ,,1,,Europe/Prague,194
czptt,-SR70S-CZ-53933-2,Třebovice v Čechách,49.858234,16.49725,train,0,-SR70ST-CZ-53933,,,,CZ,,2,,Europe/Prague,167
czptt,-SR70S-CZ-53933-3,Třebovice v Čechách,49.858234,16.49725,train,0,-SR70ST-CZ-53933,,,,CZ,,3,,Europe/Prague,262
czptt,-SR70S-CZ-53933-4,Třebovice v Čechách,49.858234,16.49725,train,0,-SR70ST-CZ-53933,,,,CZ,,4,,Europe/Prague,0
czptt,-SR70S-CZ-53933-5,Třebovice v Čechách,49.858234,16.49725,train,0,-SR70ST-CZ-53933,,,,CZ,,5,,Europe/Prague,24
czptt,-SR70S-CZ-53933-5a,Třebovice v Čechách,49.858234,16.49725,train,0,-SR70ST-CZ-53933,,,,CZ,,5a,,Europe/Prague,5
czptt,-SR70S-CZ-53933-7,Třebovice v Čechách,49.858234,16.49725,train,0,-SR70ST-CZ-53933,,,,CZ,,7,,Europe/Prague,6
czptt,-SR70S-CZ-53936,Neuměřice,50.240572,14.217918,train,0,,,,,CZ,,,,Europe/Prague,478
czptt,-SR70S-CZ-53939,Měděnec zastávka,50.42729,13.107632,train,0,,,,,CZ,,,,Europe/Prague,55
czptt,-SR70S-CZ-53940,Bohuslavice nad Metují zastávka,50.312208,16.079736,train,0,,,,,CZ,,,,Europe/Prague,219
czptt,-SR70S-CZ-53943-1,Rudoltice v Čechách,49.892425,16.572534,train,0,-SR70ST-CZ-53943,,,,CZ,,1,,Europe/Prague,20
czptt,-SR70S-CZ-53943-2,Rudoltice v Čechách,49.892425,16.572534,train,0,-SR70ST-CZ-53943,,,,CZ,,2,,Europe/Prague,19
czptt,-SR70S-CZ-53943-3,Rudoltice v Čechách,49.892425,16.572534,train,0,-SR70ST-CZ-53943,,,,CZ,,3,,Europe/Prague,20
czptt,-SR70S-CZ-53943-4,Rudoltice v Čechách,49.892425,16.572534,train,0,-SR70ST-CZ-53943,,,,CZ,,4,,Europe/Prague,4
czptt,-SR70S-CZ-53943-6,Rudoltice v Čechách,49.892425,16.572534,train,0,-SR70ST-CZ-53943,,,,CZ,,6,,Europe/Prague,332
czptt,-SR70S-CZ-53943-6b,Rudoltice v Čechách,49.892425,16.572534,train,0,-SR70ST-CZ-53943,,,,CZ,,6b,,Europe/Prague,0
czptt,-SR70S-CZ-53943-8,Rudoltice v Čechách,49.892425,16.572534,train,0,-SR70ST-CZ-53943,,,,CZ,,8,,Europe/Prague,72
czptt,-SR70S-CZ-53946-1,Kralupy nad Vltavou předměstí,50.231862,14.283521,train,0,-SR70ST-CZ-53946,,,,CZ,,1,,Europe/Prague,737
czptt,-SR70S-CZ-53949-1,Vejprty,50.500558,13.03355,train,0,-SR70ST-CZ-53949,,,,CZ,,1,,Europe/Prague,49
czptt,-SR70S-CZ-53949-4,Vejprty,50.500558,13.03355,train,0,-SR70ST-CZ-53949,,,,CZ,,4,,Europe/Prague,6
czptt,-SR70S-CZ-53950,Pohoří,50.291755,16.078641,train,0,,,,,CZ,,,,Europe/Prague,219
czptt,-SR70S-CZ-53953,Žichlínek,49.860378,16.655024,train,0,,,,,CZ,,,,Europe/Prague,105
czptt,-SR70S-CZ-53956,Zeměchy,50.233324,14.266738,train,0,,,,,CZ,,,,Europe/Prague,478
czptt,-SR70S-CZ-53959,Vejprty koupaliště,50.483501,13.033968,train,0,,,,,CZ,,,,Europe/Prague,47
czptt,-SR70S-CZ-53962-2a,"Krasíkov kol. 1a, 2a",49.850419,16.697811,train,0,-SR70ST-CZ-53962,,,,CZ,,2a,,Europe/Prague,3
czptt,-SR70S-CZ-53963,Krasíkov,49.84945,16.693549,train,0,,,,,CZ,,,,Europe/Prague,105
czptt,-SR70S-CZ-53969,Vejprty zastávka,50.466421,13.022277,train,0,,,,,CZ,,,,Europe/Prague,47
czptt,-SR70S-CZ-53972-2,Krasíkov,49.84883,16.687778,train,0,-SR70ST-CZ-53972,,,,CZ,,2,,Europe/Prague,3
czptt,-SR70S-CZ-53973,Tatenice,49.859234,16.709999,train,0,,,,,CZ,,,,Europe/Prague,105
czptt,-SR70S-CZ-53976,Koleč,50.19667,14.218152,train,0,,,,,CZ,,,,Europe/Prague,95
czptt,-SR70S-CZ-53982-1,Hoštejn,49.873388,16.782242,train,0,-SR70ST-CZ-53982,,,,CZ,,1,,Europe/Prague,0
czptt,-SR70S-CZ-53982-2,Hoštejn,49.873388,16.782242,train,0,-SR70ST-CZ-53982,,,,CZ,,2,,Europe/Prague,3
czptt,-SR70S-CZ-53982-3,Hoštejn,49.873388,16.782242,train,0,-SR70ST-CZ-53982,,,,CZ,,3,,Europe/Prague,1
czptt,-SR70S-CZ-53983,Hoštejn,49.872951,16.774483,train,0,,,,,CZ,,,,Europe/Prague,106
czptt,-SR70S-CZ-53984,hr.VUSC 0530/0710 03,49.871725,16.76368,train,0,,,,,CZ,,,,Europe/Prague,3
czptt,-SR70S-CZ-53993,Lupěné,49.867936,16.841192,train,0,,,,,CZ,,,,Europe/Prague,105
czptt,-SR70S-CZ-53996,Zákolany zastávka,50.196982,14.25019,train,0,,,,,CZ,,,,Europe/Prague,94
czptt,-SR70S-CZ-54003,Luková u Rudoltic v Čechách,49.880204,16.604129,train,0,,,,,CZ,,,,Europe/Prague,105
czptt,-SR70S-CZ-54004,Třebešice,49.931676,15.341183,train,0,,,,,CZ,,,,Europe/Prague,553
czptt,-SR70S-CZ-54006-1,Noutonice,50.160002,14.277892,train,0,-SR70ST-CZ-54006,,,,CZ,,1,,Europe/Prague,209
czptt,-SR70S-CZ-54006-2,Noutonice,50.160002,14.277892,train,0,-SR70ST-CZ-54006,,,,CZ,,2,,Europe/Prague,5
czptt,-SR70S-CZ-54009-1,Jirkov,50.492305,13.44884,train,0,-SR70ST-CZ-54009,,,,CZ,,1,,Europe/Prague,315
czptt,-SR70S-CZ-54010-1,Dobruška,50.28926,16.152328,train,0,-SR70ST-CZ-54010,,,,CZ,,1,,Europe/Prague,46
czptt,-SR70S-CZ-54014-1,Kutná Hora hl. n.,49.961484,15.301464,train,0,-SR70ST-CZ-54014,,,,CZ,,1,,Europe/Prague,693
czptt,-SR70S-CZ-54014-11,Kutná Hora hl. n.,49.961484,15.301464,train,0,-SR70ST-CZ-54014,,,,CZ,,11,,Europe/Prague,147
czptt,-SR70S-CZ-54014-13,Kutná Hora hl. n.,49.961484,15.301464,train,0,-SR70ST-CZ-54014,,,,CZ,,13,,Europe/Prague,516
czptt,-SR70S-CZ-54014-2,Kutná Hora hl. n.,49.961484,15.301464,train,0,-SR70ST-CZ-54014,,,,CZ,,2,,Europe/Prague,678
czptt,-SR70S-CZ-54014-4,Kutná Hora hl. n.,49.961484,15.301464,train,0,-SR70ST-CZ-54014,,,,CZ,,4,,Europe/Prague,0
czptt,-SR70S-CZ-54015-11a,K.Hora hl.n.náv.L11a,49.959908,15.303038,train,0,-SR70ST-CZ-54015,,,,CZ,,11a,,Europe/Prague,0
czptt,-SR70S-CZ-54016,Kováry,50.181872,14.247365,train,0,,,,,CZ,,,,Europe/Prague,95
czptt,-SR70S-CZ-54019,Jirkov zastávka,50.485464,13.447559,train,0,,,,,CZ,,,,Europe/Prague,1235
czptt,-SR70S-CZ-54024,Hlízov,49.981301,15.294219,train,0,,,,,CZ,,,,Europe/Prague,649
czptt,-SR70S-CZ-54026-1,Středokluky,50.124488,14.254548,train,0,-SR70ST-CZ-54026,,,,CZ,,1,,Europe/Prague,348
czptt,-SR70S-CZ-54026-2,Středokluky,50.124488,14.254548,train,0,-SR70ST-CZ-54026,,,,CZ,,2,,Europe/Prague,6
czptt,-SR70S-CZ-54026-3,Středokluky,50.124488,14.254548,train,0,-SR70ST-CZ-54026,,,,CZ,,3,,Europe/Prague,6
czptt,-SR70S-CZ-54030-1,Bolehošť,50.214628,16.065083,train,0,-SR70ST-CZ-54030,,,,CZ,,1,,Europe/Prague,444
czptt,-SR70S-CZ-54030-2,Bolehošť,50.214628,16.065083,train,0,-SR70ST-CZ-54030,,,,CZ,,2,,Europe/Prague,44
czptt,-SR70S-CZ-54034,Církvice,49.941795,15.329583,train,0,,,,,CZ,,,,Europe/Prague,553
czptt,-SR70S-CZ-54036,Tuchoměřice,50.136322,14.268283,train,0,,,,,CZ,,,,Europe/Prague,214
czptt,-SR70S-CZ-54040,Očelice,50.243339,16.063268,train,0,,,,,CZ,,,,Europe/Prague,225
czptt,-SR70S-CZ-54044-1,Čáslav,49.915354,15.394614,train,0,-SR70ST-CZ-54044,,,,CZ,,1,,Europe/Prague,565
czptt,-SR70S-CZ-54044-2,Čáslav,49.915354,15.394614,train,0,-SR70ST-CZ-54044,,,,CZ,,2,,Europe/Prague,531
czptt,-SR70S-CZ-54044-3,Čáslav,49.915354,15.394614,train,0,-SR70ST-CZ-54044,,,,CZ,,3,,Europe/Prague,95
czptt,-SR70S-CZ-54044-4,Čáslav,49.915354,15.394614,train,0,-SR70ST-CZ-54044,,,,CZ,,4,,Europe/Prague,29
czptt,-SR70S-CZ-54044-6,Čáslav,49.915354,15.394614,train,0,-SR70ST-CZ-54044,,,,CZ,,6,,Europe/Prague,1
czptt,-SR70S-CZ-54046-1,Praha-Zličín,50.064172,14.297773,train,0,-SR70ST-CZ-54046,,,,CZ,,1,,Europe/Prague,23
czptt,-SR70S-CZ-54046-1a,Praha-Zličín,50.064172,14.297773,train,0,-SR70ST-CZ-54046,,,,CZ,,1a,,Europe/Prague,934
czptt,-SR70S-CZ-54046-2,Praha-Zličín,50.064172,14.297773,train,0,-SR70ST-CZ-54046,,,,CZ,,2,,Europe/Prague,140
czptt,-SR70S-CZ-54046-3,Praha-Zličín,50.064172,14.297773,train,0,-SR70ST-CZ-54046,,,,CZ,,3,,Europe/Prague,4
czptt,-SR70S-CZ-54047,hr.VUSC 0100/0200 09,50.073227,14.280636,train,0,,,,,CZ,,,,Europe/Prague,18
czptt,-SR70S-CZ-54050-1,Borohrádek,50.097358,16.085465,train,0,-SR70ST-CZ-54050,,,,CZ,,1,,Europe/Prague,597
czptt,-SR70S-CZ-54050-2,Borohrádek,50.097358,16.085465,train,0,-SR70ST-CZ-54050,,,,CZ,,2,,Europe/Prague,37
czptt,-SR70S-CZ-54050-3,Borohrádek,50.097358,16.085465,train,0,-SR70ST-CZ-54050,,,,CZ,,3,,Europe/Prague,2
czptt,-SR70S-CZ-54050-5,Borohrádek,50.097358,16.085465,train,0,-SR70ST-CZ-54050,,,,CZ,,5,,Europe/Prague,0
czptt,-SR70S-CZ-54054,Horky u Čáslavi,49.872538,15.443043,train,0,,,,,CZ,,,,Europe/Prague,433
czptt,-SR70S-CZ-54056,Dobrovíz,50.110771,14.220154,train,0,,,,,CZ,,,,Europe/Prague,321
czptt,-SR70S-CZ-54057-1,Straškov,50.361819,14.242274,train,0,-SR70ST-CZ-54057,,,,CZ,,1,,Europe/Prague,428
czptt,-SR70S-CZ-54057-2,Straškov,50.361819,14.242274,train,0,-SR70ST-CZ-54057,,,,CZ,,2,,Europe/Prague,1
czptt,-SR70S-CZ-54057-3,Straškov,50.361819,14.242274,train,0,-SR70ST-CZ-54057,,,,CZ,,3,,Europe/Prague,4
czptt,-SR70S-CZ-54060,Žďár nad Orlicí,50.120312,16.066783,train,0,,,,,CZ,,,,Europe/Prague,332
czptt,-SR70S-CZ-54061,Dobrovíz-Amazon,50.107391,14.213898,train,0,,,,,CZ,,,,Europe/Prague,322
czptt,-SR70S-CZ-54066,Jeneč zastávka,50.094628,14.213327,train,0,,,,,CZ,,,,Europe/Prague,362
czptt,-SR70S-CZ-54067,Loucká,50.330452,14.219562,train,0,,,,,CZ,,,,Europe/Prague,3
czptt,-SR70S-CZ-54070-1,Čermná nad Orlicí,50.064807,16.135836,train,0,-SR70ST-CZ-54070,,,,CZ,,1,,Europe/Prague,321
czptt,-SR70S-CZ-54070-2,Čermná nad Orlicí,50.064807,16.135836,train,0,-SR70ST-CZ-54070,,,,CZ,,2,,Europe/Prague,59
czptt,-SR70S-CZ-54074,Vrdy-Koudelov,49.914722,15.430385,train,0,,,,,CZ,,,,Europe/Prague,218
czptt,-SR70S-CZ-54076,Hostouň u Prahy,50.104871,14.209259,train,0,,,,,CZ,,,,Europe/Prague,278
czptt,-SR70S-CZ-54080-1,Újezd u Chocně,50.031746,16.179096,train,0,-SR70ST-CZ-54080,,,,CZ,,1,,Europe/Prague,252
czptt,-SR70S-CZ-54080-2,Újezd u Chocně,50.031746,16.179096,train,0,-SR70ST-CZ-54080,,,,CZ,,2,,Europe/Prague,18
czptt,-SR70S-CZ-54083-1,Golčův Jeníkov,49.836869,15.468005,train,0,-SR70ST-CZ-54083,,,,CZ,,1,,Europe/Prague,234
czptt,-SR70S-CZ-54083-2,Golčův Jeníkov,49.836869,15.468005,train,0,-SR70ST-CZ-54083,,,,CZ,,2,,Europe/Prague,220
czptt,-SR70S-CZ-54083-3,Golčův Jeníkov,49.836869,15.468005,train,0,-SR70ST-CZ-54083,,,,CZ,,3,,Europe/Prague,1
czptt,-SR70S-CZ-54083-4,Golčův Jeníkov,49.836869,15.468005,train,0,-SR70ST-CZ-54083,,,,CZ,,4,,Europe/Prague,16
czptt,-SR70S-CZ-54089-1,Litvínov,50.593002,13.61036,train,0,-SR70ST-CZ-54089,,,,CZ,,1,,Europe/Prague,327
czptt,-SR70S-CZ-54090,Plchůvky,50.038858,16.16204,train,0,,,,,CZ,,,,Europe/Prague,268
czptt,-SR70S-CZ-54093,Golčův Jeníkov město,49.821537,15.472481,train,0,,,,,CZ,,,,Europe/Prague,1046
czptt,-SR70S-CZ-54097,Vražkov,50.367387,14.264344,train,0,,,,,CZ,,,,Europe/Prague,309
czptt,-SR70S-CZ-54099,Most-Minerva,50.564228,13.623466,train,0,,,,,CZ,,,,Europe/Prague,515
czptt,-SR70S-CZ-54100-1,Solnice,50.20326,16.254294,train,0,-SR70ST-CZ-54100,,,,CZ,,1,,Europe/Prague,29
czptt,-SR70S-CZ-54100-3,Solnice,50.20326,16.254294,train,0,-SR70ST-CZ-54100,,,,CZ,,3,,Europe/Prague,69
czptt,-SR70S-CZ-54101-201,Lipovka,50.184032,16.26462,train,0,-SR70ST-CZ-54101,,,,CZ,,201,,Europe/Prague,10
czptt,-SR70S-CZ-54101-201a,Lipovka,50.184032,16.26462,train,0,-SR70ST-CZ-54101,,,,CZ,,201a,,Europe/Prague,9
czptt,-SR70S-CZ-54103,Nová Ves u Leštiny,49.783517,15.40418,train,0,,,,,CZ,,,,Europe/Prague,433
czptt,-SR70S-CZ-54104-1,Vlkaneč,49.803902,15.404929,train,0,-SR70ST-CZ-54104,,,,CZ,,1,,Europe/Prague,223
czptt,-SR70S-CZ-54104-2,Vlkaneč,49.803902,15.404929,train,0,-SR70ST-CZ-54104,,,,CZ,,2,,Europe/Prague,209
czptt,-SR70S-CZ-54105,Solnice zastávka,50.199577,16.256553,train,0,,,,,CZ,,,,Europe/Prague,58
czptt,-SR70S-CZ-54105-91,Solnice zastávka,50.199577,16.256553,train,0,-SR70ST-CZ-54105,,,,CZ,,91,,Europe/Prague,62
czptt,-SR70S-CZ-54107,Mnetěš,50.359919,14.275986,train,0,,,,,CZ,,,,Europe/Prague,103
czptt,-SR70S-CZ-54109,Lom u Mostu,50.593183,13.661079,train,0,,,,,CZ,,,,Europe/Prague,367
czptt,-SR70S-CZ-54110-1,Rychnov nad Kněž.,50.157966,16.273634,train,0,-SR70ST-CZ-54110,,,,CZ,,1,,Europe/Prague,456
czptt,-SR70S-CZ-54110-3,Rychnov nad Kněž.,50.157966,16.273634,train,0,-SR70ST-CZ-54110,,,,CZ,,3,,Europe/Prague,226
czptt,-SR70S-CZ-54113-1,Leština u Světlé,49.761214,15.398763,train,0,-SR70ST-CZ-54113,,,,CZ,,1,,Europe/Prague,223
czptt,-SR70S-CZ-54113-2,Leština u Světlé,49.761214,15.398763,train,0,-SR70ST-CZ-54113,,,,CZ,,2,,Europe/Prague,209
czptt,-SR70S-CZ-54117,Bříza obec,50.363534,14.218332,train,0,,,,,CZ,,,,Europe/Prague,346
czptt,-SR70S-CZ-54119-1,Osek,50.613667,13.708151,train,0,-SR70ST-CZ-54119,,,,CZ,,1,,Europe/Prague,242
czptt,-SR70S-CZ-54119-2,Osek,50.613667,13.708151,train,0,-SR70ST-CZ-54119,,,,CZ,,2,,Europe/Prague,85
czptt,-SR70S-CZ-54120,Rychnov n.K. zast.,50.166222,16.270641,train,0,,,,,CZ,,,,Europe/Prague,141
czptt,-SR70S-CZ-54123,Sázavka,49.72985,15.398602,train,0,,,,,CZ,,,,Europe/Prague,430
czptt,-SR70S-CZ-54127,Roudnice nad Labem-Hracholusky,50.416923,14.252987,train,0,,,,,CZ,,,,Europe/Prague,309
czptt,-SR70S-CZ-54129,Háj u Duchcova,50.619449,13.725387,train,0,,,,,CZ,,,,Europe/Prague,300
czptt,-SR70S-CZ-54130,Slemeno,50.146922,16.241859,train,0,,,,,CZ,,,,Europe/Prague,550
czptt,-SR70S-CZ-54133-1,Světlá n.S.,49.670422,15.417436,train,0,-SR70ST-CZ-54133,,,,CZ,,1,,Europe/Prague,518
czptt,-SR70S-CZ-54133-2,Světlá n.S.,49.670422,15.417436,train,0,-SR70ST-CZ-54133,,,,CZ,,2,,Europe/Prague,499
czptt,-SR70S-CZ-54133-3,Světlá n.S.,49.670422,15.417436,train,0,-SR70ST-CZ-54133,,,,CZ,,3,,Europe/Prague,120
czptt,-SR70S-CZ-54133-4,Světlá n.S.,49.670422,15.417436,train,0,-SR70ST-CZ-54133,,,,CZ,,4,,Europe/Prague,0
czptt,-SR70S-CZ-54133-5,Světlá n.S.,49.670422,15.417436,train,0,-SR70ST-CZ-54133,,,,CZ,,5,,Europe/Prague,0
czptt,-SR70S-CZ-54133-7,Světlá n.S.,49.670422,15.417436,train,0,-SR70ST-CZ-54133,,,,CZ,,7,,Europe/Prague,167
czptt,-SR70S-CZ-54133-9,Světlá n.S.,49.670422,15.417436,train,0,-SR70ST-CZ-54133,,,,CZ,,9,,Europe/Prague,24
czptt,-SR70S-CZ-54137,Roudnice nad Labem město,50.421662,14.258715,train,0,,,,,CZ,,,,Europe/Prague,309
czptt,-SR70S-CZ-54140-1,Rokytnice v Orl. horách,50.161494,16.465307,train,0,-SR70ST-CZ-54140,,,,CZ,,1,,Europe/Prague,181
czptt,-SR70S-CZ-54143,Pohleď,49.651061,15.456222,train,0,,,,,CZ,,,,Europe/Prague,266
czptt,-SR70S-CZ-54147,Kleneč,50.39435,14.246852,train,0,,,,,CZ,,,,Europe/Prague,309
czptt,-SR70S-CZ-54149-1,Louka u Litvínova,50.593112,13.63133,train,0,-SR70ST-CZ-54149,,,,CZ,,1,,Europe/Prague,959
czptt,-SR70S-CZ-54149-1a,Louka u Litvínova,50.593112,13.63133,train,0,-SR70ST-CZ-54149,,,,CZ,,1a,,Europe/Prague,2
czptt,-SR70S-CZ-54149-2,Louka u Litvínova,50.593112,13.63133,train,0,-SR70ST-CZ-54149,,,,CZ,,2,,Europe/Prague,45
czptt,-SR70S-CZ-54150,Pěčín,50.160848,16.419338,train,0,,,,,CZ,,,,Europe/Prague,179
czptt,-SR70S-CZ-54153,Světlá nad Sázavou-Josefodol,49.690432,15.424181,train,0,,,,,CZ,,,,Europe/Prague,430
czptt,-SR70S-CZ-54157,Mšené Lázně,50.361749,14.133063,train,0,,,,,CZ,,,,Europe/Prague,26
czptt,-SR70S-CZ-54159,Lom u Mostu zastávka,50.597015,13.649341,train,0,,,,,CZ,,,,Europe/Prague,673
czptt,-SR70S-CZ-54160-1,Vamberk,50.118002,16.282909,train,0,-SR70ST-CZ-54160,,,,CZ,,1,,Europe/Prague,191
czptt,-SR70S-CZ-54160-3,Vamberk,50.118002,16.282909,train,0,-SR70ST-CZ-54160,,,,CZ,,3,,Europe/Prague,6
czptt,-SR70S-CZ-54163,Mrzkovice,49.657168,15.373706,train,0,,,,,CZ,,,,Europe/Prague,259
czptt,-SR70S-CZ-54167,Charvatce,50.359302,14.148922,train,0,,,,,CZ,,,,Europe/Prague,26
czptt,-SR70S-CZ-54169-1,Osek město,50.625887,13.684963,train,0,-SR70ST-CZ-54169,,,,CZ,,1,,Europe/Prague,673
czptt,-SR70S-CZ-54169-2,Osek město,50.625887,13.684963,train,0,-SR70ST-CZ-54169,,,,CZ,,2,,Europe/Prague,1
czptt,-SR70S-CZ-54170-1,Slatina nad Zdobnicí,50.136832,16.377673,train,0,-SR70ST-CZ-54170,,,,CZ,,1,,Europe/Prague,181
czptt,-SR70S-CZ-54173,Dolní Březinka,49.661459,15.380385,train,0,,,,,CZ,,,,Europe/Prague,259
czptt,-SR70S-CZ-54177,Martiněves u Libochovic,50.379583,14.141486,train,0,,,,,CZ,,,,Europe/Prague,26
czptt,-SR70S-CZ-54179,Horní Háj,50.639832,13.703802,train,0,,,,,CZ,,,,Europe/Prague,120
czptt,-SR70S-CZ-54180,Rybná nad Zdobnicí,50.127464,16.343156,train,0,,,,,CZ,,,,Europe/Prague,179
czptt,-SR70S-CZ-54183,Světlá nad Sázavou město,49.669192,15.401469,train,0,,,,,CZ,,,,Europe/Prague,259
czptt,-SR70S-CZ-54187,Vrbka,50.389711,14.140512,train,0,,,,,CZ,,,,Europe/Prague,26
czptt,-SR70S-CZ-54189-3,Hrob,50.660063,13.722079,train,0,-SR70ST-CZ-54189,,,,CZ,,3,,Europe/Prague,4
czptt,-SR70S-CZ-54189-5,Hrob,50.660063,13.722079,train,0,-SR70ST-CZ-54189,,,,CZ,,5,,Europe/Prague,161
czptt,-SR70S-CZ-54190,Peklo nad Zdobnicí,50.12206,16.305594,train,0,,,,,CZ,,,,Europe/Prague,179
czptt,-SR70S-CZ-54193-1,Okrouhlice,49.630701,15.487033,train,0,-SR70ST-CZ-54193,,,,CZ,,1,,Europe/Prague,321
czptt,-SR70S-CZ-54193-2,Okrouhlice,49.630701,15.487033,train,0,-SR70ST-CZ-54193,,,,CZ,,2,,Europe/Prague,318
czptt,-SR70S-CZ-54197-1,Budyně nad Ohří,50.405083,14.134299,train,0,-SR70ST-CZ-54197,,,,CZ,,1,,Europe/Prague,27
czptt,-SR70S-CZ-54199,Střelná v Krušných horách,50.670353,13.740242,train,0,,,,,CZ,,,,Europe/Prague,109
czptt,-SR70S-CZ-54203,Havlíčkův Brod-Perknov,49.614188,15.539623,train,0,,,,,CZ,,,,Europe/Prague,266
czptt,-SR70S-CZ-54207,Břežany nad Ohří,50.412588,14.115669,train,0,,,,,CZ,,,,Europe/Prague,26
czptt,-SR70S-CZ-54209,Dubí,50.697532,13.762196,train,0,,,,,CZ,,,,Europe/Prague,0
czptt,-SR70S-CZ-54209-1,Dubí,50.697532,13.762196,train,0,-SR70ST-CZ-54209,,,,CZ,,1,,Europe/Prague,68
czptt,-SR70S-CZ-54209-3,Dubí,50.697532,13.762196,train,0,-SR70ST-CZ-54209,,,,CZ,,3,,Europe/Prague,72
czptt,-SR70S-CZ-54212-1,Liberec,50.761359,15.046324,train,0,-SR70ST-CZ-54212,,,,CZ,,1,,Europe/Prague,15
czptt,-SR70S-CZ-54212-101,Liberec,50.761359,15.046324,train,0,-SR70ST-CZ-54212,,,,CZ,,101,,Europe/Prague,463
czptt,-SR70S-CZ-54212-102,Liberec,50.761359,15.046324,train,0,-SR70ST-CZ-54212,,,,CZ,,102,,Europe/Prague,156
czptt,-SR70S-CZ-54212-103,Liberec,50.761359,15.046324,train,0,-SR70ST-CZ-54212,,,,CZ,,103,,Europe/Prague,8
czptt,-SR70S-CZ-54212-104,Liberec,50.761359,15.046324,train,0,-SR70ST-CZ-54212,,,,CZ,,104,,Europe/Prague,835
czptt,-SR70S-CZ-54212-105,Liberec,50.761359,15.046324,train,0,-SR70ST-CZ-54212,,,,CZ,,105,,Europe/Prague,484
czptt,-SR70S-CZ-54212-107,Liberec,50.761359,15.046324,train,0,-SR70ST-CZ-54212,,,,CZ,,107,,Europe/Prague,220
czptt,-SR70S-CZ-54212-108,Liberec,50.761359,15.046324,train,0,-SR70ST-CZ-54212,,,,CZ,,108,,Europe/Prague,573
czptt,-SR70S-CZ-54212-111,Liberec,50.761359,15.046324,train,0,-SR70ST-CZ-54212,,,,CZ,,111,,Europe/Prague,1207
czptt,-SR70S-CZ-54212-114,Liberec,50.761359,15.046324,train,0,-SR70ST-CZ-54212,,,,CZ,,114,,Europe/Prague,335
czptt,-SR70S-CZ-54212-116,Liberec,50.761359,15.046324,train,0,-SR70ST-CZ-54212,,,,CZ,,116,,Europe/Prague,88
czptt,-SR70S-CZ-54212-118,Liberec,50.761359,15.046324,train,0,-SR70ST-CZ-54212,,,,CZ,,118,,Europe/Prague,1
czptt,-SR70S-CZ-54212-16,Liberec,50.761359,15.046324,train,0,-SR70ST-CZ-54212,,,,CZ,,16,,Europe/Prague,0
czptt,-SR70S-CZ-54212-2,Liberec,50.761359,15.046324,train,0,-SR70ST-CZ-54212,,,,CZ,,2,,Europe/Prague,69
czptt,-SR70S-CZ-54213-1,Havlíčkův Brod,49.598413,15.588119,train,0,-SR70ST-CZ-54213,,,,CZ,,1,,Europe/Prague,416
czptt,-SR70S-CZ-54213-10,Havlíčkův Brod,49.598413,15.588119,train,0,-SR70ST-CZ-54213,,,,CZ,,10,,Europe/Prague,3
czptt,-SR70S-CZ-54213-12,Havlíčkův Brod,49.598413,15.588119,train,0,-SR70ST-CZ-54213,,,,CZ,,12,,Europe/Prague,3
czptt,-SR70S-CZ-54213-2,Havlíčkův Brod,49.598413,15.588119,train,0,-SR70ST-CZ-54213,,,,CZ,,2,,Europe/Prague,428
czptt,-SR70S-CZ-54213-3,Havlíčkův Brod,49.598413,15.588119,train,0,-SR70ST-CZ-54213,,,,CZ,,3,,Europe/Prague,644
czptt,-SR70S-CZ-54213-3b,Havlíčkův Brod,49.598413,15.588119,train,0,-SR70ST-CZ-54213,,,,CZ,,3b,,Europe/Prague,207
czptt,-SR70S-CZ-54213-4,Havlíčkův Brod,49.598413,15.588119,train,0,-SR70ST-CZ-54213,,,,CZ,,4,,Europe/Prague,141
czptt,-SR70S-CZ-54213-5,Havlíčkův Brod,49.598413,15.588119,train,0,-SR70ST-CZ-54213,,,,CZ,,5,,Europe/Prague,435
czptt,-SR70S-CZ-54213-6,Havlíčkův Brod,49.598413,15.588119,train,0,-SR70ST-CZ-54213,,,,CZ,,6,,Europe/Prague,418
czptt,-SR70S-CZ-54213-7,Havlíčkův Brod,49.598413,15.588119,train,0,-SR70ST-CZ-54213,,,,CZ,,7,,Europe/Prague,228
czptt,-SR70S-CZ-54213-7b,Havlíčkův Brod,49.598413,15.588119,train,0,-SR70ST-CZ-54213,,,,CZ,,7b,,Europe/Prague,56
czptt,-SR70S-CZ-54213-8,Havlíčkův Brod,49.598413,15.588119,train,0,-SR70ST-CZ-54213,,,,CZ,,8,,Europe/Prague,862
czptt,-SR70S-CZ-54217,Žabovřesky nad Ohří,50.415691,14.086234,train,0,,,,,CZ,,,,Europe/Prague,26
czptt,-SR70S-CZ-54219,Mikulov v Krušných horách,50.693554,13.723733,train,0,,,,,CZ,,,,Europe/Prague,163
czptt,-SR70S-CZ-54222,Liberec-Rochlice,50.747278,15.061628,train,0,,,,,CZ,,,,Europe/Prague,582
czptt,-SR70S-CZ-54223,Petrkov,49.576334,15.552882,train,0,,,,,CZ,,,,Europe/Prague,167
czptt,-SR70S-CZ-54225,Luštěnice,50.321145,14.944636,train,0,,,,,CZ,,,,Europe/Prague,304
czptt,-SR70S-CZ-54227,Horní Beřkovice,50.357327,14.355291,train,0,,,,,CZ,,,,Europe/Prague,217
czptt,-SR70S-CZ-54229-1,Moldava v Krušných horách,50.717811,13.691474,train,0,-SR70ST-CZ-54229,,,,CZ,,1,,Europe/Prague,159
czptt,-SR70S-CZ-54229-3,Moldava v Krušných horách,50.717811,13.691474,train,0,-SR70ST-CZ-54229,,,,CZ,,3,,Europe/Prague,5
czptt,-SR70S-CZ-54232-1,Rychnov u Jabl.n.N.,50.683866,15.143924,train,0,-SR70ST-CZ-54232,,,,CZ,,1,,Europe/Prague,1140
czptt,-SR70S-CZ-54232-2,Rychnov u Jabl.n.N.,50.683866,15.143924,train,0,-SR70ST-CZ-54232,,,,CZ,,2,,Europe/Prague,102
czptt,-SR70S-CZ-54233-1,Lípa,49.556352,15.538407,train,0,-SR70ST-CZ-54233,,,,CZ,,1,,Europe/Prague,186
czptt,-SR70S-CZ-54237,Ctiněves,50.378379,14.306418,train,0,,,,,CZ,,,,Europe/Prague,117
czptt,-SR70S-CZ-54239,Mikulov-Nové Město,50.702323,13.702148,train,0,,,,,CZ,,,,Europe/Prague,162
czptt,-SR70S-CZ-54242,Rádlo,50.694316,15.108416,train,0,,,,,CZ,,,,Europe/Prague,514
czptt,-SR70S-CZ-54243,Břevnice,49.63229,15.616176,train,0,,,,,CZ,,,,Europe/Prague,737
czptt,-SR70S-CZ-54247,Kostomlaty pod Řípem,50.380428,14.330153,train,0,,,,,CZ,,,,Europe/Prague,103
czptt,-SR70S-CZ-54252-1,Jeřmanice,50.707382,15.086513,train,0,-SR70ST-CZ-54252,,,,CZ,,1,,Europe/Prague,570
czptt,-SR70S-CZ-54252-1a,Jeřmanice,50.707382,15.086513,train,0,-SR70ST-CZ-54252,,,,CZ,,1a,,Europe/Prague,0
czptt,-SR70S-CZ-54252-2,Jeřmanice,50.707382,15.086513,train,0,-SR70ST-CZ-54252,,,,CZ,,2,,Europe/Prague,1
czptt,-SR70S-CZ-54252-3,Jeřmanice,50.707382,15.086513,train,0,-SR70ST-CZ-54252,,,,CZ,,3,,Europe/Prague,50
czptt,-SR70S-CZ-54253,Pohledští Dvořáci,49.61004,15.614246,train,0,,,,,CZ,,,,Europe/Prague,92
czptt,-SR70S-CZ-54257-1,Roudnice nad Labem,50.426449,14.265184,train,0,-SR70ST-CZ-54257,,,,CZ,,1,,Europe/Prague,454
czptt,-SR70S-CZ-54257-2,Roudnice nad Labem,50.426449,14.265184,train,0,-SR70ST-CZ-54257,,,,CZ,,2,,Europe/Prague,550
czptt,-SR70S-CZ-54257-3,Roudnice nad Labem,50.426449,14.265184,train,0,-SR70ST-CZ-54257,,,,CZ,,3,,Europe/Prague,170
czptt,-SR70S-CZ-54257-3c,Roudnice nad Labem,50.426449,14.265184,train,0,-SR70ST-CZ-54257,,,,CZ,,3c,,Europe/Prague,23
czptt,-SR70S-CZ-54257-4,Roudnice nad Labem,50.426449,14.265184,train,0,-SR70ST-CZ-54257,,,,CZ,,4,,Europe/Prague,74
czptt,-SR70S-CZ-54257-5,Roudnice nad Labem,50.426449,14.265184,train,0,-SR70ST-CZ-54257,,,,CZ,,5,,Europe/Prague,213
czptt,-SR70S-CZ-54257-5b,Roudnice nad Labem,50.426449,14.265184,train,0,-SR70ST-CZ-54257,,,,CZ,,5b,,Europe/Prague,0
czptt,-SR70S-CZ-54257-6,Roudnice nad Labem,50.426449,14.265184,train,0,-SR70ST-CZ-54257,,,,CZ,,6,,Europe/Prague,20
czptt,-SR70S-CZ-54262,Pilínkov,50.727251,15.035452,train,0,,,,,CZ,,,,Europe/Prague,530
czptt,-SR70S-CZ-54263,Mírovka,49.579417,15.618519,train,0,,,,,CZ,,,,Europe/Prague,351
czptt,-SR70S-CZ-54267,Dobříň,50.437237,14.296424,train,0,,,,,CZ,,,,Europe/Prague,620
czptt,-SR70S-CZ-54272-1,Hodkovice nad Mohelkou,50.667257,15.100773,train,0,-SR70ST-CZ-54272,,,,CZ,,1,,Europe/Prague,410
czptt,-SR70S-CZ-54272-3,Hodkovice nad Mohelkou,50.667257,15.100773,train,0,-SR70ST-CZ-54272,,,,CZ,,3,,Europe/Prague,236
czptt,-SR70S-CZ-54273,Dolík,49.586091,15.564286,train,0,,,,,CZ,,,,Europe/Prague,167
czptt,-SR70S-CZ-54277,Roudnice nad Labem-Bezděkov,50.428648,14.282112,train,0,,,,,CZ,,,,Europe/Prague,261
czptt,-SR70S-CZ-54282-1,Sychrov,50.629352,15.078351,train,0,-SR70ST-CZ-54282,,,,CZ,,1,,Europe/Prague,581
czptt,-SR70S-CZ-54282-2,Sychrov,50.629352,15.078351,train,0,-SR70ST-CZ-54282,,,,CZ,,2,,Europe/Prague,61
czptt,-SR70S-CZ-54287-1,Hněvice,50.453046,14.361433,train,0,-SR70ST-CZ-54287,,,,CZ,,1,,Europe/Prague,409
czptt,-SR70S-CZ-54287-2,Hněvice,50.453046,14.361433,train,0,-SR70ST-CZ-54287,,,,CZ,,2,,Europe/Prague,475
czptt,-SR70S-CZ-54287-3,Hněvice,50.453046,14.361433,train,0,-SR70ST-CZ-54287,,,,CZ,,3,,Europe/Prague,3
czptt,-SR70S-CZ-54287-4,Hněvice,50.453046,14.361433,train,0,-SR70ST-CZ-54287,,,,CZ,,4,,Europe/Prague,30
czptt,-SR70S-CZ-54287-7,Hněvice,50.453046,14.361433,train,0,-SR70ST-CZ-54287,,,,CZ,,7,,Europe/Prague,0
czptt,-SR70S-CZ-54292,Sedlejovice,50.636634,15.099089,train,0,,,,,CZ,,,,Europe/Prague,521
czptt,-SR70S-CZ-54297,Záluží,50.456822,14.325532,train,0,,,,,CZ,,,,Europe/Prague,620
czptt,-SR70S-CZ-54300-1,Turnov,50.587176,15.138454,train,0,-SR70ST-CZ-54300,,,,CZ,,1,,Europe/Prague,622
czptt,-SR70S-CZ-54300-11,Turnov,50.587176,15.138454,train,0,-SR70ST-CZ-54300,,,,CZ,,11,,Europe/Prague,457
czptt,-SR70S-CZ-54300-13,Turnov,50.587176,15.138454,train,0,-SR70ST-CZ-54300,,,,CZ,,13,,Europe/Prague,28
czptt,-SR70S-CZ-54300-2,Turnov,50.587176,15.138454,train,0,-SR70ST-CZ-54300,,,,CZ,,2,,Europe/Prague,516
czptt,-SR70S-CZ-54300-3a,Turnov,50.587176,15.138454,train,0,-SR70ST-CZ-54300,,,,CZ,,3a,,Europe/Prague,42
czptt,-SR70S-CZ-54300-3b,Turnov,50.587176,15.138454,train,0,-SR70ST-CZ-54300,,,,CZ,,3b,,Europe/Prague,0
czptt,-SR70S-CZ-54300-5,Turnov,50.587176,15.138454,train,0,-SR70ST-CZ-54300,,,,CZ,,5,,Europe/Prague,496
czptt,-SR70S-CZ-54300-7,Turnov,50.587176,15.138454,train,0,-SR70ST-CZ-54300,,,,CZ,,7,,Europe/Prague,590
czptt,-SR70S-CZ-54300-9a,Turnov,50.587176,15.138454,train,0,-SR70ST-CZ-54300,,,,CZ,,9a,,Europe/Prague,2
czptt,-SR70S-CZ-54306-1,Dolní Beřkovice,50.388806,14.436542,train,0,-SR70ST-CZ-54306,,,,CZ,,1,,Europe/Prague,306
czptt,-SR70S-CZ-54306-2,Dolní Beřkovice,50.388806,14.436542,train,0,-SR70ST-CZ-54306,,,,CZ,,2,,Europe/Prague,320
czptt,-SR70S-CZ-54306-4,Dolní Beřkovice,50.388806,14.436542,train,0,-SR70ST-CZ-54306,,,,CZ,,4,,Europe/Prague,13
czptt,-SR70S-CZ-54306-5,Dolní Beřkovice,50.388806,14.436542,train,0,-SR70ST-CZ-54306,,,,CZ,,5,,Europe/Prague,1
czptt,-SR70S-CZ-54309-1,Jílové u Děčína,50.759719,14.105453,train,0,-SR70ST-CZ-54309,,,,CZ,,1,,Europe/Prague,61
czptt,-SR70S-CZ-54312,Doubí u Turnova,50.607924,15.101877,train,0,,,,,CZ,,,,Europe/Prague,540
czptt,-SR70S-CZ-54313-1,Opatov,49.815207,16.485844,train,0,-SR70ST-CZ-54313,,,,CZ,,1,,Europe/Prague,156
czptt,-SR70S-CZ-54313-2,Opatov,49.815207,16.485844,train,0,-SR70ST-CZ-54313,,,,CZ,,2,,Europe/Prague,184
czptt,-SR70S-CZ-54313-3,Opatov,49.815207,16.485844,train,0,-SR70ST-CZ-54313,,,,CZ,,3,,Europe/Prague,0
czptt,-SR70S-CZ-54313-4,Opatov,49.815207,16.485844,train,0,-SR70ST-CZ-54313,,,,CZ,,4,,Europe/Prague,6
czptt,-SR70S-CZ-54316,Horní Počaply,50.422609,14.386651,train,0,,,,,CZ,,,,Europe/Prague,641
czptt,-SR70S-CZ-54318-1a,Jeníkov-Oldřichov,50.636262,13.755516,train,0,-SR70ST-CZ-54318,,,,CZ,,1a,,Europe/Prague,451
czptt,-SR70S-CZ-54318-2a,Jeníkov-Oldřichov,50.636262,13.755516,train,0,-SR70ST-CZ-54318,,,,CZ,,2a,,Europe/Prague,454
czptt,-SR70S-CZ-54319,Děčín-Bynov,50.779898,14.153775,train,0,,,,,CZ,,,,Europe/Prague,61
czptt,-SR70S-CZ-54321-1,Loukov u Mnichova Hradiště,50.558709,15.056521,train,0,-SR70ST-CZ-54321,,,,CZ,,1,,Europe/Prague,295
czptt,-SR70S-CZ-54321-2,Loukov u Mnichova Hradiště,50.558709,15.056521,train,0,-SR70ST-CZ-54321,,,,CZ,,2,,Europe/Prague,6
czptt,-SR70S-CZ-54323,Semanín,49.847905,16.474194,train,0,,,,,CZ,,,,Europe/Prague,211
czptt,-SR70S-CZ-54326-1,Vraňany,50.335252,14.371765,train,0,-SR70ST-CZ-54326,,,,CZ,,1,,Europe/Prague,403
czptt,-SR70S-CZ-54326-2,Vraňany,50.335252,14.371765,train,0,-SR70ST-CZ-54326,,,,CZ,,2,,Europe/Prague,343
czptt,-SR70S-CZ-54326-4,Vraňany,50.335252,14.371765,train,0,-SR70ST-CZ-54326,,,,CZ,,4,,Europe/Prague,58
czptt,-SR70S-CZ-54326-5,Vraňany,50.335252,14.371765,train,0,-SR70ST-CZ-54326,,,,CZ,,5,,Europe/Prague,87
czptt,-SR70S-CZ-54326-6a,Vraňany,50.335252,14.371765,train,0,-SR70ST-CZ-54326,,,,CZ,,6a,,Europe/Prague,6
czptt,-SR70S-CZ-54329,Děčín-Oldřichov,50.779049,14.171141,train,0,,,,,CZ,,,,Europe/Prague,61
czptt,-SR70S-CZ-54332-1,Příšovice,50.579093,15.078718,train,0,-SR70ST-CZ-54332,,,,CZ,,1,,Europe/Prague,300
czptt,-SR70S-CZ-54332-3,Příšovice,50.579093,15.078718,train,0,-SR70ST-CZ-54332,,,,CZ,,3,,Europe/Prague,0
czptt,-SR70S-CZ-54333-1,Svitavy,49.759095,16.479631,train,0,-SR70ST-CZ-54333,,,,CZ,,1,,Europe/Prague,293
czptt,-SR70S-CZ-54333-2,Svitavy,49.759095,16.479631,train,0,-SR70ST-CZ-54333,,,,CZ,,2,,Europe/Prague,291
czptt,-SR70S-CZ-54333-3,Svitavy,49.759095,16.479631,train,0,-SR70ST-CZ-54333,,,,CZ,,3,,Europe/Prague,105
czptt,-SR70S-CZ-54333-3c,Svitavy,49.759095,16.479631,train,0,-SR70ST-CZ-54333,,,,CZ,,3c,,Europe/Prague,14
czptt,-SR70S-CZ-54333-5,Svitavy,49.759095,16.479631,train,0,-SR70ST-CZ-54333,,,,CZ,,5,,Europe/Prague,402
czptt,-SR70S-CZ-54333-6,Svitavy,49.759095,16.479631,train,0,-SR70ST-CZ-54333,,,,CZ,,6,,Europe/Prague,153
czptt,-SR70S-CZ-54336,Cítov,50.366118,14.418357,train,0,,,,,CZ,,,,Europe/Prague,640
czptt,-SR70S-CZ-54339,Martiněves u Děčína,50.770316,14.123695,train,0,,,,,CZ,,,,Europe/Prague,61
czptt,-SR70S-CZ-54341,Březina nad Jizerou,50.545628,15.036166,train,0,,,,,CZ,,,,Europe/Prague,302
czptt,-SR70S-CZ-54343,Opatovec,49.793389,16.487214,train,0,,,,,CZ,,,,Europe/Prague,231
czptt,-SR70S-CZ-54346-1,Lužec n.Vlt.,50.322406,14.402893,train,0,-SR70ST-CZ-54346,,,,CZ,,1,,Europe/Prague,9
czptt,-SR70S-CZ-54349-1,Libouchec,50.756033,14.045829,train,0,-SR70ST-CZ-54349,,,,CZ,,1,,Europe/Prague,61
czptt,-SR70S-CZ-54351-1,Mnichovo Hradiště,50.518336,14.978161,train,0,-SR70ST-CZ-54351,,,,CZ,,1,,Europe/Prague,631
czptt,-SR70S-CZ-54351-2,Mnichovo Hradiště,50.518336,14.978161,train,0,-SR70ST-CZ-54351,,,,CZ,,2,,Europe/Prague,139
czptt,-SR70S-CZ-54351-3,Mnichovo Hradiště,50.518336,14.978161,train,0,-SR70ST-CZ-54351,,,,CZ,,3,,Europe/Prague,176
czptt,-SR70S-CZ-54353,Svitavy zastávka,49.763511,16.455414,train,0,,,,,CZ,,,,Europe/Prague,442
czptt,-SR70S-CZ-54356,Mlčechvosty,50.319166,14.347636,train,0,,,,,CZ,,,,Europe/Prague,671
czptt,-SR70S-CZ-54359,Kamenec,50.755964,14.069841,train,0,,,,,CZ,,,,Europe/Prague,61
czptt,-SR70S-CZ-54361-1,Bakov nad Jizerou,50.472188,14.922851,train,0,-SR70ST-CZ-54361,,,,CZ,,1,,Europe/Prague,433
czptt,-SR70S-CZ-54361-2,Bakov nad Jizerou,50.472188,14.922851,train,0,-SR70ST-CZ-54361,,,,CZ,,2,,Europe/Prague,75
czptt,-SR70S-CZ-54361-3,Bakov nad Jizerou,50.472188,14.922851,train,0,-SR70ST-CZ-54361,,,,CZ,,3,,Europe/Prague,739
czptt,-SR70S-CZ-54361-5,Bakov nad Jizerou,50.472188,14.922851,train,0,-SR70ST-CZ-54361,,,,CZ,,5,,Europe/Prague,38
czptt,-SR70S-CZ-54361-7,Bakov nad Jizerou,50.472188,14.922851,train,0,-SR70ST-CZ-54361,,,,CZ,,7,,Europe/Prague,16
czptt,-SR70S-CZ-54366-1,Nelahozeves,50.283502,14.308748,train,0,-SR70ST-CZ-54366,,,,CZ,,1,,Europe/Prague,313
czptt,-SR70S-CZ-54366-2,Nelahozeves,50.283502,14.308748,train,0,-SR70ST-CZ-54366,,,,CZ,,2,,Europe/Prague,361
czptt,-SR70S-CZ-54366-3a,Nelahozeves,50.283502,14.308748,train,0,-SR70ST-CZ-54366,,,,CZ,,3a,,Europe/Prague,5
czptt,-SR70S-CZ-54366-4,Nelahozeves,50.283502,14.308748,train,0,-SR70ST-CZ-54366,,,,CZ,,4,,Europe/Prague,56
czptt,-SR70S-CZ-54369,Modrá u Děčína,50.758186,14.082079,train,0,,,,,CZ,,,,Europe/Prague,61
czptt,-SR70S-CZ-54371,Bakov nad Jizerou město,50.478977,14.939193,train,0,,,,,CZ,,,,Europe/Prague,880
czptt,-SR70S-CZ-54376,Nové Ouholice,50.302317,14.316892,train,0,,,,,CZ,,,,Europe/Prague,670
czptt,-SR70S-CZ-54379-1,Malé Chvojno,50.738967,14.023551,train,0,-SR70ST-CZ-54379,,,,CZ,,1,,Europe/Prague,61
czptt,-SR70S-CZ-54386,Nelahozeves zámek,50.262719,14.302427,train,0,,,,,CZ,,,,Europe/Prague,748
czptt,-SR70S-CZ-54389-1,Telnice,50.726934,13.964722,train,0,-SR70ST-CZ-54389,,,,CZ,,1,,Europe/Prague,65
czptt,-SR70S-CZ-54389-3,Telnice,50.726934,13.964722,train,0,-SR70ST-CZ-54389,,,,CZ,,3,,Europe/Prague,1
czptt,-SR70S-CZ-54396-1,Kralupy n.V.,50.2382,14.313855,train,0,-SR70ST-CZ-54396,,,,CZ,,1,,Europe/Prague,16
czptt,-SR70S-CZ-54396-101,Kralupy n.V.,50.2382,14.313855,train,0,-SR70ST-CZ-54396,,,,CZ,,101,,Europe/Prague,14
czptt,-SR70S-CZ-54396-102,Kralupy n.V.,50.2382,14.313855,train,0,-SR70ST-CZ-54396,,,,CZ,,102,,Europe/Prague,68
czptt,-SR70S-CZ-54396-104,Kralupy n.V.,50.2382,14.313855,train,0,-SR70ST-CZ-54396,,,,CZ,,104,,Europe/Prague,3
czptt,-SR70S-CZ-54396-106,Kralupy n.V.,50.2382,14.313855,train,0,-SR70ST-CZ-54396,,,,CZ,,106,,Europe/Prague,4
czptt,-SR70S-CZ-54396-11,Kralupy n.V.,50.2382,14.313855,train,0,-SR70ST-CZ-54396,,,,CZ,,11,,Europe/Prague,43
czptt,-SR70S-CZ-54396-11a,Kralupy n.V.,50.2382,14.313855,train,0,-SR70ST-CZ-54396,,,,CZ,,11a,,Europe/Prague,698
czptt,-SR70S-CZ-54396-13,Kralupy n.V.,50.2382,14.313855,train,0,-SR70ST-CZ-54396,,,,CZ,,13,,Europe/Prague,175
czptt,-SR70S-CZ-54396-13a,Kralupy n.V.,50.2382,14.313855,train,0,-SR70ST-CZ-54396,,,,CZ,,13a,,Europe/Prague,293
czptt,-SR70S-CZ-54396-2,Kralupy n.V.,50.2382,14.313855,train,0,-SR70ST-CZ-54396,,,,CZ,,2,,Europe/Prague,238
czptt,-SR70S-CZ-54396-3,Kralupy n.V.,50.2382,14.313855,train,0,-SR70ST-CZ-54396,,,,CZ,,3,,Europe/Prague,292
czptt,-SR70S-CZ-54396-4,Kralupy n.V.,50.2382,14.313855,train,0,-SR70ST-CZ-54396,,,,CZ,,4,,Europe/Prague,641
czptt,-SR70S-CZ-54396-5,Kralupy n.V.,50.2382,14.313855,train,0,-SR70ST-CZ-54396,,,,CZ,,5,,Europe/Prague,593
czptt,-SR70S-CZ-54396-6,Kralupy n.V.,50.2382,14.313855,train,0,-SR70ST-CZ-54396,,,,CZ,,6,,Europe/Prague,18
czptt,-SR70S-CZ-54396-7,Kralupy n.V.,50.2382,14.313855,train,0,-SR70ST-CZ-54396,,,,CZ,,7,,Europe/Prague,0
czptt,-SR70S-CZ-54396-8,Kralupy n.V.,50.2382,14.313855,train,0,-SR70ST-CZ-54396,,,,CZ,,8,,Europe/Prague,241
czptt,-SR70S-CZ-54396-9,Kralupy n.V.,50.2382,14.313855,train,0,-SR70ST-CZ-54396,,,,CZ,,9,,Europe/Prague,63
czptt,-SR70S-CZ-54399-1,Chlumec u Chabařovic,50.703684,13.926434,train,0,-SR70ST-CZ-54399,,,,CZ,,1,,Europe/Prague,46
czptt,-SR70S-CZ-54406-1,Chvatěruby,50.23989,14.337682,train,0,-SR70ST-CZ-54406,,,,CZ,,1,,Europe/Prague,259
czptt,-SR70S-CZ-54409,Unčín,50.690941,13.897173,train,0,,,,,CZ,,,,Europe/Prague,46
czptt,-SR70S-CZ-54411,Buda,50.478817,14.986558,train,0,,,,,CZ,,,,Europe/Prague,2
czptt,-SR70S-CZ-54414-2,Milovice,50.229204,14.881689,train,0,-SR70ST-CZ-54414,,,,CZ,,2,,Europe/Prague,1299
czptt,-SR70S-CZ-54419-1,Krupka,50.678483,13.850672,train,0,-SR70ST-CZ-54419,,,,CZ,,1,,Europe/Prague,22
czptt,-SR70S-CZ-54421-1,Kněžmost,50.47264,15.016607,train,0,-SR70ST-CZ-54421,,,,CZ,,1,,Europe/Prague,2
czptt,-SR70S-CZ-54424-1,Veleliby,50.214604,15.023508,train,0,-SR70ST-CZ-54424,,,,CZ,,1,,Europe/Prague,297
czptt,-SR70S-CZ-54424-1a,Veleliby,50.214604,15.023508,train,0,-SR70ST-CZ-54424,,,,CZ,,1a,,Europe/Prague,1
czptt,-SR70S-CZ-54424-1b,Veleliby,50.214604,15.023508,train,0,-SR70ST-CZ-54424,,,,CZ,,1b,,Europe/Prague,1
czptt,-SR70S-CZ-54424-2,Veleliby,50.214604,15.023508,train,0,-SR70ST-CZ-54424,,,,CZ,,2,,Europe/Prague,294
czptt,-SR70S-CZ-54424-2b,Veleliby,50.214604,15.023508,train,0,-SR70ST-CZ-54424,,,,CZ,,2b,,Europe/Prague,2
czptt,-SR70S-CZ-54424-4,Veleliby,50.214604,15.023508,train,0,-SR70ST-CZ-54424,,,,CZ,,4,,Europe/Prague,1
czptt,-SR70S-CZ-54426,Zlonín,50.215002,14.507391,train,0,,,,,CZ,,,,Europe/Prague,490
czptt,-SR70S-CZ-54427,Krupka-Bohosudov z,50.672339,13.874998,train,0,,,,,CZ,,,,Europe/Prague,641
czptt,-SR70S-CZ-54429,Bohosudov zastávka,50.686362,13.874072,train,0,,,,,CZ,,,,Europe/Prague,46
czptt,-SR70S-CZ-54431,Lítkovice,50.462828,15.045805,train,0,,,,,CZ,,,,Europe/Prague,2
czptt,-SR70S-CZ-54436-1,Libčice nad Vltavou,50.200034,14.364091,train,0,-SR70ST-CZ-54436,,,,CZ,,1,,Europe/Prague,331
czptt,-SR70S-CZ-54436-1b,Libčice nad Vltavou,50.200034,14.364091,train,0,-SR70ST-CZ-54436,,,,CZ,,1b,,Europe/Prague,396
czptt,-SR70S-CZ-54436-2,Libčice nad Vltavou,50.200034,14.364091,train,0,-SR70ST-CZ-54436,,,,CZ,,2,,Europe/Prague,737
czptt,-SR70S-CZ-54436-2b,Libčice nad Vltavou,50.200034,14.364091,train,0,-SR70ST-CZ-54436,,,,CZ,,2b,,Europe/Prague,0
czptt,-SR70S-CZ-54436-3,Libčice nad Vltavou,50.200034,14.364091,train,0,-SR70ST-CZ-54436,,,,CZ,,3,,Europe/Prague,7
czptt,-SR70S-CZ-54436-4,Libčice nad Vltavou,50.200034,14.364091,train,0,-SR70ST-CZ-54436,,,,CZ,,4,,Europe/Prague,0
czptt,-SR70S-CZ-54439,Krupka město,50.682398,13.86104,train,0,,,,,CZ,,,,Europe/Prague,14
czptt,-SR70S-CZ-54439-1,Krupka město,50.682398,13.86104,train,0,-SR70ST-CZ-54439,,,,CZ,,1,,Europe/Prague,32
czptt,-SR70S-CZ-54441-1,Mladá Boleslav-Debř,50.448055,14.887345,train,0,-SR70ST-CZ-54441,,,,CZ,,1,,Europe/Prague,233
czptt,-SR70S-CZ-54441-3,Mladá Boleslav-Debř,50.448055,14.887345,train,0,-SR70ST-CZ-54441,,,,CZ,,3,,Europe/Prague,6
czptt,-SR70S-CZ-54446,Dolany nad Vltavou,50.224265,14.348914,train,0,,,,,CZ,,,,Europe/Prague,1420
czptt,-SR70S-CZ-54449,Novosedlice,50.658601,13.820252,train,0,,,,,CZ,,,,Europe/Prague,22
czptt,-SR70S-CZ-54451-1,Mladá Boleslav hl. n.,50.407339,14.887204,train,0,-SR70ST-CZ-54451,,,,CZ,,1,,Europe/Prague,1462
czptt,-SR70S-CZ-54451-2,Mladá Boleslav hl. n.,50.407339,14.887204,train,0,-SR70ST-CZ-54451,,,,CZ,,2,,Europe/Prague,717
czptt,-SR70S-CZ-54451-3,Mladá Boleslav hl. n.,50.407339,14.887204,train,0,-SR70ST-CZ-54451,,,,CZ,,3,,Europe/Prague,196
czptt,-SR70S-CZ-54451-4,Mladá Boleslav hl. n.,50.407339,14.887204,train,0,-SR70ST-CZ-54451,,,,CZ,,4,,Europe/Prague,108
czptt,-SR70S-CZ-54451-5,Mladá Boleslav hl. n.,50.407339,14.887204,train,0,-SR70ST-CZ-54451,,,,CZ,,5,,Europe/Prague,428
czptt,-SR70S-CZ-54451-5b,Mladá Boleslav hl. n.,50.407339,14.887204,train,0,-SR70ST-CZ-54451,,,,CZ,,5b,,Europe/Prague,43
czptt,-SR70S-CZ-54451-7,Mladá Boleslav hl. n.,50.407339,14.887204,train,0,-SR70ST-CZ-54451,,,,CZ,,7,,Europe/Prague,195
czptt,-SR70S-CZ-54451-9,Mladá Boleslav hl. n.,50.407339,14.887204,train,0,-SR70ST-CZ-54451,,,,CZ,,9,,Europe/Prague,3
czptt,-SR70S-CZ-54456,Libčice nad Vltavou-Letky,50.189571,14.372757,train,0,,,,,CZ,,,,Europe/Prague,1412
czptt,-SR70S-CZ-54459-5,Teplice lesní brána,50.651051,13.807086,train,0,-SR70ST-CZ-54459,,,,CZ,,5,,Europe/Prague,22
czptt,-SR70S-CZ-54466-1,Roztoky u Prahy,50.159591,14.398406,train,0,-SR70ST-CZ-54466,,,,CZ,,1,,Europe/Prague,761
czptt,-SR70S-CZ-54466-2,Roztoky u Prahy,50.159591,14.398406,train,0,-SR70ST-CZ-54466,,,,CZ,,2,,Europe/Prague,799
czptt,-SR70S-CZ-54466-3,Roztoky u Prahy,50.159591,14.398406,train,0,-SR70ST-CZ-54466,,,,CZ,,3,,Europe/Prague,262
czptt,-SR70S-CZ-54466-4,Roztoky u Prahy,50.159591,14.398406,train,0,-SR70ST-CZ-54466,,,,CZ,,4,,Europe/Prague,84
czptt,-SR70S-CZ-54466-4a,Roztoky u Prahy,50.159591,14.398406,train,0,-SR70ST-CZ-54466,,,,CZ,,4a,,Europe/Prague,7
czptt,-SR70S-CZ-54471,Krnsko,50.376598,14.869149,train,0,,,,,CZ,,,,Europe/Prague,308
czptt,-SR70S-CZ-54476,Řež,50.17918,14.355314,train,0,,,,,CZ,,,,Europe/Prague,1443
czptt,-SR70S-CZ-54481-1,Chotětov,50.339566,14.810273,train,0,-SR70ST-CZ-54481,,,,CZ,,1,,Europe/Prague,288
czptt,-SR70S-CZ-54481-2,Chotětov,50.339566,14.810273,train,0,-SR70ST-CZ-54481,,,,CZ,,2,,Europe/Prague,1
czptt,-SR70S-CZ-54481-3,Chotětov,50.339566,14.810273,train,0,-SR70ST-CZ-54481,,,,CZ,,3,,Europe/Prague,54
czptt,-SR70S-CZ-54486,Úholičky,50.170171,14.351777,train,0,,,,,CZ,,,,Europe/Prague,1412
czptt,-SR70S-CZ-54496,Roztoky-Žalov,50.168052,14.365005,train,0,,,,,CZ,,,,Europe/Prague,1412
czptt,-SR70S-CZ-54506,Praha-Sedlec,50.132276,14.393851,train,0,,,,,CZ,,,,Europe/Prague,1847
czptt,-SR70S-CZ-54509-1,Obrnice,50.504453,13.700086,train,0,-SR70ST-CZ-54509,,,,CZ,,1,,Europe/Prague,289
czptt,-SR70S-CZ-54509-14,Obrnice,50.504453,13.700086,train,0,-SR70ST-CZ-54509,,,,CZ,,14,,Europe/Prague,0
czptt,-SR70S-CZ-54509-2,Obrnice,50.504453,13.700086,train,0,-SR70ST-CZ-54509,,,,CZ,,2,,Europe/Prague,293
czptt,-SR70S-CZ-54509-4,Obrnice,50.504453,13.700086,train,0,-SR70ST-CZ-54509,,,,CZ,,4,,Europe/Prague,899
czptt,-SR70S-CZ-54509-6,Obrnice,50.504453,13.700086,train,0,-SR70ST-CZ-54509,,,,CZ,,6,,Europe/Prague,199
czptt,-SR70S-CZ-54511,Kojovice,50.307384,14.656819,train,0,,,,,CZ,,,,Europe/Prague,341
czptt,-SR70S-CZ-54513-102,Přelouč nákl. n.,50.035136,15.59133,train,0,-SR70ST-CZ-54513,,,,CZ,,102,,Europe/Prague,3
czptt,-SR70S-CZ-54513-105,Přelouč nákl. n.,50.035136,15.59133,train,0,-SR70ST-CZ-54513,,,,CZ,,105,,Europe/Prague,0
czptt,-SR70S-CZ-54514-1,Sadská,50.131321,14.986685,train,0,-SR70ST-CZ-54514,,,,CZ,,1,,Europe/Prague,279
czptt,-SR70S-CZ-54514-3,Sadská,50.131321,14.986685,train,0,-SR70ST-CZ-54514,,,,CZ,,3,,Europe/Prague,47
czptt,-SR70S-CZ-54516-1,Otvovice,50.210202,14.270118,train,0,-SR70ST-CZ-54516,,,,CZ,,1,,Europe/Prague,538
czptt,-SR70S-CZ-54519,Chomutov-Písečná,50.485965,13.444301,train,0,,,,,CZ,,,,Europe/Prague,2
czptt,-SR70S-CZ-54521,Zdětín u Chotětova,50.315247,14.785779,train,0,,,,,CZ,,,,Europe/Prague,327
czptt,-SR70S-CZ-54526,Kralupy nad Vltavou-Minice,50.224442,14.297912,train,0,,,,,CZ,,,,Europe/Prague,515
czptt,-SR70S-CZ-54531-1,Kropáčova Vrutice,50.323548,14.701294,train,0,-SR70ST-CZ-54531,,,,CZ,,1,,Europe/Prague,274
czptt,-SR70S-CZ-54531-2,Kropáčova Vrutice,50.323548,14.701294,train,0,-SR70ST-CZ-54531,,,,CZ,,2,,Europe/Prague,76
czptt,-SR70S-CZ-54531-4,Kropáčova Vrutice,50.323548,14.701294,train,0,-SR70ST-CZ-54531,,,,CZ,,4,,Europe/Prague,0
czptt,-SR70S-CZ-54532,Varnsdorf - pivovar Kocour,50.918539,14.604301,train,0,,,,,CZ,,,,Europe/Prague,790
czptt,-SR70S-CZ-54536,Zákolany,50.199734,14.251649,train,0,,,,,CZ,,,,Europe/Prague,538
czptt,-SR70S-CZ-54541,Košátky,50.316758,14.669988,train,0,,,,,CZ,,,,Europe/Prague,341
czptt,-SR70S-CZ-54546-1,Brandýsek,50.184222,14.1729,train,0,-SR70ST-CZ-54546,,,,CZ,,1,,Europe/Prague,158
czptt,-SR70S-CZ-54546-2,Brandýsek,50.184222,14.1729,train,0,-SR70ST-CZ-54546,,,,CZ,,2,,Europe/Prague,430
czptt,-SR70S-CZ-54546-3,Brandýsek,50.184222,14.1729,train,0,-SR70ST-CZ-54546,,,,CZ,,3,,Europe/Prague,37
czptt,-SR70S-CZ-54549,Želenice nad Bílinou,50.525178,13.724992,train,0,,,,,CZ,,,,Europe/Prague,568
czptt,-SR70S-CZ-54551-1,Byšice,50.305726,14.603972,train,0,-SR70ST-CZ-54551,,,,CZ,,1,,Europe/Prague,283
czptt,-SR70S-CZ-54551-2,Byšice,50.305726,14.603972,train,0,-SR70ST-CZ-54551,,,,CZ,,2,,Europe/Prague,21
czptt,-SR70S-CZ-54551-3,Byšice,50.305726,14.603972,train,0,-SR70ST-CZ-54551,,,,CZ,,3,,Europe/Prague,65
czptt,-SR70S-CZ-54554-1,Nymburk město,50.184404,15.03346,train,0,-SR70ST-CZ-54554,,,,CZ,,1,,Europe/Prague,284
czptt,-SR70S-CZ-54554-2,Nymburk město,50.184404,15.03346,train,0,-SR70ST-CZ-54554,,,,CZ,,2,,Europe/Prague,2
czptt,-SR70S-CZ-54554-3,Nymburk město,50.184404,15.03346,train,0,-SR70ST-CZ-54554,,,,CZ,,3,,Europe/Prague,5
czptt,-SR70S-CZ-54554-3a,Nymburk město,50.184404,15.03346,train,0,-SR70ST-CZ-54554,,,,CZ,,3a,,Europe/Prague,59
czptt,-SR70S-CZ-54554-5,Nymburk město,50.184404,15.03346,train,0,-SR70ST-CZ-54554,,,,CZ,,5,,Europe/Prague,0
czptt,-SR70S-CZ-54556,Dřetovice,50.189206,14.201671,train,0,,,,,CZ,,,,Europe/Prague,444
czptt,-SR70S-CZ-54559-1,Bečov u Mostu,50.456582,13.711699,train,0,-SR70ST-CZ-54559,,,,CZ,,1,,Europe/Prague,1115
czptt,-SR70S-CZ-54561,Kadaň-Bystřice,50.396308,13.275637,train,0,,,,,CZ,,,,Europe/Prague,795
czptt,-SR70S-CZ-54562-1,Nové Město p.Sm.,50.924833,15.224221,train,0,-SR70ST-CZ-54562,,,,CZ,,1,,Europe/Prague,191
czptt,-SR70S-CZ-54564-1,Hořátev,50.152778,15.028615,train,0,-SR70ST-CZ-54564,,,,CZ,,1,,Europe/Prague,326
czptt,-SR70S-CZ-54566-1,Velvary,50.282221,14.24329,train,0,-SR70ST-CZ-54566,,,,CZ,,1,,Europe/Prague,258
czptt,-SR70S-CZ-54569-1,Břvany,50.407975,13.723074,train,0,-SR70ST-CZ-54569,,,,CZ,,1,,Europe/Prague,1115
czptt,-SR70S-CZ-54572-1,Jindřichovice p.Sm.,50.958755,15.254307,train,0,-SR70ST-CZ-54572,,,,CZ,,1,,Europe/Prague,83
czptt,-SR70S-CZ-54576,Olovnice zastávka,50.246812,14.253705,train,0,,,,,CZ,,,,Europe/Prague,208
czptt,-SR70S-CZ-54579-1,Lenešice,50.377529,13.773552,train,0,-SR70ST-CZ-54579,,,,CZ,,1,,Europe/Prague,1120
czptt,-SR70S-CZ-54579-5,Lenešice,50.377529,13.773552,train,0,-SR70ST-CZ-54579,,,,CZ,,5,,Europe/Prague,3
czptt,-SR70S-CZ-54582-1,Horní Řasnice,50.951981,15.197699,train,0,-SR70ST-CZ-54582,,,,CZ,,1,,Europe/Prague,83
czptt,-SR70S-CZ-54585,Třebestovice,50.125565,14.960677,train,0,,,,,CZ,,,,Europe/Prague,326
czptt,-SR70S-CZ-54586,Velká Bučina,50.267399,14.239823,train,0,,,,,CZ,,,,Europe/Prague,258
czptt,-SR70S-CZ-54589,Dobroměřice,50.370921,13.798974,train,0,,,,,CZ,,,,Europe/Prague,1115
czptt,-SR70S-CZ-54592,Jindřichovice pod Smrkem-Skanzen,50.959103,15.22819,train,0,,,,,CZ,,,,Europe/Prague,83
czptt,-SR70S-CZ-54596,Chlumín,50.267167,14.456166,train,0,,,,,CZ,,,,Europe/Prague,161
czptt,-SR70S-CZ-54599-1,Louny,50.361183,13.822798,train,0,-SR70ST-CZ-54599,,,,CZ,,1,,Europe/Prague,1466
czptt,-SR70S-CZ-54599-2b,Louny,50.361183,13.822798,train,0,-SR70ST-CZ-54599,,,,CZ,,2b,,Europe/Prague,75
czptt,-SR70S-CZ-54599-2d,Louny,50.361183,13.822798,train,0,-SR70ST-CZ-54599,,,,CZ,,2d,,Europe/Prague,17
czptt,-SR70S-CZ-54599-3,Louny,50.361183,13.822798,train,0,-SR70ST-CZ-54599,,,,CZ,,3,,Europe/Prague,583
czptt,-SR70S-CZ-54599-4,Louny,50.361183,13.822798,train,0,-SR70ST-CZ-54599,,,,CZ,,4,,Europe/Prague,51
czptt,-SR70S-CZ-54599-5b,Louny,50.361183,13.822798,train,0,-SR70ST-CZ-54599,,,,CZ,,5b,,Europe/Prague,86
czptt,-SR70S-CZ-54602,Hajniště,50.928812,15.197381,train,0,,,,,CZ,,,,Europe/Prague,191
czptt,-SR70S-CZ-54606-1,Úžice,50.256444,14.376599,train,0,-SR70ST-CZ-54606,,,,CZ,,1,,Europe/Prague,253
czptt,-SR70S-CZ-54606-2,Úžice,50.256444,14.376599,train,0,-SR70ST-CZ-54606,,,,CZ,,2,,Europe/Prague,6
czptt,-SR70S-CZ-54609-1,Louny město,50.350275,13.796411,train,0,-SR70ST-CZ-54609,,,,CZ,,1,,Europe/Prague,322
czptt,-SR70S-CZ-54609-101,Louny město,50.350275,13.796411,train,0,-SR70ST-CZ-54609,,,,CZ,,101,,Europe/Prague,1677
czptt,-SR70S-CZ-54612,Řasnice zastávka,50.939554,15.163228,train,0,,,,,CZ,,,,Europe/Prague,191
czptt,-SR70S-CZ-54613-1,Pardubice-Rosice n.L.,50.04543,15.742853,train,0,-SR70ST-CZ-54613,,,,CZ,,1,,Europe/Prague,790
czptt,-SR70S-CZ-54613-1c,Pardubice-Rosice n.L.,50.04543,15.742853,train,0,-SR70ST-CZ-54613,,,,CZ,,1c,,Europe/Prague,0
czptt,-SR70S-CZ-54613-2,Pardubice-Rosice n.L.,50.04543,15.742853,train,0,-SR70ST-CZ-54613,,,,CZ,,2,,Europe/Prague,1181
czptt,-SR70S-CZ-54613-3,Pardubice-Rosice n.L.,50.04543,15.742853,train,0,-SR70ST-CZ-54613,,,,CZ,,3,,Europe/Prague,308
czptt,-SR70S-CZ-54613-4,Pardubice-Rosice n.L.,50.04543,15.742853,train,0,-SR70ST-CZ-54613,,,,CZ,,4,,Europe/Prague,77
czptt,-SR70S-CZ-54613-7b,Pardubice-Rosice n.L.,50.04543,15.742853,train,0,-SR70ST-CZ-54613,,,,CZ,,7b,,Europe/Prague,2
czptt,-SR70S-CZ-54616,Netřeba,50.260087,14.422418,train,0,,,,,CZ,,,,Europe/Prague,259
czptt,-SR70S-CZ-54619-1,Louny předměstí,50.343359,13.768109,train,0,-SR70ST-CZ-54619,,,,CZ,,1,,Europe/Prague,26
czptt,-SR70S-CZ-54619-2,Louny předměstí,50.343359,13.768109,train,0,-SR70ST-CZ-54619,,,,CZ,,2,,Europe/Prague,1
czptt,-SR70S-CZ-54622-1,Řasnice,50.938887,15.151099,train,0,-SR70ST-CZ-54622,,,,CZ,,1,,Europe/Prague,191
czptt,-SR70S-CZ-54626,Jiřice,50.23887,14.546759,train,0,,,,,CZ,,,,Europe/Prague,321
czptt,-SR70S-CZ-54629,Veltěže,50.359535,13.864395,train,0,,,,,CZ,,,,Europe/Prague,607
czptt,-SR70S-CZ-54632,Krásný Les,50.937686,15.128515,train,0,,,,,CZ,,,,Europe/Prague,191
czptt,-SR70S-CZ-54633,Pardubice závodiště,50.024298,15.751036,train,0,,,,,CZ,,,,Europe/Prague,472
czptt,-SR70S-CZ-54636-1,Kostelec nad Labem,50.221081,14.580738,train,0,-SR70ST-CZ-54636,,,,CZ,,1,,Europe/Prague,321
czptt,-SR70S-CZ-54639,Louny střed,50.353696,13.806377,train,0,,,,,CZ,,,,Europe/Prague,1994
czptt,-SR70S-CZ-54642,Krásný Les bažantnice,50.930795,15.109033,train,0,,,,,CZ,,,,Europe/Prague,191
czptt,-SR70S-CZ-54643,Staré Jesenčany,50.000037,15.757064,train,0,,,,,CZ,,,,Europe/Prague,434
czptt,-SR70S-CZ-54646-1,Brandýs nad Labem,50.183486,14.655219,train,0,-SR70ST-CZ-54646,,,,CZ,,1,,Europe/Prague,425
czptt,-SR70S-CZ-54646-3,Brandýs nad Labem,50.183486,14.655219,train,0,-SR70ST-CZ-54646,,,,CZ,,3,,Europe/Prague,76
czptt,-SR70S-CZ-54646-5,Brandýs nad Labem,50.183486,14.655219,train,0,-SR70ST-CZ-54646,,,,CZ,,5,,Europe/Prague,52
czptt,-SR70S-CZ-54650,Brandýs nad Labem-Zápská,50.183612,14.664953,train,0,,,,,CZ,,,,Europe/Prague,514
czptt,-SR70S-CZ-54652-1,Frýdlant v Č.,50.918983,15.073432,train,0,-SR70ST-CZ-54652,,,,CZ,,1,,Europe/Prague,32
czptt,-SR70S-CZ-54652-1a,Frýdlant v Č.,50.918983,15.073432,train,0,-SR70ST-CZ-54652,,,,CZ,,1a,,Europe/Prague,1
czptt,-SR70S-CZ-54652-2,Frýdlant v Č.,50.918983,15.073432,train,0,-SR70ST-CZ-54652,,,,CZ,,2,,Europe/Prague,167
czptt,-SR70S-CZ-54652-4,Frýdlant v Č.,50.918983,15.073432,train,0,-SR70ST-CZ-54652,,,,CZ,,4,,Europe/Prague,252
czptt,-SR70S-CZ-54653-1,Chrudim,49.948182,15.786893,train,0,-SR70ST-CZ-54653,,,,CZ,,1,,Europe/Prague,973
czptt,-SR70S-CZ-54653-1a,Chrudim,49.948182,15.786893,train,0,-SR70ST-CZ-54653,,,,CZ,,1a,,Europe/Prague,2
czptt,-SR70S-CZ-54653-2,Chrudim,49.948182,15.786893,train,0,-SR70ST-CZ-54653,,,,CZ,,2,,Europe/Prague,169
czptt,-SR70S-CZ-54653-2a,Chrudim,49.948182,15.786893,train,0,-SR70ST-CZ-54653,,,,CZ,,2a,,Europe/Prague,175
czptt,-SR70S-CZ-54653-4,Chrudim,49.948182,15.786893,train,0,-SR70ST-CZ-54653,,,,CZ,,4,,Europe/Prague,81
czptt,-SR70S-CZ-54656,Polerady nad Labem,50.204698,14.61021,train,0,,,,,CZ,,,,Europe/Prague,321
czptt,-SR70S-CZ-54662-1,Frýdlant v Čechách předměstí,50.926833,15.076424,train,0,-SR70ST-CZ-54662,,,,CZ,,1,,Europe/Prague,191
czptt,-SR70S-CZ-54663-1,Medlešice,49.974567,15.767682,train,0,-SR70ST-CZ-54663,,,,CZ,,1,,Europe/Prague,418
czptt,-SR70S-CZ-54663-3,Medlešice,49.974567,15.767682,train,0,-SR70ST-CZ-54663,,,,CZ,,3,,Europe/Prague,36
czptt,-SR70S-CZ-54666,Brandýs nad Labem zastávka,50.180394,14.677839,train,0,,,,,CZ,,,,Europe/Prague,504
czptt,-SR70S-CZ-54673,Chrudim zastávka,49.959304,15.781104,train,0,,,,,CZ,,,,Europe/Prague,518
czptt,-SR70S-CZ-54683-1,Slatiňany,49.918913,15.825167,train,0,-SR70ST-CZ-54683,,,,CZ,,1,,Europe/Prague,1121
czptt,-SR70S-CZ-54683-3,Slatiňany,49.918913,15.825167,train,0,-SR70ST-CZ-54683,,,,CZ,,3,,Europe/Prague,6
czptt,-SR70S-CZ-54683-5a,Slatiňany,49.918913,15.825167,train,0,-SR70ST-CZ-54683,,,,CZ,,5a,,Europe/Prague,45
czptt,-SR70S-CZ-54686-1,Neratovice,50.262704,14.517573,train,0,-SR70ST-CZ-54686,,,,CZ,,1,,Europe/Prague,1149
czptt,-SR70S-CZ-54686-2,Neratovice,50.262704,14.517573,train,0,-SR70ST-CZ-54686,,,,CZ,,2,,Europe/Prague,285
czptt,-SR70S-CZ-54686-3,Neratovice,50.262704,14.517573,train,0,-SR70ST-CZ-54686,,,,CZ,,3,,Europe/Prague,240
czptt,-SR70S-CZ-54686-5,Neratovice,50.262704,14.517573,train,0,-SR70ST-CZ-54686,,,,CZ,,5,,Europe/Prague,3
czptt,-SR70S-CZ-54686-6,Neratovice,50.262704,14.517573,train,0,-SR70ST-CZ-54686,,,,CZ,,6,,Europe/Prague,132
czptt,-SR70S-CZ-54687,Neratovice město,50.256945,14.519996,train,0,,,,,CZ,,,,Europe/Prague,321
czptt,-SR70S-CZ-54688,Neratovice sídliště,50.257413,14.507536,train,0,,,,,CZ,,,,Europe/Prague,1170
czptt,-SR70S-CZ-54693-1,Chrast u Chrudimi,49.901335,15.910782,train,0,-SR70ST-CZ-54693,,,,CZ,,1,,Europe/Prague,601
czptt,-SR70S-CZ-54693-1a,Chrast u Chrudimi,49.901335,15.910782,train,0,-SR70ST-CZ-54693,,,,CZ,,1a,,Europe/Prague,13
czptt,-SR70S-CZ-54693-2,Chrast u Chrudimi,49.901335,15.910782,train,0,-SR70ST-CZ-54693,,,,CZ,,2,,Europe/Prague,455
czptt,-SR70S-CZ-54696,Lobkovice,50.250881,14.530748,train,0,,,,,CZ,,,,Europe/Prague,321
czptt,-SR70S-CZ-54703,Zaječice,49.900533,15.879861,train,0,,,,,CZ,,,,Europe/Prague,884
czptt,-SR70S-CZ-54706,Tišice,50.267664,14.557056,train,0,,,,,CZ,,,,Europe/Prague,602
czptt,-SR70S-CZ-54709-1,Řehlovice,50.612656,13.954789,train,0,-SR70ST-CZ-54709,,,,CZ,,1,,Europe/Prague,124
czptt,-SR70S-CZ-54709-2,Řehlovice,50.612656,13.954789,train,0,-SR70ST-CZ-54709,,,,CZ,,2,,Europe/Prague,123
czptt,-SR70S-CZ-54713,Horka u Chrudimi,49.882309,15.91169,train,0,,,,,CZ,,,,Europe/Prague,732
czptt,-SR70S-CZ-54716,Kojetice u Prahy,50.237111,14.499076,train,0,,,,,CZ,,,,Europe/Prague,490
czptt,-SR70S-CZ-54719,Brozánky,50.608488,13.935988,train,0,,,,,CZ,,,,Europe/Prague,247
czptt,-SR70S-CZ-54723,Orel,49.914562,15.841908,train,0,,,,,CZ,,,,Europe/Prague,706
czptt,-SR70S-CZ-54726-1,Měšice u Prahy,50.204606,14.513625,train,0,-SR70ST-CZ-54726,,,,CZ,,1,,Europe/Prague,416
czptt,-SR70S-CZ-54726-3,Měšice u Prahy,50.204606,14.513625,train,0,-SR70ST-CZ-54726,,,,CZ,,3,,Europe/Prague,70
czptt,-SR70S-CZ-54726-5,Měšice u Prahy,50.204606,14.513625,train,0,-SR70ST-CZ-54726,,,,CZ,,5,,Europe/Prague,14
czptt,-SR70S-CZ-54726-7,Měšice u Prahy,50.204606,14.513625,train,0,-SR70ST-CZ-54726,,,,CZ,,7,,Europe/Prague,0
czptt,-SR70S-CZ-54729,Stadice,50.617146,13.969936,train,0,,,,,CZ,,,,Europe/Prague,247
czptt,-SR70S-CZ-54736,Hovorčovice,50.180475,14.527684,train,0,,,,,CZ,,,,Europe/Prague,490
czptt,-SR70S-CZ-54739,Rtyně nad Bílinou,50.601732,13.912797,train,0,,,,,CZ,,,,Europe/Prague,247
czptt,-SR70S-CZ-54742-1,Višňová,50.973268,15.028476,train,0,-SR70ST-CZ-54742,,,,CZ,,1,,Europe/Prague,197
czptt,-SR70S-CZ-54746,Mochov zastávka,50.145244,14.769203,train,0,,,,,CZ,,,,Europe/Prague,2
czptt,-SR70S-CZ-54749,Velvěty,50.606497,13.895261,train,0,,,,,CZ,,,,Europe/Prague,247
czptt,-SR70S-CZ-54752-1,Černousy,51.007855,15.037562,train,0,-SR70ST-CZ-54752,,,,CZ,,1,,Europe/Prague,197
czptt,-SR70S-CZ-54756,Čelákovice zastávka,50.159817,14.735454,train,0,,,,,CZ,,,,Europe/Prague,504
czptt,-SR70S-CZ-54759-1,Ohníč,50.58906,13.842092,train,0,-SR70ST-CZ-54759,,,,CZ,,1,,Europe/Prague,124
czptt,-SR70S-CZ-54759-2,Ohníč,50.58906,13.842092,train,0,-SR70ST-CZ-54759,,,,CZ,,2,,Europe/Prague,123
czptt,-SR70S-CZ-54759-4,Ohníč,50.58906,13.842092,train,0,-SR70ST-CZ-54759,,,,CZ,,4,,Europe/Prague,0
czptt,-SR70S-CZ-54762,Filipovka,50.989815,15.025029,train,0,,,,,CZ,,,,Europe/Prague,197
czptt,-SR70S-CZ-54766-1,Praha-Satalice,50.122811,14.571524,train,0,-SR70ST-CZ-54766,,,,CZ,,1,,Europe/Prague,585
czptt,-SR70S-CZ-54766-3,Praha-Satalice,50.122811,14.571524,train,0,-SR70ST-CZ-54766,,,,CZ,,3,,Europe/Prague,155
czptt,-SR70S-CZ-54766-7,Praha-Satalice,50.122811,14.571524,train,0,-SR70ST-CZ-54766,,,,CZ,,7,,Europe/Prague,0
czptt,-SR70S-CZ-54772,Minkovice,50.95063,15.02899,train,0,,,,,CZ,,,,Europe/Prague,197
czptt,-SR70S-CZ-54775,Čelákovice-Jiřina,50.167635,14.765564,train,0,,,,,CZ,,,,Europe/Prague,1512
czptt,-SR70S-CZ-54776-1,Čelákovice,50.158508,14.754718,train,0,-SR70ST-CZ-54776,,,,CZ,,1,,Europe/Prague,752
czptt,-SR70S-CZ-54776-2,Čelákovice,50.158508,14.754718,train,0,-SR70ST-CZ-54776,,,,CZ,,2,,Europe/Prague,844
czptt,-SR70S-CZ-54776-3,Čelákovice,50.158508,14.754718,train,0,-SR70ST-CZ-54776,,,,CZ,,3,,Europe/Prague,22
czptt,-SR70S-CZ-54776-4,Čelákovice,50.158508,14.754718,train,0,-SR70ST-CZ-54776,,,,CZ,,4,,Europe/Prague,515
czptt,-SR70S-CZ-54786-1,Lázně Toušeň,50.168594,14.711401,train,0,-SR70ST-CZ-54786,,,,CZ,,1,,Europe/Prague,514
czptt,-SR70S-CZ-54789-1,Světec,50.578973,13.797514,train,0,-SR70ST-CZ-54789,,,,CZ,,1,,Europe/Prague,124
czptt,-SR70S-CZ-54789-2,Světec,50.578973,13.797514,train,0,-SR70ST-CZ-54789,,,,CZ,,2,,Europe/Prague,123
czptt,-SR70S-CZ-54796-1,Mochov,50.136496,14.794646,train,0,-SR70ST-CZ-54796,,,,CZ,,1,,Europe/Prague,2
czptt,-SR70S-CZ-54799,Bílina-Chudeřice,50.571948,13.786504,train,0,,,,,CZ,,,,Europe/Prague,247
czptt,-SR70S-CZ-54806,Mstětice,50.136019,14.68978,train,0,,,,,CZ,,,,Europe/Prague,71
czptt,-SR70S-CZ-54806-1,Mstětice,50.136019,14.68978,train,0,-SR70ST-CZ-54806,,,,CZ,,1,,Europe/Prague,632
czptt,-SR70S-CZ-54806-2,Mstětice,50.136019,14.68978,train,0,-SR70ST-CZ-54806,,,,CZ,,2,,Europe/Prague,646
czptt,-SR70S-CZ-54806-3,Mstětice,50.136019,14.68978,train,0,-SR70ST-CZ-54806,,,,CZ,,3,,Europe/Prague,0
czptt,-SR70S-CZ-54809,Hostomice nad Bílinou,50.585175,13.810302,train,0,,,,,CZ,,,,Europe/Prague,247
czptt,-SR70S-CZ-54810,Opatovice nad Labem,50.155878,15.783661,train,0,,,,,CZ,,,,Europe/Prague,433
czptt,-SR70S-CZ-54812-1,Raspenava,50.896509,15.130518,train,0,-SR70ST-CZ-54812,,,,CZ,,1,,Europe/Prague,328
czptt,-SR70S-CZ-54812-3,Raspenava,50.896509,15.130518,train,0,-SR70ST-CZ-54812,,,,CZ,,3,,Europe/Prague,206
czptt,-SR70S-CZ-54812-5,Raspenava,50.896509,15.130518,train,0,-SR70ST-CZ-54812,,,,CZ,,5,,Europe/Prague,51
czptt,-SR70S-CZ-54813-1,Žďárec u Skutče,49.826219,15.97807,train,0,-SR70ST-CZ-54813,,,,CZ,,1,,Europe/Prague,874
czptt,-SR70S-CZ-54813-2,Žďárec u Skutče,49.826219,15.97807,train,0,-SR70ST-CZ-54813,,,,CZ,,2,,Europe/Prague,255
czptt,-SR70S-CZ-54813-3,Žďárec u Skutče,49.826219,15.97807,train,0,-SR70ST-CZ-54813,,,,CZ,,3,,Europe/Prague,4
czptt,-SR70S-CZ-54813-4,Žďárec u Skutče,49.826219,15.97807,train,0,-SR70ST-CZ-54813,,,,CZ,,4,,Europe/Prague,109
czptt,-SR70S-CZ-54813-5,Žďárec u Skutče,49.826219,15.97807,train,0,-SR70ST-CZ-54813,,,,CZ,,5,,Europe/Prague,18
czptt,-SR70S-CZ-54816,Zeleneč,50.130358,14.666257,train,0,,,,,CZ,,,,Europe/Prague,1565
czptt,-SR70S-CZ-54819-1,Bílina,50.554069,13.77214,train,0,-SR70ST-CZ-54819,,,,CZ,,1,,Europe/Prague,517
czptt,-SR70S-CZ-54819-2,Bílina,50.554069,13.77214,train,0,-SR70ST-CZ-54819,,,,CZ,,2,,Europe/Prague,549
czptt,-SR70S-CZ-54819-5,Bílina,50.554069,13.77214,train,0,-SR70ST-CZ-54819,,,,CZ,,5,,Europe/Prague,45
czptt,-SR70S-CZ-54819-6,Bílina,50.554069,13.77214,train,0,-SR70ST-CZ-54819,,,,CZ,,6,,Europe/Prague,1
czptt,-SR70S-CZ-54822,Luh pod Smrkem,50.891787,15.151922,train,0,,,,,CZ,,,,Europe/Prague,145
czptt,-SR70S-CZ-54823,Vrbatův Kostelec,49.854903,15.937318,train,0,,,,,CZ,,,,Europe/Prague,722
czptt,-SR70S-CZ-54826-1,P.-Hor. Počernice,50.116505,14.612016,train,0,-SR70ST-CZ-54826,,,,CZ,,1,,Europe/Prague,755
czptt,-SR70S-CZ-54826-2,P.-Hor. Počernice,50.116505,14.612016,train,0,-SR70ST-CZ-54826,,,,CZ,,2,,Europe/Prague,816
czptt,-SR70S-CZ-54826-4,P.-Hor. Počernice,50.116505,14.612016,train,0,-SR70ST-CZ-54826,,,,CZ,,4,,Europe/Prague,6
czptt,-SR70S-CZ-54826-51,P.-Hor. Počernice,50.116505,14.612016,train,0,-SR70ST-CZ-54826,,,,CZ,,51,,Europe/Prague,36
czptt,-SR70S-CZ-54829,Bílina kyselka,50.540424,13.759462,train,0,,,,,CZ,,,,Europe/Prague,715
czptt,-SR70S-CZ-54832-1,Hejnice,50.879619,15.184876,train,0,-SR70ST-CZ-54832,,,,CZ,,1,,Europe/Prague,149
czptt,-SR70S-CZ-54833,Prosetín,49.83253,15.961848,train,0,,,,,CZ,,,,Europe/Prague,826
czptt,-SR70S-CZ-54836-1,Vráž u Berouna,49.984069,14.124066,train,0,-SR70ST-CZ-54836,,,,CZ,,1,,Europe/Prague,186
czptt,-SR70S-CZ-54836-2,Vráž u Berouna,49.984069,14.124066,train,0,-SR70ST-CZ-54836,,,,CZ,,2,,Europe/Prague,165
czptt,-SR70S-CZ-54842,Lužec pod Smrkem,50.886455,15.164663,train,0,,,,,CZ,,,,Europe/Prague,145
czptt,-SR70S-CZ-54843,Pokřikov,49.793499,15.981383,train,0,,,,,CZ,,,,Europe/Prague,712
czptt,-SR70S-CZ-54846-1,Loděnice,49.992846,14.163004,train,0,-SR70ST-CZ-54846,,,,CZ,,1,,Europe/Prague,351
czptt,-SR70S-CZ-54846-3,Loděnice,49.992846,14.163004,train,0,-SR70ST-CZ-54846,,,,CZ,,3,,Europe/Prague,2
czptt,-SR70S-CZ-54852-1,Bílý Potok p.Sm.,50.876053,15.206171,train,0,-SR70ST-CZ-54852,,,,CZ,,1,,Europe/Prague,148
czptt,-SR70S-CZ-54853-1,Hlinsko v Č.,49.766773,15.901764,train,0,-SR70ST-CZ-54853,,,,CZ,,1,,Europe/Prague,622
czptt,-SR70S-CZ-54853-2,Hlinsko v Č.,49.766773,15.901764,train,0,-SR70ST-CZ-54853,,,,CZ,,2,,Europe/Prague,165
czptt,-SR70S-CZ-54853-2a,Hlinsko v Č.,49.766773,15.901764,train,0,-SR70ST-CZ-54853,,,,CZ,,2a,,Europe/Prague,325
czptt,-SR70S-CZ-54853-3,Hlinsko v Č.,49.766773,15.901764,train,0,-SR70ST-CZ-54853,,,,CZ,,3,,Europe/Prague,16
czptt,-SR70S-CZ-54856-1,Nučice,50.02403,14.224951,train,0,-SR70ST-CZ-54856,,,,CZ,,1,,Europe/Prague,432
czptt,-SR70S-CZ-54856-3,Nučice,50.02403,14.224951,train,0,-SR70ST-CZ-54856,,,,CZ,,3,,Europe/Prague,283
czptt,-SR70S-CZ-54859-1,Počerady,50.41528,13.686024,train,0,-SR70ST-CZ-54859,,,,CZ,,1,,Europe/Prague,319
czptt,-SR70S-CZ-54859-2,Počerady,50.41528,13.686024,train,0,-SR70ST-CZ-54859,,,,CZ,,2,,Europe/Prague,315
czptt,-SR70S-CZ-54862-1,Mníšek u Liberce,50.832432,15.065314,train,0,-SR70ST-CZ-54862,,,,CZ,,1,,Europe/Prague,282
czptt,-SR70S-CZ-54862-3,Mníšek u Liberce,50.832432,15.065314,train,0,-SR70ST-CZ-54862,,,,CZ,,3,,Europe/Prague,77
czptt,-SR70S-CZ-54862-3a,Mníšek u Liberce,50.832432,15.065314,train,0,-SR70ST-CZ-54862,,,,CZ,,3a,,Europe/Prague,77
czptt,-SR70S-CZ-54863,Vojtěchov,49.792096,15.971986,train,0,,,,,CZ,,,,Europe/Prague,712
czptt,-SR70S-CZ-54866-1b,Nučice zastávka,50.015157,14.212784,train,0,-SR70ST-CZ-54866,,,,CZ,,1b,,Europe/Prague,711
czptt,-SR70S-CZ-54869,Volevčice,50.428604,13.685626,train,0,,,,,CZ,,,,Europe/Prague,634
czptt,-SR70S-CZ-54872,Oldřichov v Hájích,50.855467,15.091697,train,0,,,,,CZ,,,,Europe/Prague,343
czptt,-SR70S-CZ-54873,Holetín,49.788173,15.927275,train,0,,,,,CZ,,,,Europe/Prague,641
czptt,-SR70S-CZ-54876,Chýně,50.058843,14.212029,train,0,,,,,CZ,,,,Europe/Prague,617
czptt,-SR70S-CZ-54879,Výškov v Čechách,50.392798,13.688844,train,0,,,,,CZ,,,,Europe/Prague,634
czptt,-SR70S-CZ-54882,Krásná Studánka,50.801365,15.038242,train,0,,,,,CZ,,,,Europe/Prague,336
czptt,-SR70S-CZ-54886,Chýně jih,50.051715,14.221001,train,0,,,,,CZ,,,,Europe/Prague,615
czptt,-SR70S-CZ-54888,Vítanov,49.753087,15.878063,train,0,,,,,CZ,,,,Europe/Prague,785
czptt,-SR70S-CZ-54892,Stráž nad Nisou,50.78856,15.025678,train,0,,,,,CZ,,,,Europe/Prague,336
czptt,-SR70S-CZ-54893,Stružinec,49.73079,15.833865,train,0,,,,,CZ,,,,Europe/Prague,785
czptt,-SR70S-CZ-54896,Rudná zastávka,50.03519,14.235696,train,0,,,,,CZ,,,,Europe/Prague,714
czptt,-SR70S-CZ-54902,Tanvaldský Špičák,50.760899,15.267539,train,0,,,,,CZ,,,,Europe/Prague,239
czptt,-SR70S-CZ-54903-1,Ždírec n.D.,49.700097,15.804348,train,0,-SR70ST-CZ-54903,,,,CZ,,1,,Europe/Prague,858
czptt,-SR70S-CZ-54903-1a,Ždírec n.D.,49.700097,15.804348,train,0,-SR70ST-CZ-54903,,,,CZ,,1a,,Europe/Prague,1
czptt,-SR70S-CZ-54903-2,Ždírec n.D.,49.700097,15.804348,train,0,-SR70ST-CZ-54903,,,,CZ,,2,,Europe/Prague,0
czptt,-SR70S-CZ-54903-3,Ždírec n.D.,49.700097,15.804348,train,0,-SR70ST-CZ-54903,,,,CZ,,3,,Europe/Prague,0
czptt,-SR70S-CZ-54906,Jinočany,50.029012,14.262647,train,0,,,,,CZ,,,,Europe/Prague,714
czptt,-SR70S-CZ-54909-1,Postoloprty,50.360457,13.691649,train,0,-SR70ST-CZ-54909,,,,CZ,,1,,Europe/Prague,832
czptt,-SR70S-CZ-54909-2,Postoloprty,50.360457,13.691649,train,0,-SR70ST-CZ-54909,,,,CZ,,2,,Europe/Prague,607
czptt,-SR70S-CZ-54912-1,Kořenov,50.770051,15.366339,train,0,-SR70ST-CZ-54912,,,,CZ,,1,,Europe/Prague,341
czptt,-SR70S-CZ-54912-2,Kořenov,50.770051,15.366339,train,0,-SR70ST-CZ-54912,,,,CZ,,2,,Europe/Prague,52
czptt,-SR70S-CZ-54912-3,Kořenov,50.770051,15.366339,train,0,-SR70ST-CZ-54912,,,,CZ,,3,,Europe/Prague,73
czptt,-SR70S-CZ-54913,Sobíňov,49.698649,15.759919,train,0,,,,,CZ,,,,Europe/Prague,671
czptt,-SR70S-CZ-54916-1,Rudná u Prahy,50.039406,14.242631,train,0,-SR70ST-CZ-54916,,,,CZ,,1,,Europe/Prague,31
czptt,-SR70S-CZ-54916-1a,Rudná u Prahy,50.039406,14.242631,train,0,-SR70ST-CZ-54916,,,,CZ,,1a,,Europe/Prague,615
czptt,-SR70S-CZ-54916-2,Rudná u Prahy,50.039406,14.242631,train,0,-SR70ST-CZ-54916,,,,CZ,,2,,Europe/Prague,318
czptt,-SR70S-CZ-54916-3,Rudná u Prahy,50.039406,14.242631,train,0,-SR70ST-CZ-54916,,,,CZ,,3,,Europe/Prague,0
czptt,-SR70S-CZ-54916-3a,Rudná u Prahy,50.039406,14.242631,train,0,-SR70ST-CZ-54916,,,,CZ,,3a,,Europe/Prague,372
czptt,-SR70S-CZ-54916-4,Rudná u Prahy,50.039406,14.242631,train,0,-SR70ST-CZ-54916,,,,CZ,,4,,Europe/Prague,5
czptt,-SR70S-CZ-54919-1,Lišany u Žatce,50.346146,13.648428,train,0,-SR70ST-CZ-54919,,,,CZ,,1,,Europe/Prague,643
czptt,-SR70S-CZ-54919-2,Lišany u Žatce,50.346146,13.648428,train,0,-SR70ST-CZ-54919,,,,CZ,,2,,Europe/Prague,182
czptt,-SR70S-CZ-54919-3,Lišany u Žatce,50.346146,13.648428,train,0,-SR70ST-CZ-54919,,,,CZ,,3,,Europe/Prague,4
czptt,-SR70S-CZ-54922-1,Harrachov,50.771336,15.393847,train,0,-SR70ST-CZ-54922,,,,CZ,,1,,Europe/Prague,250
czptt,-SR70S-CZ-54922-3,Harrachov,50.771336,15.393847,train,0,-SR70ST-CZ-54922,,,,CZ,,3,,Europe/Prague,207
czptt,-SR70S-CZ-54923-1,Chotěboř,49.711754,15.682462,train,0,-SR70ST-CZ-54923,,,,CZ,,1,,Europe/Prague,512
czptt,-SR70S-CZ-54923-2,Chotěboř,49.711754,15.682462,train,0,-SR70ST-CZ-54923,,,,CZ,,2,,Europe/Prague,0
czptt,-SR70S-CZ-54923-2a,Chotěboř,49.711754,15.682462,train,0,-SR70ST-CZ-54923,,,,CZ,,2a,,Europe/Prague,0
czptt,-SR70S-CZ-54923-3,Chotěboř,49.711754,15.682462,train,0,-SR70ST-CZ-54923,,,,CZ,,3,,Europe/Prague,0
czptt,-SR70S-CZ-54923-5,Chotěboř,49.711754,15.682462,train,0,-SR70ST-CZ-54923,,,,CZ,,5,,Europe/Prague,347
czptt,-SR70S-CZ-54926-1,Praha-Řeporyje,50.032259,14.309406,train,0,-SR70ST-CZ-54926,,,,CZ,,1,,Europe/Prague,394
czptt,-SR70S-CZ-54926-4,Praha-Řeporyje,50.032259,14.309406,train,0,-SR70ST-CZ-54926,,,,CZ,,4,,Europe/Prague,331
czptt,-SR70S-CZ-54927,hr.VUSC 0100/0200 08,50.02738,14.289525,train,0,,,,,CZ,,,,Europe/Prague,0
czptt,-SR70S-CZ-54929,Dolejší Hůrky,50.340212,13.626967,train,0,,,,,CZ,,,,Europe/Prague,615
czptt,-SR70S-CZ-54933,Bílek,49.706019,15.733652,train,0,,,,,CZ,,,,Europe/Prague,671
czptt,-SR70S-CZ-54936,Zbuzany,50.026289,14.280431,train,0,,,,,CZ,,,,Europe/Prague,715
czptt,-SR70S-CZ-54939,Touchovice u Loun,50.301828,13.728285,train,0,,,,,CZ,,,,Europe/Prague,777
czptt,-SR70S-CZ-54942,Kořenov zastávka,50.762581,15.347212,train,0,,,,,CZ,,,,Europe/Prague,103
czptt,-SR70S-CZ-54943-1,Rozsochatec,49.669741,15.632608,train,0,-SR70ST-CZ-54943,,,,CZ,,1,,Europe/Prague,716
czptt,-SR70S-CZ-54943-3,Rozsochatec,49.669741,15.632608,train,0,-SR70ST-CZ-54943,,,,CZ,,3,,Europe/Prague,105
czptt,-SR70S-CZ-54946,Praha-Holyně,50.032683,14.348268,train,0,,,,,CZ,,,,Europe/Prague,724
czptt,-SR70S-CZ-54949,Tvršice,50.340749,13.59711,train,0,,,,,CZ,,,,Europe/Prague,634
czptt,-SR70S-CZ-54952-1,Tanvald,50.74272,15.310637,train,0,-SR70ST-CZ-54952,,,,CZ,,1,,Europe/Prague,142
czptt,-SR70S-CZ-54952-1a,Tanvald,50.74272,15.310637,train,0,-SR70ST-CZ-54952,,,,CZ,,1a,,Europe/Prague,91
czptt,-SR70S-CZ-54952-2,Tanvald,50.74272,15.310637,train,0,-SR70ST-CZ-54952,,,,CZ,,2,,Europe/Prague,397
czptt,-SR70S-CZ-54952-2a,Tanvald,50.74272,15.310637,train,0,-SR70ST-CZ-54952,,,,CZ,,2a,,Europe/Prague,31
czptt,-SR70S-CZ-54952-3,Tanvald,50.74272,15.310637,train,0,-SR70ST-CZ-54952,,,,CZ,,3,,Europe/Prague,254
czptt,-SR70S-CZ-54952-3a,Tanvald,50.74272,15.310637,train,0,-SR70ST-CZ-54952,,,,CZ,,3a,,Europe/Prague,10
czptt,-SR70S-CZ-54952-5,Tanvald,50.74272,15.310637,train,0,-SR70ST-CZ-54952,,,,CZ,,5,,Europe/Prague,94
czptt,-SR70S-CZ-54952-5b,Tanvald,50.74272,15.310637,train,0,-SR70ST-CZ-54952,,,,CZ,,5b,,Europe/Prague,258
czptt,-SR70S-CZ-54956-0,Praha-Uhříněves,50.033436,14.59197,train,0,-SR70ST-CZ-54956,,,,CZ,,0,,Europe/Prague,7
czptt,-SR70S-CZ-54956-1,Praha-Uhříněves,50.033436,14.59197,train,0,-SR70ST-CZ-54956,,,,CZ,,1,,Europe/Prague,483
czptt,-SR70S-CZ-54956-103,Praha-Uhříněves,50.033436,14.59197,train,0,-SR70ST-CZ-54956,,,,CZ,,103,,Europe/Prague,0
czptt,-SR70S-CZ-54956-1a,Praha-Uhříněves,50.033436,14.59197,train,0,-SR70ST-CZ-54956,,,,CZ,,1a,,Europe/Prague,1
czptt,-SR70S-CZ-54956-2,Praha-Uhříněves,50.033436,14.59197,train,0,-SR70ST-CZ-54956,,,,CZ,,2,,Europe/Prague,434
czptt,-SR70S-CZ-54956-2a,Praha-Uhříněves,50.033436,14.59197,train,0,-SR70ST-CZ-54956,,,,CZ,,2a,,Europe/Prague,2
czptt,-SR70S-CZ-54959-1,Březno u Postoloprt,50.351659,13.722024,train,0,-SR70ST-CZ-54959,,,,CZ,,1,,Europe/Prague,384
czptt,-SR70S-CZ-54959-3,Březno u Postoloprt,50.351659,13.722024,train,0,-SR70ST-CZ-54959,,,,CZ,,3,,Europe/Prague,223
czptt,-SR70S-CZ-54962,Dolní Polubný,50.760557,15.32365,train,0,,,,,CZ,,,,Europe/Prague,0
czptt,-SR70S-CZ-54962-1,Dolní Polubný,50.760557,15.32365,train,0,-SR70ST-CZ-54962,,,,CZ,,1,,Europe/Prague,383
czptt,-SR70S-CZ-54962-2,Dolní Polubný,50.760557,15.32365,train,0,-SR70ST-CZ-54962,,,,CZ,,2,,Europe/Prague,7
czptt,-SR70S-CZ-54969-1,Hřivice,50.285452,13.725161,train,0,-SR70ST-CZ-54969,,,,CZ,,1,,Europe/Prague,455
czptt,-SR70S-CZ-54969-3,Hřivice,50.285452,13.725161,train,0,-SR70ST-CZ-54969,,,,CZ,,3,,Europe/Prague,323
czptt,-SR70S-CZ-54972-1,Desná,50.753416,15.308948,train,0,-SR70ST-CZ-54972,,,,CZ,,1,,Europe/Prague,560
czptt,-SR70S-CZ-54972-2,Desná,50.753416,15.308948,train,0,-SR70ST-CZ-54972,,,,CZ,,2,,Europe/Prague,1
czptt,-SR70S-CZ-54973,Desná-Riedlova vila,50.759231,15.31401,train,0,,,,,CZ,,,,Europe/Prague,452
czptt,-SR70S-CZ-54974,Desná-Pustinská,50.764117,15.335399,train,0,,,,,CZ,,,,Europe/Prague,330
czptt,-SR70S-CZ-54976,Praha-Kolovraty,50.013736,14.626115,train,0,,,,,CZ,,,,Europe/Prague,921
czptt,-SR70S-CZ-54979,Jimlín,50.326611,13.751076,train,0,,,,,CZ,,,,Europe/Prague,778
czptt,-SR70S-CZ-54982,Tanvald zastávka,50.736884,15.304841,train,0,,,,,CZ,,,,Europe/Prague,581
czptt,-SR70S-CZ-54985,hr.VUSC 0100/0200 05,50.00555,14.646107,train,0,,,,,CZ,,,,Europe/Prague,0
czptt,-SR70S-CZ-54986-1,Říčany,49.99774,14.663308,train,0,-SR70ST-CZ-54986,,,,CZ,,1,,Europe/Prague,451
czptt,-SR70S-CZ-54986-1a,Říčany,49.99774,14.663308,train,0,-SR70ST-CZ-54986,,,,CZ,,1a,,Europe/Prague,0
czptt,-SR70S-CZ-54986-2,Říčany,49.99774,14.663308,train,0,-SR70ST-CZ-54986,,,,CZ,,2,,Europe/Prague,427
czptt,-SR70S-CZ-54986-2a,Říčany,49.99774,14.663308,train,0,-SR70ST-CZ-54986,,,,CZ,,2a,,Europe/Prague,4
czptt,-SR70S-CZ-54986-3,Říčany,49.99774,14.663308,train,0,-SR70ST-CZ-54986,,,,CZ,,3,,Europe/Prague,65
czptt,-SR70S-CZ-54986-3a,Říčany,49.99774,14.663308,train,0,-SR70ST-CZ-54986,,,,CZ,,3a,,Europe/Prague,4
czptt,-SR70S-CZ-54986-4,Říčany,49.99774,14.663308,train,0,-SR70ST-CZ-54986,,,,CZ,,4,,Europe/Prague,80
czptt,-SR70S-CZ-54989,Opočno u Loun,50.312478,13.733873,train,0,,,,,CZ,,,,Europe/Prague,777
czptt,-SR70S-CZ-54992,Smržovka dolní nádraží,50.734797,15.280444,train,0,,,,,CZ,,,,Europe/Prague,576
czptt,-SR70S-CZ-54996,Světice,49.97022,14.657965,train,0,,,,,CZ,,,,Europe/Prague,761
czptt,-SR70S-CZ-54999,Solopysky,50.251503,13.748105,train,0,,,,,CZ,,,,Europe/Prague,701
czptt,-SR70S-CZ-55002,Jablonec nad Nisou centrum,50.720865,15.173879,train,0,,,,,CZ,,,,Europe/Prague,580
czptt,-SR70S-CZ-55003,Borová u Poličky zastávka,49.731868,16.174446,train,0,,,,,CZ,,,,Europe/Prague,399
czptt,-SR70S-CZ-55006-1,Strančice,49.949484,14.678265,train,0,-SR70ST-CZ-55006,,,,CZ,,1,,Europe/Prague,250
czptt,-SR70S-CZ-55006-2,Strančice,49.949484,14.678265,train,0,-SR70ST-CZ-55006,,,,CZ,,2,,Europe/Prague,229
czptt,-SR70S-CZ-55006-3,Strančice,49.949484,14.678265,train,0,-SR70ST-CZ-55006,,,,CZ,,3,,Europe/Prague,11
czptt,-SR70S-CZ-55006-4,Strančice,49.949484,14.678265,train,0,-SR70ST-CZ-55006,,,,CZ,,4,,Europe/Prague,295
czptt,-SR70S-CZ-55009,Konětopy,50.268099,13.726591,train,0,,,,,CZ,,,,Europe/Prague,706
czptt,-SR70S-CZ-55012,Smržovka střed,50.731902,15.254925,train,0,,,,,CZ,,,,Europe/Prague,576
czptt,-SR70S-CZ-55013,Skuteč,49.837634,15.994957,train,0,,,,,CZ,,,,Europe/Prague,0
czptt,-SR70S-CZ-55013-1,Skuteč,49.837634,15.994957,train,0,-SR70ST-CZ-55013,,,,CZ,,1,,Europe/Prague,171
czptt,-SR70S-CZ-55013-3,Skuteč,49.837634,15.994957,train,0,-SR70ST-CZ-55013,,,,CZ,,3,,Europe/Prague,101
czptt,-SR70S-CZ-55016,Mnichovice,49.932433,14.707274,train,0,,,,,CZ,,,,Europe/Prague,500
czptt,-SR70S-CZ-55019-1,Domoušice,50.232941,13.722533,train,0,-SR70ST-CZ-55019,,,,CZ,,1,,Europe/Prague,660
czptt,-SR70S-CZ-55019-3,Domoušice,50.232941,13.722533,train,0,-SR70ST-CZ-55019,,,,CZ,,3,,Europe/Prague,46
czptt,-SR70S-CZ-55022,Smržovka,50.740252,15.243886,train,0,,,,,CZ,,,,Europe/Prague,0
czptt,-SR70S-CZ-55022-1,Smržovka,50.740252,15.243886,train,0,-SR70ST-CZ-55022,,,,CZ,,1,,Europe/Prague,293
czptt,-SR70S-CZ-55022-3,Smržovka,50.740252,15.243886,train,0,-SR70ST-CZ-55022,,,,CZ,,3,,Europe/Prague,240
czptt,-SR70S-CZ-55022-5,Smržovka,50.740252,15.243886,train,0,-SR70ST-CZ-55022,,,,CZ,,5,,Europe/Prague,287
czptt,-SR70S-CZ-55023,Předhradí,49.824194,16.018621,train,0,,,,,CZ,,,,Europe/Prague,160
czptt,-SR70S-CZ-55026-0,Senohraby,49.896887,14.727539,train,0,-SR70ST-CZ-55026,,,,CZ,,0,,Europe/Prague,6
czptt,-SR70S-CZ-55026-1,Senohraby,49.896887,14.727539,train,0,-SR70ST-CZ-55026,,,,CZ,,1,,Europe/Prague,264
czptt,-SR70S-CZ-55026-2,Senohraby,49.896887,14.727539,train,0,-SR70ST-CZ-55026,,,,CZ,,2,,Europe/Prague,233
czptt,-SR70S-CZ-55028-1,Mutějovice,50.217139,13.704442,train,0,-SR70ST-CZ-55028,,,,CZ,,1,,Europe/Prague,461
czptt,-SR70S-CZ-55028-2,Mutějovice,50.217139,13.704442,train,0,-SR70ST-CZ-55028,,,,CZ,,2,,Europe/Prague,213
czptt,-SR70S-CZ-55032-1,Josefův Důl,50.779477,15.24026,train,0,-SR70ST-CZ-55032,,,,CZ,,1,,Europe/Prague,239
czptt,-SR70S-CZ-55033-1,Čachnov,49.753021,16.059854,train,0,-SR70ST-CZ-55033,,,,CZ,,1,,Europe/Prague,150
czptt,-SR70S-CZ-55033-2,Čachnov,49.753021,16.059854,train,0,-SR70ST-CZ-55033,,,,CZ,,2,,Europe/Prague,32
czptt,-SR70S-CZ-55036,Mirošovice u Prahy,49.909594,14.720874,train,0,,,,,CZ,,,,Europe/Prague,418
czptt,-SR70S-CZ-55038,Kounov,50.216068,13.665197,train,0,,,,,CZ,,,,Europe/Prague,692
czptt,-SR70S-CZ-55042,Antonínov,50.771518,15.249464,train,0,,,,,CZ,,,,Europe/Prague,239
czptt,-SR70S-CZ-55043,Krouna,49.778334,16.036815,train,0,,,,,CZ,,,,Europe/Prague,154
czptt,-SR70S-CZ-55046-1,Čerčany,49.850503,14.701622,train,0,-SR70ST-CZ-55046,,,,CZ,,1,,Europe/Prague,271
czptt,-SR70S-CZ-55046-2,Čerčany,49.850503,14.701622,train,0,-SR70ST-CZ-55046,,,,CZ,,2,,Europe/Prague,236
czptt,-SR70S-CZ-55046-4,Čerčany,49.850503,14.701622,train,0,-SR70ST-CZ-55046,,,,CZ,,4,,Europe/Prague,16
czptt,-SR70S-CZ-55046-4a,Čerčany,49.850503,14.701622,train,0,-SR70ST-CZ-55046,,,,CZ,,4a,,Europe/Prague,478
czptt,-SR70S-CZ-55046-5,Čerčany,49.850503,14.701622,train,0,-SR70ST-CZ-55046,,,,CZ,,5,,Europe/Prague,1051
czptt,-SR70S-CZ-55046-5a,Čerčany,49.850503,14.701622,train,0,-SR70ST-CZ-55046,,,,CZ,,5a,,Europe/Prague,9
czptt,-SR70S-CZ-55046-5b,Čerčany,49.850503,14.701622,train,0,-SR70ST-CZ-55046,,,,CZ,,5b,,Europe/Prague,4
czptt,-SR70S-CZ-55046-6,Čerčany,49.850503,14.701622,train,0,-SR70ST-CZ-55046,,,,CZ,,6,,Europe/Prague,54
czptt,-SR70S-CZ-55048-1,Svojetín,50.19826,13.632299,train,0,-SR70ST-CZ-55048,,,,CZ,,1,,Europe/Prague,607
czptt,-SR70S-CZ-55048-2,Svojetín,50.19826,13.632299,train,0,-SR70ST-CZ-55048,,,,CZ,,2,,Europe/Prague,85
czptt,-SR70S-CZ-55052-1,Jiřetín pod Bukovou,50.756978,15.26392,train,0,-SR70ST-CZ-55052,,,,CZ,,1,,Europe/Prague,239
czptt,-SR70S-CZ-55053,Pustá Kamenice,49.754546,16.081713,train,0,,,,,CZ,,,,Europe/Prague,297
czptt,-SR70S-CZ-55056,Pyšely,49.861523,14.699339,train,0,,,,,CZ,,,,Europe/Prague,412
czptt,-SR70S-CZ-55058-1,Hořesedly,50.168243,13.641236,train,0,-SR70ST-CZ-55058,,,,CZ,,1,,Europe/Prague,685
czptt,-SR70S-CZ-55062-1,Nová Ves nad Nisou,50.723922,15.193788,train,0,-SR70ST-CZ-55062,,,,CZ,,1,,Europe/Prague,460
czptt,-SR70S-CZ-55063-1,Polička,49.718845,16.264539,train,0,-SR70ST-CZ-55063,,,,CZ,,1,,Europe/Prague,278
czptt,-SR70S-CZ-55063-2,Polička,49.718845,16.264539,train,0,-SR70ST-CZ-55063,,,,CZ,,2,,Europe/Prague,169
czptt,-SR70S-CZ-55063-4,Polička,49.718845,16.264539,train,0,-SR70ST-CZ-55063,,,,CZ,,4,,Europe/Prague,31
czptt,-SR70S-CZ-55066,Mrač,49.832532,14.697966,train,0,,,,,CZ,,,,Europe/Prague,421
czptt,-SR70S-CZ-55068-1,Chrášťany,50.141917,13.663414,train,0,-SR70ST-CZ-55068,,,,CZ,,1,,Europe/Prague,593
czptt,-SR70S-CZ-55068-2,Chrášťany,50.141917,13.663414,train,0,-SR70ST-CZ-55068,,,,CZ,,2,,Europe/Prague,63
czptt,-SR70S-CZ-55072,Lučany nad Nisou,50.739535,15.225692,train,0,,,,,CZ,,,,Europe/Prague,577
czptt,-SR70S-CZ-55073-1,Borová u Poličky,49.74311,16.161615,train,0,-SR70ST-CZ-55073,,,,CZ,,1,,Europe/Prague,381
czptt,-SR70S-CZ-55073-2,Borová u Poličky,49.74311,16.161615,train,0,-SR70ST-CZ-55073,,,,CZ,,2,,Europe/Prague,18
czptt,-SR70S-CZ-55076,Lštění,49.863642,14.71566,train,0,,,,,CZ,,,,Europe/Prague,411
czptt,-SR70S-CZ-55082,Jablonecké Paseky,50.732107,15.193383,train,0,,,,,CZ,,,,Europe/Prague,580
czptt,-SR70S-CZ-55083,Oldřiš,49.728489,16.194037,train,0,,,,,CZ,,,,Europe/Prague,399
czptt,-SR70S-CZ-55086,Zlenice,49.87939,14.733397,train,0,,,,,CZ,,,,Europe/Prague,411
czptt,-SR70S-CZ-55092-1,Jablonec nad Nisou,50.720923,15.160792,train,0,-SR70ST-CZ-55092,,,,CZ,,1,,Europe/Prague,290
czptt,-SR70S-CZ-55092-2,Jablonec nad Nisou,50.720923,15.160792,train,0,-SR70ST-CZ-55092,,,,CZ,,2,,Europe/Prague,1
czptt,-SR70S-CZ-55092-3,Jablonec nad Nisou,50.720923,15.160792,train,0,-SR70ST-CZ-55092,,,,CZ,,3,,Europe/Prague,291
czptt,-SR70S-CZ-55093,Sádek u Poličky,49.717801,16.214898,train,0,,,,,CZ,,,,Europe/Prague,399
czptt,-SR70S-CZ-55096,Poříčí nad Sázavou,49.837339,14.676262,train,0,,,,,CZ,,,,Europe/Prague,1044
czptt,-SR70S-CZ-55102,Jablonec nad Nisou zastávka,50.720396,15.186288,train,0,,,,,CZ,,,,Europe/Prague,577
czptt,-SR70S-CZ-55103,Pomezí zastávka,49.721194,16.291163,train,0,,,,,CZ,,,,Europe/Prague,394
czptt,-SR70S-CZ-55106-1,Benešov u Prahy,49.778741,14.68318,train,0,-SR70ST-CZ-55106,,,,CZ,,1,,Europe/Prague,311
czptt,-SR70S-CZ-55106-2,Benešov u Prahy,49.778741,14.68318,train,0,-SR70ST-CZ-55106,,,,CZ,,2,,Europe/Prague,387
czptt,-SR70S-CZ-55106-4,Benešov u Prahy,49.778741,14.68318,train,0,-SR70ST-CZ-55106,,,,CZ,,4,,Europe/Prague,12
czptt,-SR70S-CZ-55106-5,Benešov u Prahy,49.778741,14.68318,train,0,-SR70ST-CZ-55106,,,,CZ,,5,,Europe/Prague,227
czptt,-SR70S-CZ-55106-5b,Benešov u Prahy,49.778741,14.68318,train,0,-SR70ST-CZ-55106,,,,CZ,,5b,,Europe/Prague,12
czptt,-SR70S-CZ-55106-5c,Benešov u Prahy,49.778741,14.68318,train,0,-SR70ST-CZ-55106,,,,CZ,,5c,,Europe/Prague,117
czptt,-SR70S-CZ-55106-6,Benešov u Prahy,49.778741,14.68318,train,0,-SR70ST-CZ-55106,,,,CZ,,6,,Europe/Prague,404
czptt,-SR70S-CZ-55106-7,Benešov u Prahy,49.778741,14.68318,train,0,-SR70ST-CZ-55106,,,,CZ,,7,,Europe/Prague,0
czptt,-SR70S-CZ-55106-8,Benešov u Prahy,49.778741,14.68318,train,0,-SR70ST-CZ-55106,,,,CZ,,8,,Europe/Prague,136
czptt,-SR70S-CZ-55106-8b,Benešov u Prahy,49.778741,14.68318,train,0,-SR70ST-CZ-55106,,,,CZ,,8b,,Europe/Prague,243
czptt,-SR70S-CZ-55109-1,Teplice zámecká zahrada,50.633686,13.813692,train,0,-SR70ST-CZ-55109,,,,CZ,,1,,Europe/Prague,127
czptt,-SR70S-CZ-55112,Jablonec n.N. dol.n.,50.726282,15.149196,train,0,,,,,CZ,,,,Europe/Prague,576
czptt,-SR70S-CZ-55113,Pomezí,49.720751,16.325583,train,0,,,,,CZ,,,,Europe/Prague,403
czptt,-SR70S-CZ-55116,Bystřice u Benešova,49.742003,14.667119,train,0,,,,,CZ,,,,Europe/Prague,436
czptt,-SR70S-CZ-55119-1,Bystřany v Čechách,50.625497,13.862786,train,0,-SR70ST-CZ-55119,,,,CZ,,1,,Europe/Prague,142
czptt,-SR70S-CZ-55122-1,Vesec u Liberce,50.743221,15.081381,train,0,-SR70ST-CZ-55122,,,,CZ,,1,,Europe/Prague,286
czptt,-SR70S-CZ-55122-2,Vesec u Liberce,50.743221,15.081381,train,0,-SR70ST-CZ-55122,,,,CZ,,2,,Europe/Prague,293
czptt,-SR70S-CZ-55123-1,Květná,49.729219,16.366982,train,0,-SR70ST-CZ-55123,,,,CZ,,1,,Europe/Prague,356
czptt,-SR70S-CZ-55123-3,Květná,49.729219,16.366982,train,0,-SR70ST-CZ-55123,,,,CZ,,3,,Europe/Prague,86
czptt,-SR70S-CZ-55126,Tomice,49.698395,14.65221,train,0,,,,,CZ,,,,Europe/Prague,370
czptt,-SR70S-CZ-55129,Prosetice,50.631016,13.842357,train,0,,,,,CZ,,,,Europe/Prague,142
czptt,-SR70S-CZ-55132,Proseč nad Nisou,50.728341,15.115706,train,0,,,,,CZ,,,,Europe/Prague,576
czptt,-SR70S-CZ-55133,Vendolí zastávka,49.736668,16.39546,train,0,,,,,CZ,,,,Europe/Prague,409
czptt,-SR70S-CZ-55136-1,Olbramovice,49.667615,14.624432,train,0,-SR70ST-CZ-55136,,,,CZ,,1,,Europe/Prague,310
czptt,-SR70S-CZ-55136-2,Olbramovice,49.667615,14.624432,train,0,-SR70ST-CZ-55136,,,,CZ,,2,,Europe/Prague,368
czptt,-SR70S-CZ-55136-3,Olbramovice,49.667615,14.624432,train,0,-SR70ST-CZ-55136,,,,CZ,,3,,Europe/Prague,32
czptt,-SR70S-CZ-55136-4,Olbramovice,49.667615,14.624432,train,0,-SR70ST-CZ-55136,,,,CZ,,4,,Europe/Prague,90
czptt,-SR70S-CZ-55136-5,Olbramovice,49.667615,14.624432,train,0,-SR70ST-CZ-55136,,,,CZ,,5,,Europe/Prague,346
czptt,-SR70S-CZ-55136-5a,Olbramovice,49.667615,14.624432,train,0,-SR70ST-CZ-55136,,,,CZ,,5a,,Europe/Prague,4
czptt,-SR70S-CZ-55139-1,Úpořiny,50.609645,13.879103,train,0,-SR70ST-CZ-55139,,,,CZ,,1,,Europe/Prague,221
czptt,-SR70S-CZ-55139-2,Úpořiny,50.609645,13.879103,train,0,-SR70ST-CZ-55139,,,,CZ,,2,,Europe/Prague,123
czptt,-SR70S-CZ-55139-3,Úpořiny,50.609645,13.879103,train,0,-SR70ST-CZ-55139,,,,CZ,,3,,Europe/Prague,2
czptt,-SR70S-CZ-55139-4,Úpořiny,50.609645,13.879103,train,0,-SR70ST-CZ-55139,,,,CZ,,4,,Europe/Prague,24
czptt,-SR70S-CZ-55139-6,Úpořiny,50.609645,13.879103,train,0,-SR70ST-CZ-55139,,,,CZ,,6,,Europe/Prague,20
czptt,-SR70S-CZ-55142,Vratislavice nad Nisou,50.740131,15.093528,train,0,,,,,CZ,,,,Europe/Prague,582
czptt,-SR70S-CZ-55143,Vendolí,49.745471,16.412498,train,0,,,,,CZ,,,,Europe/Prague,1
czptt,-SR70S-CZ-55146,Vrchotovy Janovice,49.658492,14.579303,train,0,,,,,CZ,,,,Europe/Prague,343
czptt,-SR70S-CZ-55149,Lbín,50.605709,13.859374,train,0,,,,,CZ,,,,Europe/Prague,247
czptt,-SR70S-CZ-55152-1,Liberec-Horní Růžodol,50.753544,15.032888,train,0,-SR70ST-CZ-55152,,,,CZ,,1,,Europe/Prague,362
czptt,-SR70S-CZ-55152-2,Liberec-Horní Růžodol,50.753544,15.032888,train,0,-SR70ST-CZ-55152,,,,CZ,,2,,Europe/Prague,22
czptt,-SR70S-CZ-55153,Pustá Kamenice zastávka,49.752493,16.092866,train,0,,,,,CZ,,,,Europe/Prague,237
czptt,-SR70S-CZ-55156,Voračice,49.6617,14.556366,train,0,,,,,CZ,,,,Europe/Prague,291
czptt,-SR70S-CZ-55159-1,Žalany,50.589125,13.900677,train,0,-SR70ST-CZ-55159,,,,CZ,,1,,Europe/Prague,141
czptt,-SR70S-CZ-55162-1,Ostašov,50.763309,15.01299,train,0,-SR70ST-CZ-55162,,,,CZ,,1,,Europe/Prague,307
czptt,-SR70S-CZ-55163,Květná zastávka,49.726847,16.354474,train,0,,,,,CZ,,,,Europe/Prague,422
czptt,-SR70S-CZ-55166,Minartice,49.666915,14.539573,train,0,,,,,CZ,,,,Europe/Prague,344
czptt,-SR70S-CZ-55169,Hradiště v Čechách,50.593614,13.876061,train,0,,,,,CZ,,,,Europe/Prague,141
czptt,-SR70S-CZ-55172-1,Karlov pod Ještědem,50.77366,14.983694,train,0,-SR70ST-CZ-55172,,,,CZ,,1,,Europe/Prague,30
czptt,-SR70S-CZ-55172-3,Karlov pod Ještědem,50.77366,14.983694,train,0,-SR70ST-CZ-55172,,,,CZ,,3,,Europe/Prague,298
czptt,-SR70S-CZ-55173,Krouna zastávka,49.786179,16.035177,train,0,,,,,CZ,,,,Europe/Prague,154
czptt,-SR70S-CZ-55176-1,Sedlčany,49.655852,14.433977,train,0,-SR70ST-CZ-55176,,,,CZ,,1,,Europe/Prague,241
czptt,-SR70S-CZ-55176-2,Sedlčany,49.655852,14.433977,train,0,-SR70ST-CZ-55176,,,,CZ,,2,,Europe/Prague,107
czptt,-SR70S-CZ-55179,Žalany zastávka,50.587163,13.916153,train,0,,,,,CZ,,,,Europe/Prague,141
czptt,-SR70S-CZ-55182-1,Křižany,50.751429,14.918543,train,0,-SR70ST-CZ-55182,,,,CZ,,1,,Europe/Prague,393
czptt,-SR70S-CZ-55182-2,Křižany,50.751429,14.918543,train,0,-SR70ST-CZ-55182,,,,CZ,,2,,Europe/Prague,10
czptt,-SR70S-CZ-55182-3,Křižany,50.751429,14.918543,train,0,-SR70ST-CZ-55182,,,,CZ,,3,,Europe/Prague,1
czptt,-SR70S-CZ-55186-1,Štětkovice,49.666824,14.517026,train,0,-SR70ST-CZ-55186,,,,CZ,,1,,Europe/Prague,165
czptt,-SR70S-CZ-55186-3,Štětkovice,49.666824,14.517026,train,0,-SR70ST-CZ-55186,,,,CZ,,3,,Europe/Prague,182
czptt,-SR70S-CZ-55189,Radejčín,50.580538,14.003112,train,0,,,,,CZ,,,,Europe/Prague,191
czptt,-SR70S-CZ-55192,Novina,50.760019,14.941698,train,0,,,,,CZ,,,,Europe/Prague,317
czptt,-SR70S-CZ-55196-1,Kosova Hora,49.659541,14.479826,train,0,-SR70ST-CZ-55196,,,,CZ,,1,,Europe/Prague,344
czptt,-SR70S-CZ-55199,Bořislav,50.585629,13.936954,train,0,,,,,CZ,,,,Europe/Prague,141
czptt,-SR70S-CZ-55202,Kryštofovo Údolí,50.772086,14.941977,train,0,,,,,CZ,,,,Europe/Prague,346
czptt,-SR70S-CZ-55203,Litomyšl zastávka,49.881212,16.29271,train,0,,,,,CZ,,,,Europe/Prague,197
czptt,-SR70S-CZ-55206-101,Votice,49.638054,14.619626,train,0,-SR70ST-CZ-55206,,,,CZ,,101,,Europe/Prague,1
czptt,-SR70S-CZ-55206-101a,Votice,49.638054,14.619626,train,0,-SR70ST-CZ-55206,,,,CZ,,101a,,Europe/Prague,126
czptt,-SR70S-CZ-55206-102,Votice,49.638054,14.619626,train,0,-SR70ST-CZ-55206,,,,CZ,,102,,Europe/Prague,4
czptt,-SR70S-CZ-55206-102a,Votice,49.638054,14.619626,train,0,-SR70ST-CZ-55206,,,,CZ,,102a,,Europe/Prague,81
czptt,-SR70S-CZ-55209,Žim,50.587105,13.965008,train,0,,,,,CZ,,,,Europe/Prague,19
czptt,-SR70S-CZ-55209-1,Žim,50.587105,13.965008,train,0,-SR70ST-CZ-55209,,,,CZ,,1,,Europe/Prague,122
czptt,-SR70S-CZ-55212,Zdislava,50.770143,14.876774,train,0,,,,,CZ,,,,Europe/Prague,385
czptt,-SR70S-CZ-55213-1,Litomyšl,49.874743,16.304109,train,0,-SR70ST-CZ-55213,,,,CZ,,1,,Europe/Prague,0
czptt,-SR70S-CZ-55213-3,Litomyšl,49.874743,16.304109,train,0,-SR70ST-CZ-55213,,,,CZ,,3,,Europe/Prague,137
czptt,-SR70S-CZ-55213-3a,Litomyšl,49.874743,16.304109,train,0,-SR70ST-CZ-55213,,,,CZ,,3a,,Europe/Prague,63
czptt,-SR70S-CZ-55216,Heřmaničky,49.601211,14.584376,train,0,,,,,CZ,,,,Europe/Prague,152
czptt,-SR70S-CZ-55219,Chotiměř,50.547225,13.989148,train,0,,,,,CZ,,,,Europe/Prague,2
czptt,-SR70S-CZ-55219-1,Chotiměř,50.547225,13.989148,train,0,-SR70ST-CZ-55219,,,,CZ,,1,,Europe/Prague,115
czptt,-SR70S-CZ-55219-2,Chotiměř,50.547225,13.989148,train,0,-SR70ST-CZ-55219,,,,CZ,,2,,Europe/Prague,48
czptt,-SR70S-CZ-55222-1,Rynoltice,50.786957,14.826619,train,0,-SR70ST-CZ-55222,,,,CZ,,1,,Europe/Prague,388
czptt,-SR70S-CZ-55222-3,Rynoltice,50.786957,14.826619,train,0,-SR70ST-CZ-55222,,,,CZ,,3,,Europe/Prague,35
czptt,-SR70S-CZ-55223,Litomyšl-Nedošín,49.88579,16.28,train,0,,,,,CZ,,,,Europe/Prague,197
czptt,-SR70S-CZ-55226-1a,Střezimíř,49.543979,14.620896,train,0,-SR70ST-CZ-55226,,,,CZ,,1a,,Europe/Prague,65
czptt,-SR70S-CZ-55226-2a,Střezimíř,49.543979,14.620896,train,0,-SR70ST-CZ-55226,,,,CZ,,2a,,Europe/Prague,59
czptt,-SR70S-CZ-55232,Lvová,50.781001,14.787852,train,0,,,,,CZ,,,,Europe/Prague,372
czptt,-SR70S-CZ-55233,Tržek,49.889824,16.26042,train,0,,,,,CZ,,,,Europe/Prague,197
czptt,-SR70S-CZ-55236,Ješetice,49.577761,14.596678,train,0,,,,,CZ,,,,Europe/Prague,101
czptt,-SR70S-CZ-55239,Oparno,50.542438,14.013041,train,0,,,,,CZ,,,,Europe/Prague,157
czptt,-SR70S-CZ-55242-1,Velké Hamry,50.711564,15.31378,train,0,-SR70ST-CZ-55242,,,,CZ,,1,,Europe/Prague,157
czptt,-SR70S-CZ-55242-3,Velké Hamry,50.711564,15.31378,train,0,-SR70ST-CZ-55242,,,,CZ,,3,,Europe/Prague,6
czptt,-SR70S-CZ-55243,Řídký,49.89197,16.246312,train,0,,,,,CZ,,,,Europe/Prague,197
czptt,-SR70S-CZ-55246,Červený Újezd u Votic zastávka,49.560279,14.613686,train,0,,,,,CZ,,,,Europe/Prague,101
czptt,-SR70S-CZ-55252-1a,Plavy,50.701792,15.317002,train,0,-SR70ST-CZ-55252,,,,CZ,,1a,,Europe/Prague,633
czptt,-SR70S-CZ-55253-1,Cerekvice nad Loučnou,49.905724,16.206161,train,0,-SR70ST-CZ-55253,,,,CZ,,1,,Europe/Prague,179
czptt,-SR70S-CZ-55253-3,Cerekvice nad Loučnou,49.905724,16.206161,train,0,-SR70ST-CZ-55253,,,,CZ,,3,,Europe/Prague,1
czptt,-SR70S-CZ-55256,Mezno,49.536623,14.654424,train,0,,,,,CZ,,,,Europe/Prague,104
czptt,-SR70S-CZ-55262,Velké Hamry město,50.719229,15.313344,train,0,,,,,CZ,,,,Europe/Prague,633
czptt,-SR70S-CZ-55263,Cerekvice nad Loučnou zastávka,49.900984,16.218792,train,0,,,,,CZ,,,,Europe/Prague,199
czptt,-SR70S-CZ-55266,Sudoměřice u Tábora,49.507238,14.659584,train,0,,,,,CZ,,,,Europe/Prague,142
czptt,-SR70S-CZ-55272,Návarov,50.676172,15.319376,train,0,,,,,CZ,,,,Europe/Prague,127
czptt,-SR70S-CZ-55273,Hrušová,49.911076,16.196796,train,0,,,,,CZ,,,,Europe/Prague,199
czptt,-SR70S-CZ-55276-1,Chotoviny,49.472161,14.669558,train,0,-SR70ST-CZ-55276,,,,CZ,,1,,Europe/Prague,78
czptt,-SR70S-CZ-55276-2,Chotoviny,49.472161,14.669558,train,0,-SR70ST-CZ-55276,,,,CZ,,2,,Europe/Prague,64
czptt,-SR70S-CZ-55276-3,Chotoviny,49.472161,14.669558,train,0,-SR70ST-CZ-55276,,,,CZ,,3,,Europe/Prague,71
czptt,-SR70S-CZ-55280,Jesenný,50.652175,15.327831,train,0,,,,,CZ,,,,Europe/Prague,477
czptt,-SR70S-CZ-55282,Smržovka-Zvonková,50.731161,15.268782,train,0,,,,,CZ,,,,Europe/Prague,0
czptt,-SR70S-CZ-55283-1,Vysoké Mýto,49.955167,16.14742,train,0,-SR70ST-CZ-55283,,,,CZ,,1,,Europe/Prague,258
czptt,-SR70S-CZ-55283-2,Vysoké Mýto,49.955167,16.14742,train,0,-SR70ST-CZ-55283,,,,CZ,,2,,Europe/Prague,0
czptt,-SR70S-CZ-55283-3,Vysoké Mýto,49.955167,16.14742,train,0,-SR70ST-CZ-55283,,,,CZ,,3,,Europe/Prague,258
czptt,-SR70S-CZ-55286-1,Postupice,49.738039,14.782319,train,0,-SR70ST-CZ-55286,,,,CZ,,1,,Europe/Prague,192
czptt,-SR70S-CZ-55286-3,Postupice,49.738039,14.782319,train,0,-SR70ST-CZ-55286,,,,CZ,,3,,Europe/Prague,161
czptt,-SR70S-CZ-55290,Spálov,50.633968,15.300634,train,0,,,,,CZ,,,,Europe/Prague,176
czptt,-SR70S-CZ-55292,Smržovka-Luční,50.735089,15.249551,train,0,,,,,CZ,,,,Europe/Prague,577
czptt,-SR70S-CZ-55293,Džbánov,49.925216,16.174185,train,0,,,,,CZ,,,,Europe/Prague,197
czptt,-SR70S-CZ-55296,Myslíč,49.764742,14.723326,train,0,,,,,CZ,,,,Europe/Prague,349
czptt,-SR70S-CZ-55303-1,Vysoké Mýto město,49.950516,16.15575,train,0,-SR70ST-CZ-55303,,,,CZ,,1,,Europe/Prague,507
czptt,-SR70S-CZ-55306-1,Struhařov,49.762059,14.749241,train,0,-SR70ST-CZ-55306,,,,CZ,,1,,Europe/Prague,349
czptt,-SR70S-CZ-55309-1,Libčeves,50.448682,13.830459,train,0,-SR70ST-CZ-55309,,,,CZ,,1,,Europe/Prague,232
czptt,-SR70S-CZ-55309-2,Libčeves,50.448682,13.830459,train,0,-SR70ST-CZ-55309,,,,CZ,,2,,Europe/Prague,27
czptt,-SR70S-CZ-55310-1,Rovensko pod Troskami,50.531725,15.263937,train,0,-SR70ST-CZ-55310,,,,CZ,,1,,Europe/Prague,421
czptt,-SR70S-CZ-55310-3,Rovensko pod Troskami,50.531725,15.263937,train,0,-SR70ST-CZ-55310,,,,CZ,,3,,Europe/Prague,74
czptt,-SR70S-CZ-55313,Slatina u Vysokého Mýta,49.975005,16.163314,train,0,,,,,CZ,,,,Europe/Prague,497
czptt,-SR70S-CZ-55316,Dobříčkov,49.752421,14.761788,train,0,,,,,CZ,,,,Europe/Prague,349
czptt,-SR70S-CZ-55319,Bělušice,50.452296,13.766412,train,0,,,,,CZ,,,,Europe/Prague,259
czptt,-SR70S-CZ-55320,Turnov město,50.579597,15.151931,train,0,,,,,CZ,,,,Europe/Prague,494
czptt,-SR70S-CZ-55326,Městečko u Benešova,49.730808,14.805477,train,0,,,,,CZ,,,,Europe/Prague,350
czptt,-SR70S-CZ-55329,Židovice,50.447716,13.864689,train,0,,,,,CZ,,,,Europe/Prague,259
czptt,-SR70S-CZ-55330,Karlovice-Sedmihorky,50.561701,15.196568,train,0,,,,,CZ,,,,Europe/Prague,0
czptt,-SR70S-CZ-55330-1,Karlovice-Sedmihorky,50.561701,15.196568,train,0,-SR70ST-CZ-55330,,,,CZ,,1,,Europe/Prague,494
czptt,-SR70S-CZ-55336,Lhota Veselka,49.721004,14.815131,train,0,,,,,CZ,,,,Europe/Prague,293
czptt,-SR70S-CZ-55340-1,Hrubá Skála,50.550335,15.213025,train,0,-SR70ST-CZ-55340,,,,CZ,,1,,Europe/Prague,318
czptt,-SR70S-CZ-55340-3,Hrubá Skála,50.550335,15.213025,train,0,-SR70ST-CZ-55340,,,,CZ,,3,,Europe/Prague,177
czptt,-SR70S-CZ-55346,Domašín,49.714994,14.836767,train,0,,,,,CZ,,,,Europe/Prague,350
czptt,-SR70S-CZ-55350,Borek pod Troskami,50.535508,15.232227,train,0,,,,,CZ,,,,Europe/Prague,444
czptt,-SR70S-CZ-55353-1,Lanškroun,49.90856,16.603268,train,0,-SR70ST-CZ-55353,,,,CZ,,1,,Europe/Prague,0
czptt,-SR70S-CZ-55353-3,Lanškroun,49.90856,16.603268,train,0,-SR70ST-CZ-55353,,,,CZ,,3,,Europe/Prague,359
czptt,-SR70S-CZ-55356-1,Vlašim,49.700474,14.897585,train,0,-SR70ST-CZ-55356,,,,CZ,,1,,Europe/Prague,352
czptt,-SR70S-CZ-55356-3,Vlašim,49.700474,14.897585,train,0,-SR70ST-CZ-55356,,,,CZ,,3,,Europe/Prague,37
czptt,-SR70S-CZ-55356-5,Vlašim,49.700474,14.897585,train,0,-SR70ST-CZ-55356,,,,CZ,,5,,Europe/Prague,2
czptt,-SR70S-CZ-55360,Ktová,50.527953,15.247721,train,0,,,,,CZ,,,,Europe/Prague,446
czptt,-SR70S-CZ-55361-1,Červ. Újezd u Votic,49.555521,14.61526,train,0,-SR70ST-CZ-55361,,,,CZ,,1,,Europe/Prague,0
czptt,-SR70S-CZ-55366,Znosim,49.699701,14.869475,train,0,,,,,CZ,,,,Europe/Prague,342
czptt,-SR70S-CZ-55369-1,Třebívlice,50.457709,13.908201,train,0,-SR70ST-CZ-55369,,,,CZ,,1,,Europe/Prague,222
czptt,-SR70S-CZ-55369-2,Třebívlice,50.457709,13.908201,train,0,-SR70ST-CZ-55369,,,,CZ,,2,,Europe/Prague,2
czptt,-SR70S-CZ-55369-3,Třebívlice,50.457709,13.908201,train,0,-SR70ST-CZ-55369,,,,CZ,,3,,Europe/Prague,144
czptt,-SR70S-CZ-55370,Semínova Lhota,50.517974,15.280959,train,0,,,,,CZ,,,,Europe/Prague,341
czptt,-SR70S-CZ-55376,Vlašim zastávka,49.698077,14.90415,train,0,,,,,CZ,,,,Europe/Prague,38
czptt,-SR70S-CZ-55379,Podsedice,50.469357,13.956744,train,0,,,,,CZ,,,,Europe/Prague,365
czptt,-SR70S-CZ-55380,Jivany,50.513699,15.298874,train,0,,,,,CZ,,,,Europe/Prague,338
czptt,-SR70S-CZ-55386-1,Trhový Štěpánov,49.707531,15.009617,train,0,-SR70ST-CZ-55386,,,,CZ,,1,,Europe/Prague,41
czptt,-SR70S-CZ-55390-1,Libuň,50.490151,15.302956,train,0,-SR70ST-CZ-55390,,,,CZ,,1,,Europe/Prague,310
czptt,-SR70S-CZ-55390-2,Libuň,50.490151,15.302956,train,0,-SR70ST-CZ-55390,,,,CZ,,2,,Europe/Prague,184
czptt,-SR70S-CZ-55390-3,Libuň,50.490151,15.302956,train,0,-SR70ST-CZ-55390,,,,CZ,,3,,Europe/Prague,0
czptt,-SR70S-CZ-55390-4,Libuň,50.490151,15.302956,train,0,-SR70ST-CZ-55390,,,,CZ,,4,,Europe/Prague,103
czptt,-SR70S-CZ-55391,Libuň zastávka,50.500151,15.300554,train,0,,,,,CZ,,,,Europe/Prague,453
czptt,-SR70S-CZ-55396,Bolina,49.684597,14.949929,train,0,,,,,CZ,,,,Europe/Prague,38
czptt,-SR70S-CZ-55399-1,Třebenice,50.473987,14.000716,train,0,-SR70ST-CZ-55399,,,,CZ,,1,,Europe/Prague,303
czptt,-SR70S-CZ-55399-3,Třebenice,50.473987,14.000716,train,0,-SR70ST-CZ-55399,,,,CZ,,3,,Europe/Prague,62
czptt,-SR70S-CZ-55400,Jinolice,50.478983,15.335156,train,0,,,,,CZ,,,,Europe/Prague,465
czptt,-SR70S-CZ-55406,Zdislavice,49.689524,14.969444,train,0,,,,,CZ,,,,Europe/Prague,38
czptt,-SR70S-CZ-55409,Dlažkovice,50.466682,13.968168,train,0,,,,,CZ,,,,Europe/Prague,365
czptt,-SR70S-CZ-55410,Železnice,50.462343,15.37588,train,0,,,,,CZ,,,,Europe/Prague,301
czptt,-SR70S-CZ-55413-1,Třemošnice,49.871966,15.57659,train,0,-SR70ST-CZ-55413,,,,CZ,,1,,Europe/Prague,218
czptt,-SR70S-CZ-55416,Čtyřkoly,49.868466,14.713942,train,0,,,,,CZ,,,,Europe/Prague,411
czptt,-SR70S-CZ-55419,Třebenice město,50.481519,13.98606,train,0,,,,,CZ,,,,Europe/Prague,365
czptt,-SR70S-CZ-55420-11,Jičín,50.430674,15.361318,train,0,-SR70ST-CZ-55420,,,,CZ,,11,,Europe/Prague,92
czptt,-SR70S-CZ-55420-13,Jičín,50.430674,15.361318,train,0,-SR70ST-CZ-55420,,,,CZ,,13,,Europe/Prague,300
czptt,-SR70S-CZ-55420-15,Jičín,50.430674,15.361318,train,0,-SR70ST-CZ-55420,,,,CZ,,15,,Europe/Prague,225
czptt,-SR70S-CZ-55420-9,Jičín,50.430674,15.361318,train,0,-SR70ST-CZ-55420,,,,CZ,,9,,Europe/Prague,313
czptt,-SR70S-CZ-55423,Žlebské Chvalovice,49.883429,15.555646,train,0,,,,,CZ,,,,Europe/Prague,193
czptt,-SR70S-CZ-55429-1,Čížkovice,50.483609,14.039438,train,0,-SR70ST-CZ-55429,,,,CZ,,1,,Europe/Prague,852
czptt,-SR70S-CZ-55429-2,Čížkovice,50.483609,14.039438,train,0,-SR70ST-CZ-55429,,,,CZ,,2,,Europe/Prague,342
czptt,-SR70S-CZ-55430,Jičín zastávka,50.450571,15.380963,train,0,,,,,CZ,,,,Europe/Prague,415
czptt,-SR70S-CZ-55433,Ronov nad Doubravou zastávka,49.892632,15.543452,train,0,,,,,CZ,,,,Europe/Prague,124
czptt,-SR70S-CZ-55439,Sulejovice,50.499442,14.036022,train,0,,,,,CZ,,,,Europe/Prague,999
czptt,-SR70S-CZ-55443-2,Ronov nad Doubravou,49.894841,15.528216,train,0,-SR70ST-CZ-55443,,,,CZ,,2,,Europe/Prague,218
czptt,-SR70S-CZ-55449-1,Libochovice,50.41047,14.054923,train,0,-SR70ST-CZ-55449,,,,CZ,,1,,Europe/Prague,559
czptt,-SR70S-CZ-55449-2,Libochovice,50.41047,14.054923,train,0,-SR70ST-CZ-55449,,,,CZ,,2,,Europe/Prague,306
czptt,-SR70S-CZ-55449-3,Libochovice,50.41047,14.054923,train,0,-SR70ST-CZ-55449,,,,CZ,,3,,Europe/Prague,0
czptt,-SR70S-CZ-55453,Závratec,49.877272,15.562552,train,0,,,,,CZ,,,,Europe/Prague,194
czptt,-SR70S-CZ-55459,Dubany,50.398734,14.012593,train,0,,,,,CZ,,,,Europe/Prague,607
czptt,-SR70S-CZ-55464,Žleby zastávka,49.894307,15.489938,train,0,,,,,CZ,,,,Europe/Prague,218
czptt,-SR70S-CZ-55469-1,Chotěšov pod Hazmburkem,50.442019,14.070334,train,0,-SR70ST-CZ-55469,,,,CZ,,1,,Europe/Prague,633
czptt,-SR70S-CZ-55474-1,Žleby,49.890284,15.477323,train,0,-SR70ST-CZ-55474,,,,CZ,,1,,Europe/Prague,218
czptt,-SR70S-CZ-55479,Koštice nad Ohří,50.400428,13.954122,train,0,,,,,CZ,,,,Europe/Prague,607
czptt,-SR70S-CZ-55484-1,Skovice,49.905736,15.460127,train,0,-SR70ST-CZ-55484,,,,CZ,,1,,Europe/Prague,184
czptt,-SR70S-CZ-55484-2,Skovice,49.905736,15.460127,train,0,-SR70ST-CZ-55484,,,,CZ,,2,,Europe/Prague,33
czptt,-SR70S-CZ-55489,Křesín,50.397791,13.981427,train,0,,,,,CZ,,,,Europe/Prague,607
czptt,-SR70S-CZ-55499-1b,Libochovice město,50.407548,14.037285,train,0,-SR70ST-CZ-55499,,,,CZ,,1b,,Europe/Prague,839
czptt,-SR70S-CZ-55509,Pátek,50.376846,13.936393,train,0,,,,,CZ,,,,Europe/Prague,607
czptt,-SR70S-CZ-55510-1,Butoves,50.388114,15.424915,train,0,-SR70ST-CZ-55510,,,,CZ,,1,,Europe/Prague,513
czptt,-SR70S-CZ-55510-2,Butoves,50.388114,15.424915,train,0,-SR70ST-CZ-55510,,,,CZ,,2,,Europe/Prague,0
czptt,-SR70S-CZ-55513-1,Holice,50.06931,15.992534,train,0,-SR70ST-CZ-55513,,,,CZ,,1,,Europe/Prague,144
czptt,-SR70S-CZ-55513-2,Holice,50.06931,15.992534,train,0,-SR70ST-CZ-55513,,,,CZ,,2,,Europe/Prague,3
czptt,-SR70S-CZ-55519-3,Radonice nad Ohří,50.36967,13.91416,train,0,-SR70ST-CZ-55519,,,,CZ,,3,,Europe/Prague,0
czptt,-SR70S-CZ-55520,Vitiněves,50.399263,15.380761,train,0,,,,,CZ,,,,Europe/Prague,513
czptt,-SR70S-CZ-55526,Praha-Komořany,49.990522,14.404355,train,0,,,,,CZ,,,,Europe/Prague,1972
czptt,-SR70S-CZ-55529,Slatina pod Hazmburkem,50.429889,14.060908,train,0,,,,,CZ,,,,Europe/Prague,633
czptt,-SR70S-CZ-55530,Kovač,50.392306,15.469534,train,0,,,,,CZ,,,,Europe/Prague,513
czptt,-SR70S-CZ-55533,Roveň,50.028895,15.969495,train,0,,,,,CZ,,,,Europe/Prague,145
czptt,-SR70S-CZ-55536-1,Praha-Zbraslav,49.969986,14.399714,train,0,-SR70ST-CZ-55536,,,,CZ,,1,,Europe/Prague,1949
czptt,-SR70S-CZ-55536-3,Praha-Zbraslav,49.969986,14.399714,train,0,-SR70ST-CZ-55536,,,,CZ,,3,,Europe/Prague,104
czptt,-SR70S-CZ-55537,hr.VUSC 0100/0200 06,49.967574,14.399426,train,0,,,,,CZ,,,,Europe/Prague,0
czptt,-SR70S-CZ-55539,Slavětín nad Ohří,50.360353,13.90069,train,0,,,,,CZ,,,,Europe/Prague,607
czptt,-SR70S-CZ-55540-1,Ostroměř,50.36898,15.544639,train,0,-SR70ST-CZ-55540,,,,CZ,,1,,Europe/Prague,571
czptt,-SR70S-CZ-55540-2,Ostroměř,50.36898,15.544639,train,0,-SR70ST-CZ-55540,,,,CZ,,2,,Europe/Prague,497
czptt,-SR70S-CZ-55540-3,Ostroměř,50.36898,15.544639,train,0,-SR70ST-CZ-55540,,,,CZ,,3,,Europe/Prague,331
czptt,-SR70S-CZ-55540-4,Ostroměř,50.36898,15.544639,train,0,-SR70ST-CZ-55540,,,,CZ,,4,,Europe/Prague,282
czptt,-SR70S-CZ-55543,Platěnice,50.008934,15.961419,train,0,,,,,CZ,,,,Europe/Prague,143
czptt,-SR70S-CZ-55546-1,Vrané nad Vltavou,49.938556,14.381121,train,0,-SR70ST-CZ-55546,,,,CZ,,1,,Europe/Prague,1185
czptt,-SR70S-CZ-55546-2,Vrané nad Vltavou,49.938556,14.381121,train,0,-SR70ST-CZ-55546,,,,CZ,,2,,Europe/Prague,470
czptt,-SR70S-CZ-55546-4,Vrané nad Vltavou,49.938556,14.381121,train,0,-SR70ST-CZ-55546,,,,CZ,,4,,Europe/Prague,262
czptt,-SR70S-CZ-55549,Úpohlavy,50.465799,14.037605,train,0,,,,,CZ,,,,Europe/Prague,633
czptt,-SR70S-CZ-55550,Vojice,50.384451,15.497915,train,0,,,,,CZ,,,,Europe/Prague,237
czptt,-SR70S-CZ-55553-1,Chrudim město,49.957708,15.793893,train,0,-SR70ST-CZ-55553,,,,CZ,,1,,Europe/Prague,51
czptt,-SR70S-CZ-55553-2,Chrudim město,49.957708,15.793893,train,0,-SR70ST-CZ-55553,,,,CZ,,2,,Europe/Prague,52
czptt,-SR70S-CZ-55556,Dolní Břežany-Jarov,49.947173,14.396929,train,0,,,,,CZ,,,,Europe/Prague,1842
czptt,-SR70S-CZ-55560,Sobčice,50.375352,15.518713,train,0,,,,,CZ,,,,Europe/Prague,513
czptt,-SR70S-CZ-55563,Vejvanovice,49.973019,15.873127,train,0,,,,,CZ,,,,Europe/Prague,102
czptt,-SR70S-CZ-55573-1,Úhřetice,49.97744,15.862251,train,0,-SR70ST-CZ-55573,,,,CZ,,1,,Europe/Prague,102
czptt,-SR70S-CZ-55576-1,Měchenice,49.910913,14.383876,train,0,-SR70ST-CZ-55576,,,,CZ,,1,,Europe/Prague,888
czptt,-SR70S-CZ-55576-3,Měchenice,49.910913,14.383876,train,0,-SR70ST-CZ-55576,,,,CZ,,3,,Europe/Prague,45
czptt,-SR70S-CZ-55580-1,Hořice v Podkrkonoší,50.35622,15.634599,train,0,-SR70ST-CZ-55580,,,,CZ,,1,,Europe/Prague,550
czptt,-SR70S-CZ-55580-3,Hořice v Podkrkonoší,50.35622,15.634599,train,0,-SR70ST-CZ-55580,,,,CZ,,3,,Europe/Prague,152
czptt,-SR70S-CZ-55583,Tuněchody,49.974448,15.849748,train,0,,,,,CZ,,,,Europe/Prague,102
czptt,-SR70S-CZ-55586,Klínec,49.896785,14.359594,train,0,,,,,CZ,,,,Europe/Prague,677
czptt,-SR70S-CZ-55590,Dobrá Voda u Hořic,50.345912,15.609745,train,0,,,,,CZ,,,,Europe/Prague,510
czptt,-SR70S-CZ-55596-1,Čisovice,49.858221,14.319553,train,0,-SR70ST-CZ-55596,,,,CZ,,1,,Europe/Prague,789
czptt,-SR70S-CZ-55596-2,Čisovice,49.858221,14.319553,train,0,-SR70ST-CZ-55596,,,,CZ,,2,,Europe/Prague,139
czptt,-SR70S-CZ-55600,Třebovětice,50.327241,15.703949,train,0,,,,,CZ,,,,Europe/Prague,525
czptt,-SR70S-CZ-55606,Bojov,49.880432,14.348744,train,0,,,,,CZ,,,,Europe/Prague,919
czptt,-SR70S-CZ-55609-1,Děčín-Prostřední Žleb,50.794124,14.231205,train,0,-SR70ST-CZ-55609,,,,CZ,,1,,Europe/Prague,8
czptt,-SR70S-CZ-55609-2,Děčín-Prostřední Žleb,50.794124,14.231205,train,0,-SR70ST-CZ-55609,,,,CZ,,2,,Europe/Prague,8
czptt,-SR70S-CZ-55609-6,Děčín-Prostřední Žleb,50.794124,14.231205,train,0,-SR70ST-CZ-55609,,,,CZ,,6,,Europe/Prague,0
czptt,-SR70S-CZ-55609-7,Děčín-Prostřední Žleb,50.794124,14.231205,train,0,-SR70ST-CZ-55609,,,,CZ,,7,,Europe/Prague,481
czptt,-SR70S-CZ-55610,Jeřice,50.342835,15.676634,train,0,,,,,CZ,,,,Europe/Prague,525
czptt,-SR70S-CZ-55613-1,Hrochův Týnec,49.966375,15.908229,train,0,-SR70ST-CZ-55613,,,,CZ,,1,,Europe/Prague,51
czptt,-SR70S-CZ-55613-2,Hrochův Týnec,49.966375,15.908229,train,0,-SR70ST-CZ-55613,,,,CZ,,2,,Europe/Prague,52
czptt,-SR70S-CZ-55616,Bojanovice,49.868044,14.345563,train,0,,,,,CZ,,,,Europe/Prague,870
czptt,-SR70S-CZ-55619,Děčín-Čertova Voda,50.816691,14.221562,train,0,,,,,CZ,,,,Europe/Prague,509
czptt,-SR70S-CZ-55620,Cerekvice nad Bystřicí,50.325612,15.716693,train,0,,,,,CZ,,,,Europe/Prague,525
czptt,-SR70S-CZ-55623,Bořice,49.980428,15.922265,train,0,,,,,CZ,,,,Europe/Prague,102
czptt,-SR70S-CZ-55626,Rymaně,49.857206,14.281618,train,0,,,,,CZ,,,,Europe/Prague,531
czptt,-SR70S-CZ-55629,Děčín-Přípeř,50.784954,14.209226,train,0,,,,,CZ,,,,Europe/Prague,509
czptt,-SR70S-CZ-55630-1,Sadová,50.295407,15.693807,train,0,-SR70ST-CZ-55630,,,,CZ,,1,,Europe/Prague,537
czptt,-SR70S-CZ-55636-1,Mníšek pod Brdy,49.853801,14.269771,train,0,-SR70ST-CZ-55636,,,,CZ,,1,,Europe/Prague,426
czptt,-SR70S-CZ-55636-3,Mníšek pod Brdy,49.853801,14.269771,train,0,-SR70ST-CZ-55636,,,,CZ,,3,,Europe/Prague,124
czptt,-SR70S-CZ-55639-1,Dolní Žleb,50.846414,14.215129,train,0,-SR70ST-CZ-55639,,,,CZ,,1,,Europe/Prague,270
czptt,-SR70S-CZ-55639-2,Dolní Žleb,50.846414,14.215129,train,0,-SR70ST-CZ-55639,,,,CZ,,2,,Europe/Prague,242
czptt,-SR70S-CZ-55640-1,Hněvčeves,50.312564,15.721829,train,0,-SR70ST-CZ-55640,,,,CZ,,1,,Europe/Prague,4
czptt,-SR70S-CZ-55640-3,Hněvčeves,50.312564,15.721829,train,0,-SR70ST-CZ-55640,,,,CZ,,3,,Europe/Prague,301
czptt,-SR70S-CZ-55640-5,Hněvčeves,50.312564,15.721829,train,0,-SR70ST-CZ-55640,,,,CZ,,5,,Europe/Prague,289
czptt,-SR70S-CZ-55640-8,Hněvčeves,50.312564,15.721829,train,0,-SR70ST-CZ-55640,,,,CZ,,8,,Europe/Prague,6
czptt,-SR70S-CZ-55646-1,Dobříš,49.789909,14.183388,train,0,-SR70ST-CZ-55646,,,,CZ,,1,,Europe/Prague,524
czptt,-SR70S-CZ-55646-2,Dobříš,49.789909,14.183388,train,0,-SR70ST-CZ-55646,,,,CZ,,2,,Europe/Prague,16
czptt,-SR70S-CZ-55646-3,Dobříš,49.789909,14.183388,train,0,-SR70ST-CZ-55646,,,,CZ,,3,,Europe/Prague,10
czptt,-SR70S-CZ-55649,Dolní Žleb zastávka,50.837194,14.223434,train,0,,,,,CZ,,,,Europe/Prague,509
czptt,-SR70S-CZ-55650,Dohalice,50.282962,15.695812,train,0,,,,,CZ,,,,Europe/Prague,537
czptt,-SR70S-CZ-55656,Nová Ves pod Pleší,49.827413,14.270082,train,0,,,,,CZ,,,,Europe/Prague,549
czptt,-SR70S-CZ-55659-1,Děčín hl. n.,50.773459,14.201096,train,0,-SR70ST-CZ-55659,,,,CZ,,1,,Europe/Prague,501
czptt,-SR70S-CZ-55659-10,Děčín hl. n.,50.773459,14.201096,train,0,-SR70ST-CZ-55659,,,,CZ,,10,,Europe/Prague,6
czptt,-SR70S-CZ-55659-107,Děčín hl. n.,50.773459,14.201096,train,0,-SR70ST-CZ-55659,,,,CZ,,107,,Europe/Prague,59
czptt,-SR70S-CZ-55659-12,Děčín hl. n.,50.773459,14.201096,train,0,-SR70ST-CZ-55659,,,,CZ,,12,,Europe/Prague,498
czptt,-SR70S-CZ-55659-2,Děčín hl. n.,50.773459,14.201096,train,0,-SR70ST-CZ-55659,,,,CZ,,2,,Europe/Prague,418
czptt,-SR70S-CZ-55659-3,Děčín hl. n.,50.773459,14.201096,train,0,-SR70ST-CZ-55659,,,,CZ,,3,,Europe/Prague,603
czptt,-SR70S-CZ-55659-3a,Děčín hl. n.,50.773459,14.201096,train,0,-SR70ST-CZ-55659,,,,CZ,,3a,,Europe/Prague,17
czptt,-SR70S-CZ-55659-4,Děčín hl. n.,50.773459,14.201096,train,0,-SR70ST-CZ-55659,,,,CZ,,4,,Europe/Prague,608
czptt,-SR70S-CZ-55659-6,Děčín hl. n.,50.773459,14.201096,train,0,-SR70ST-CZ-55659,,,,CZ,,6,,Europe/Prague,249
czptt,-SR70S-CZ-55659-6a,Děčín hl. n.,50.773459,14.201096,train,0,-SR70ST-CZ-55659,,,,CZ,,6a,,Europe/Prague,307
czptt,-SR70S-CZ-55659-8,Děčín hl. n.,50.773459,14.201096,train,0,-SR70ST-CZ-55659,,,,CZ,,8,,Europe/Prague,9
czptt,-SR70S-CZ-55660-1,Všestary,50.252711,15.764331,train,0,-SR70ST-CZ-55660,,,,CZ,,1,,Europe/Prague,456
czptt,-SR70S-CZ-55660-3,Všestary,50.252711,15.764331,train,0,-SR70ST-CZ-55660,,,,CZ,,3,,Europe/Prague,85
czptt,-SR70S-CZ-55666,Malá Hraštice,49.809495,14.268729,train,0,,,,,CZ,,,,Europe/Prague,472
czptt,-SR70S-CZ-55666-1,Malá Hraštice,49.809495,14.268729,train,0,-SR70ST-CZ-55666,,,,CZ,,1,,Europe/Prague,76
czptt,-SR70S-CZ-55670,Dlouhé Dvory,50.261718,15.725888,train,0,,,,,CZ,,,,Europe/Prague,537
czptt,-SR70S-CZ-55676,Mokrovraty,49.796545,14.236443,train,0,,,,,CZ,,,,Europe/Prague,536
czptt,-SR70S-CZ-55680,Plotiště nad Labem,50.234934,15.792625,train,0,,,,,CZ,,,,Europe/Prague,494
czptt,-SR70S-CZ-55686,Stará Huť,49.785244,14.199179,train,0,,,,,CZ,,,,Europe/Prague,547
czptt,-SR70S-CZ-55689-101,Děčín východ,50.774799,14.223825,train,0,-SR70ST-CZ-55689,,,,CZ,,101,,Europe/Prague,120
czptt,-SR70S-CZ-55689-101a,Děčín východ,50.774799,14.223825,train,0,-SR70ST-CZ-55689,,,,CZ,,101a,,Europe/Prague,0
czptt,-SR70S-CZ-55689-103,Děčín východ,50.774799,14.223825,train,0,-SR70ST-CZ-55689,,,,CZ,,103,,Europe/Prague,78
czptt,-SR70S-CZ-55689-105,Děčín východ,50.774799,14.223825,train,0,-SR70ST-CZ-55689,,,,CZ,,105,,Europe/Prague,1030
czptt,-SR70S-CZ-55690,Libáň,50.356333,15.215489,train,0,,,,,CZ,,,,Europe/Prague,21
czptt,-SR70S-CZ-55696-1,Davle,49.887601,14.398551,train,0,-SR70ST-CZ-55696,,,,CZ,,1,,Europe/Prague,996
czptt,-SR70S-CZ-55696-3,Davle,49.887601,14.398551,train,0,-SR70ST-CZ-55696,,,,CZ,,3,,Europe/Prague,48
czptt,-SR70S-CZ-55700,Ledkov,50.344333,15.235817,train,0,,,,,CZ,,,,Europe/Prague,21
czptt,-SR70S-CZ-55703,Jeníkovice,49.980758,15.656474,train,0,,,,,CZ,,,,Europe/Prague,308
czptt,-SR70S-CZ-55709,Děčín zastávka,50.772834,14.193147,train,0,,,,,CZ,,,,Europe/Prague,61
czptt,-SR70S-CZ-55709-101,Děčín zastávka,50.772834,14.193147,train,0,-SR70ST-CZ-55709,,,,CZ,,101,,Europe/Prague,0
czptt,-SR70S-CZ-55709-102,Děčín zastávka,50.772834,14.193147,train,0,-SR70ST-CZ-55709,,,,CZ,,102,,Europe/Prague,0
czptt,-SR70S-CZ-55710-1,Dětenice,50.373336,15.176669,train,0,-SR70ST-CZ-55710,,,,CZ,,1,,Europe/Prague,10
czptt,-SR70S-CZ-55710-1a,Dětenice,50.373336,15.176669,train,0,-SR70ST-CZ-55710,,,,CZ,,1a,,Europe/Prague,14
czptt,-SR70S-CZ-55710-5,Dětenice,50.373336,15.176669,train,0,-SR70ST-CZ-55710,,,,CZ,,5,,Europe/Prague,0
czptt,-SR70S-CZ-55710-7,Dětenice,50.373336,15.176669,train,0,-SR70ST-CZ-55710,,,,CZ,,7,,Europe/Prague,0
czptt,-SR70S-CZ-55713-1,Heřmanův Městec,49.950984,15.658486,train,0,-SR70ST-CZ-55713,,,,CZ,,1,,Europe/Prague,169
czptt,-SR70S-CZ-55713-2,Heřmanův Městec,49.950984,15.658486,train,0,-SR70ST-CZ-55713,,,,CZ,,2,,Europe/Prague,93
czptt,-SR70S-CZ-55713-3,Heřmanův Městec,49.950984,15.658486,train,0,-SR70ST-CZ-55713,,,,CZ,,3,,Europe/Prague,42
czptt,-SR70S-CZ-55713-3a,Heřmanův Městec,49.950984,15.658486,train,0,-SR70ST-CZ-55713,,,,CZ,,3a,,Europe/Prague,2
czptt,-SR70S-CZ-55713-5,Heřmanův Městec,49.950984,15.658486,train,0,-SR70ST-CZ-55713,,,,CZ,,5,,Europe/Prague,2
czptt,-SR70S-CZ-55716,Petrov-Chlomek,49.876626,14.410555,train,0,,,,,CZ,,,,Europe/Prague,1003
czptt,-SR70S-CZ-55720,Osenice,50.369658,15.163172,train,0,,,,,CZ,,,,Europe/Prague,23
czptt,-SR70S-CZ-55723,Valy u Přelouče zastávka,50.030571,15.613991,train,0,,,,,CZ,,,,Europe/Prague,309
czptt,-SR70S-CZ-55726,Petrov u Prahy,49.879351,14.42852,train,0,,,,,CZ,,,,Europe/Prague,1025
czptt,-SR70S-CZ-55730,Rokytňany,50.368017,15.134058,train,0,,,,,CZ,,,,Europe/Prague,22
czptt,-SR70S-CZ-55733,Veselí u Přelouče,50.016942,15.623329,train,0,,,,,CZ,,,,Europe/Prague,309
czptt,-SR70S-CZ-55736-1,Jílové u Prahy,49.878025,14.499973,train,0,-SR70ST-CZ-55736,,,,CZ,,1,,Europe/Prague,736
czptt,-SR70S-CZ-55736-2,Jílové u Prahy,49.878025,14.499973,train,0,-SR70ST-CZ-55736,,,,CZ,,2,,Europe/Prague,328
czptt,-SR70S-CZ-55739,Dobkovice,50.715977,14.191384,train,0,,,,,CZ,,,,Europe/Prague,600
czptt,-SR70S-CZ-55740,Rabakov,50.380864,15.105008,train,0,,,,,CZ,,,,Europe/Prague,22
czptt,-SR70S-CZ-55743-1,Choltice,49.987923,15.646496,train,0,-SR70ST-CZ-55743,,,,CZ,,1,,Europe/Prague,176
czptt,-SR70S-CZ-55743-2,Choltice,49.987923,15.646496,train,0,-SR70ST-CZ-55743,,,,CZ,,2,,Europe/Prague,6
czptt,-SR70S-CZ-55744,Choltice zastávka,49.989783,15.642285,train,0,,,,,CZ,,,,Europe/Prague,126
czptt,-SR70S-CZ-55746,Luka pod Medníkem,49.865859,14.461726,train,0,,,,,CZ,,,,Europe/Prague,886
czptt,-SR70S-CZ-55749,Choratice,50.723839,14.18608,train,0,,,,,CZ,,,,Europe/Prague,527
czptt,-SR70S-CZ-55756-1,Kamenný Přívoz,49.866969,14.516926,train,0,-SR70ST-CZ-55756,,,,CZ,,1,,Europe/Prague,1045
czptt,-SR70S-CZ-55759,Vilsnice,50.747188,14.180895,train,0,,,,,CZ,,,,Europe/Prague,590
czptt,-SR70S-CZ-55766-1,Krhanice,49.84888,14.553264,train,0,-SR70ST-CZ-55766,,,,CZ,,1,,Europe/Prague,1047
czptt,-SR70S-CZ-55769-1,Povrly,50.67071,14.157209,train,0,-SR70ST-CZ-55769,,,,CZ,,1,,Europe/Prague,316
czptt,-SR70S-CZ-55769-2,Povrly,50.67071,14.157209,train,0,-SR70ST-CZ-55769,,,,CZ,,2,,Europe/Prague,319
czptt,-SR70S-CZ-55769-3,Povrly,50.67071,14.157209,train,0,-SR70ST-CZ-55769,,,,CZ,,3,,Europe/Prague,0
czptt,-SR70S-CZ-55773-1d,Prachovice,49.8927,15.632779,train,0,-SR70ST-CZ-55773,,,,CZ,,1d,,Europe/Prague,0
czptt,-SR70S-CZ-55776,Prosečnice,49.863806,14.532469,train,0,,,,,CZ,,,,Europe/Prague,1031
czptt,-SR70S-CZ-55779,Neštědice,50.670266,14.139869,train,0,,,,,CZ,,,,Europe/Prague,603
czptt,-SR70S-CZ-55780-1,Lomnice nad Popelkou,50.526841,15.374427,train,0,-SR70ST-CZ-55780,,,,CZ,,1,,Europe/Prague,330
czptt,-SR70S-CZ-55780-2,Lomnice nad Popelkou,50.526841,15.374427,train,0,-SR70ST-CZ-55780,,,,CZ,,2,,Europe/Prague,7
czptt,-SR70S-CZ-55783-1a,Kostelec u Heřmanova Městce,49.920879,15.650981,train,0,-SR70ST-CZ-55783,,,,CZ,,1a,,Europe/Prague,0
czptt,-SR70S-CZ-55786-1,Týnec nad Sázavou,49.834101,14.59286,train,0,-SR70ST-CZ-55786,,,,CZ,,1,,Europe/Prague,708
czptt,-SR70S-CZ-55786-2,Týnec nad Sázavou,49.834101,14.59286,train,0,-SR70ST-CZ-55786,,,,CZ,,2,,Europe/Prague,381
czptt,-SR70S-CZ-55786-3,Týnec nad Sázavou,49.834101,14.59286,train,0,-SR70ST-CZ-55786,,,,CZ,,3,,Europe/Prague,3
czptt,-SR70S-CZ-55789,Povrly-Roztoky,50.687565,14.187628,train,0,,,,,CZ,,,,Europe/Prague,527
czptt,-SR70S-CZ-55790,Ústí u Staré Paky,50.51623,15.457439,train,0,,,,,CZ,,,,Europe/Prague,236
czptt,-SR70S-CZ-55796,Chrást nad Sázavou,49.839634,14.576959,train,0,,,,,CZ,,,,Europe/Prague,1031
czptt,-SR70S-CZ-55799,Neštěmice,50.672652,14.106952,train,0,,,,,CZ,,,,Europe/Prague,619
czptt,-SR70S-CZ-55800,Syřenov,50.513481,15.43678,train,0,,,,,CZ,,,,Europe/Prague,235
czptt,-SR70S-CZ-55806-1,Pecerady,49.83363,14.625817,train,0,-SR70ST-CZ-55806,,,,CZ,,1,,Europe/Prague,1012
czptt,-SR70S-CZ-55809,Mojžíř,50.678527,14.126578,train,0,,,,,CZ,,,,Europe/Prague,527
czptt,-SR70S-CZ-55810,Nová Ves nad Popelkou,50.518916,15.40796,train,0,,,,,CZ,,,,Europe/Prague,236
czptt,-SR70S-CZ-55813-2,Humpolec,49.534936,15.348047,train,0,-SR70ST-CZ-55813,,,,CZ,,2,,Europe/Prague,186
czptt,-SR70S-CZ-55816,Poříčí nad Sázavou-Svárov,49.841749,14.652088,train,0,,,,,CZ,,,,Europe/Prague,989
czptt,-SR70S-CZ-55819-1,Prackovice nad Labem,50.573037,14.036401,train,0,-SR70ST-CZ-55819,,,,CZ,,1,,Europe/Prague,396
czptt,-SR70S-CZ-55819-2,Prackovice nad Labem,50.573037,14.036401,train,0,-SR70ST-CZ-55819,,,,CZ,,2,,Europe/Prague,400
czptt,-SR70S-CZ-55819-4,Prackovice nad Labem,50.573037,14.036401,train,0,-SR70ST-CZ-55819,,,,CZ,,4,,Europe/Prague,0
czptt,-SR70S-CZ-55820,Ploužnice,50.514223,15.386789,train,0,,,,,CZ,,,,Europe/Prague,109
czptt,-SR70S-CZ-55823,Plačkov,49.529063,15.398964,train,0,,,,,CZ,,,,Europe/Prague,186
czptt,-SR70S-CZ-55829,Dolní Zálezly,50.596869,14.048234,train,0,,,,,CZ,,,,Europe/Prague,807
czptt,-SR70S-CZ-55830,Kyje u Jičína,50.499957,15.376101,train,0,,,,,CZ,,,,Europe/Prague,101
czptt,-SR70S-CZ-55833,Kamenice u Humpolce,49.524203,15.434943,train,0,,,,,CZ,,,,Europe/Prague,186
czptt,-SR70S-CZ-55839,Litochovice nad Labem,50.558953,14.033284,train,0,,,,,CZ,,,,Europe/Prague,797
czptt,-SR70S-CZ-55840,Cidlina,50.500772,15.336775,train,0,,,,,CZ,,,,Europe/Prague,80
czptt,-SR70S-CZ-55843-1,Herálec,49.525446,15.473468,train,0,-SR70ST-CZ-55843,,,,CZ,,1,,Europe/Prague,166
czptt,-SR70S-CZ-55850,Kněžnice,50.492871,15.320257,train,0,,,,,CZ,,,,Europe/Prague,80
czptt,-SR70S-CZ-55853,Radňov,49.547044,15.509473,train,0,,,,,CZ,,,,Europe/Prague,167
czptt,-SR70S-CZ-55859-1,Lovosice,50.509683,14.059483,train,0,-SR70ST-CZ-55859,,,,CZ,,1,,Europe/Prague,378
czptt,-SR70S-CZ-55859-2,Lovosice,50.509683,14.059483,train,0,-SR70ST-CZ-55859,,,,CZ,,2,,Europe/Prague,314
czptt,-SR70S-CZ-55859-3,Lovosice,50.509683,14.059483,train,0,-SR70ST-CZ-55859,,,,CZ,,3,,Europe/Prague,831
czptt,-SR70S-CZ-55859-4,Lovosice,50.509683,14.059483,train,0,-SR70ST-CZ-55859,,,,CZ,,4,,Europe/Prague,818
czptt,-SR70S-CZ-55859-5,Lovosice,50.509683,14.059483,train,0,-SR70ST-CZ-55859,,,,CZ,,5,,Europe/Prague,0
czptt,-SR70S-CZ-55859-6,Lovosice,50.509683,14.059483,train,0,-SR70ST-CZ-55859,,,,CZ,,6,,Europe/Prague,337
czptt,-SR70S-CZ-55859-7,Lovosice,50.509683,14.059483,train,0,-SR70ST-CZ-55859,,,,CZ,,7,,Europe/Prague,253
czptt,-SR70S-CZ-55859-9,Lovosice,50.509683,14.059483,train,0,-SR70ST-CZ-55859,,,,CZ,,9,,Europe/Prague,45
czptt,-SR70S-CZ-55860-1,Mladějov v Čechách,50.480973,15.226376,train,0,-SR70ST-CZ-55860,,,,CZ,,1,,Europe/Prague,366
czptt,-SR70S-CZ-55860-2,Mladějov v Čechách,50.480973,15.226376,train,0,-SR70ST-CZ-55860,,,,CZ,,2,,Europe/Prague,69
czptt,-SR70S-CZ-55863,Slavníč,49.520745,15.456134,train,0,,,,,CZ,,,,Europe/Prague,186
czptt,-SR70S-CZ-55870,Hrdoňovice,50.49041,15.264439,train,0,,,,,CZ,,,,Europe/Prague,106
czptt,-SR70S-CZ-55879,Lovosice město,50.521389,14.045131,train,0,,,,,CZ,,,,Europe/Prague,840
czptt,-SR70S-CZ-55880-1,Sobotka,50.465453,15.167954,train,0,-SR70ST-CZ-55880,,,,CZ,,1,,Europe/Prague,455
czptt,-SR70S-CZ-55880-3,Sobotka,50.465453,15.167954,train,0,-SR70ST-CZ-55880,,,,CZ,,3,,Europe/Prague,13
czptt,-SR70S-CZ-55889,Lovosice zastávka,50.519488,14.042431,train,0,,,,,CZ,,,,Europe/Prague,164
czptt,-SR70S-CZ-55890,Malechovice,50.493417,15.187411,train,0,,,,,CZ,,,,Europe/Prague,434
czptt,-SR70S-CZ-55899,Malé Žernoseky,50.538916,14.05602,train,0,,,,,CZ,,,,Europe/Prague,807
czptt,-SR70S-CZ-55900,Libošovice,50.486091,15.163509,train,0,,,,,CZ,,,,Europe/Prague,435
czptt,-SR70S-CZ-55901,Řítonice,50.407167,15.110203,train,0,,,,,CZ,,,,Europe/Prague,22
czptt,-SR70S-CZ-55906,Plužiny,49.878455,14.875183,train,0,,,,,CZ,,,,Europe/Prague,465
czptt,-SR70S-CZ-55909-1,Bohušovice nad Ohří,50.491484,14.148394,train,0,-SR70ST-CZ-55909,,,,CZ,,1,,Europe/Prague,463
czptt,-SR70S-CZ-55909-2,Bohušovice nad Ohří,50.491484,14.148394,train,0,-SR70ST-CZ-55909,,,,CZ,,2,,Europe/Prague,522
czptt,-SR70S-CZ-55909-3,Bohušovice nad Ohří,50.491484,14.148394,train,0,-SR70ST-CZ-55909,,,,CZ,,3,,Europe/Prague,53
czptt,-SR70S-CZ-55909-4,Bohušovice nad Ohří,50.491484,14.148394,train,0,-SR70ST-CZ-55909,,,,CZ,,4,,Europe/Prague,63
czptt,-SR70S-CZ-55909-4a,Bohušovice nad Ohří,50.491484,14.148394,train,0,-SR70ST-CZ-55909,,,,CZ,,4a,,Europe/Prague,31
czptt,-SR70S-CZ-55909-5,Bohušovice nad Ohří,50.491484,14.148394,train,0,-SR70ST-CZ-55909,,,,CZ,,5,,Europe/Prague,0
czptt,-SR70S-CZ-55911-1,Dolní Bousov,50.441562,15.132334,train,0,-SR70ST-CZ-55911,,,,CZ,,1,,Europe/Prague,323
czptt,-SR70S-CZ-55911-2,Dolní Bousov,50.441562,15.132334,train,0,-SR70ST-CZ-55911,,,,CZ,,2,,Europe/Prague,99
czptt,-SR70S-CZ-55911-3,Dolní Bousov,50.441562,15.132334,train,0,-SR70ST-CZ-55911,,,,CZ,,3,,Europe/Prague,40
czptt,-SR70S-CZ-55911-4,Dolní Bousov,50.441562,15.132334,train,0,-SR70ST-CZ-55911,,,,CZ,,4,,Europe/Prague,15
czptt,-SR70S-CZ-55916-1,Samechov,49.886129,14.835156,train,0,-SR70ST-CZ-55916,,,,CZ,,1,,Europe/Prague,356
czptt,-SR70S-CZ-55916-2,Samechov,49.886129,14.835156,train,0,-SR70ST-CZ-55916,,,,CZ,,2,,Europe/Prague,62
czptt,-SR70S-CZ-55919,Hrdly,50.485125,14.17426,train,0,,,,,CZ,,,,Europe/Prague,833
czptt,-SR70S-CZ-55921,Domousnice,50.397308,15.106294,train,0,,,,,CZ,,,,Europe/Prague,22
czptt,-SR70S-CZ-55926-1,Hvězdonice,49.872413,14.77202,train,0,-SR70ST-CZ-55926,,,,CZ,,1,,Europe/Prague,397
czptt,-SR70S-CZ-55926-2,Hvězdonice,49.872413,14.77202,train,0,-SR70ST-CZ-55926,,,,CZ,,2,,Europe/Prague,20
czptt,-SR70S-CZ-55929,Lukavec,50.502992,14.092225,train,0,,,,,CZ,,,,Europe/Prague,701
czptt,-SR70S-CZ-55931,Obrubce,50.446479,15.073488,train,0,,,,,CZ,,,,Europe/Prague,2
czptt,-SR70S-CZ-55936,Chocerady,49.869699,14.805583,train,0,,,,,CZ,,,,Europe/Prague,459
czptt,-SR70S-CZ-55939,Nové Kopisty,50.497183,14.120611,train,0,,,,,CZ,,,,Europe/Prague,727
czptt,-SR70S-CZ-55941,Březno u Mladé Boleslavi,50.413569,15.005461,train,0,,,,,CZ,,,,Europe/Prague,452
czptt,-SR70S-CZ-55946,Vlkovec,49.874816,14.814289,train,0,,,,,CZ,,,,Europe/Prague,177
czptt,-SR70S-CZ-55946-1,Vlkovec,49.874816,14.814289,train,0,-SR70ST-CZ-55946,,,,CZ,,1,,Europe/Prague,219
czptt,-SR70S-CZ-55949-1,Hrobce,50.457695,14.229901,train,0,-SR70ST-CZ-55949,,,,CZ,,1,,Europe/Prague,401
czptt,-SR70S-CZ-55949-2,Hrobce,50.457695,14.229901,train,0,-SR70ST-CZ-55949,,,,CZ,,2,,Europe/Prague,424
czptt,-SR70S-CZ-55949-4,Hrobce,50.457695,14.229901,train,0,-SR70ST-CZ-55949,,,,CZ,,4,,Europe/Prague,7
czptt,-SR70S-CZ-55951,Bechov,50.436142,15.08526,train,0,,,,,CZ,,,,Europe/Prague,440
czptt,-SR70S-CZ-55956,Stříbrná Skalice,49.883317,14.857176,train,0,,,,,CZ,,,,Europe/Prague,467
czptt,-SR70S-CZ-55959,Oleško,50.477692,14.194269,train,0,,,,,CZ,,,,Europe/Prague,778
czptt,-SR70S-CZ-55961,Dlouhá Lhota,50.421088,15.039375,train,0,,,,,CZ,,,,Europe/Prague,440
czptt,-SR70S-CZ-55966-1,Sázava,49.875179,14.906241,train,0,-SR70ST-CZ-55966,,,,CZ,,1,,Europe/Prague,472
czptt,-SR70S-CZ-55966-2,Sázava,49.875179,14.906241,train,0,-SR70ST-CZ-55966,,,,CZ,,2,,Europe/Prague,64
czptt,-SR70S-CZ-55966-4,Sázava,49.875179,14.906241,train,0,-SR70ST-CZ-55966,,,,CZ,,4,,Europe/Prague,21
czptt,-SR70S-CZ-55971,Kolomuty,50.406624,14.97792,train,0,,,,,CZ,,,,Europe/Prague,246
czptt,-SR70S-CZ-55971-1,Kolomuty,50.406624,14.97792,train,0,-SR70ST-CZ-55971,,,,CZ,,1,,Europe/Prague,193
czptt,-SR70S-CZ-55976,Sázava zastávka,49.869207,14.893207,train,0,,,,,CZ,,,,Europe/Prague,465
czptt,-SR70S-CZ-55981,Řepov,50.40691,14.955566,train,0,,,,,CZ,,,,Europe/Prague,481
czptt,-SR70S-CZ-55986,Samopše,49.86092,14.916398,train,0,,,,,CZ,,,,Europe/Prague,397
czptt,-SR70S-CZ-55991,Mladá Boleslav město,50.418815,14.917561,train,0,,,,,CZ,,,,Europe/Prague,1
czptt,-SR70S-CZ-55991-1,Mladá Boleslav město,50.418815,14.917561,train,0,-SR70ST-CZ-55991,,,,CZ,,1,,Europe/Prague,1063
czptt,-SR70S-CZ-55991-3,Mladá Boleslav město,50.418815,14.917561,train,0,-SR70ST-CZ-55991,,,,CZ,,3,,Europe/Prague,375
czptt,-SR70S-CZ-55991-3a,Mladá Boleslav město,50.418815,14.917561,train,0,-SR70ST-CZ-55991,,,,CZ,,3a,,Europe/Prague,0
czptt,-SR70S-CZ-56006-1,Ledečko,49.847343,14.932248,train,0,-SR70ST-CZ-56006,,,,CZ,,1,,Europe/Prague,361
czptt,-SR70S-CZ-56006-2,Ledečko,49.847343,14.932248,train,0,-SR70ST-CZ-56006,,,,CZ,,2,,Europe/Prague,166
czptt,-SR70S-CZ-56006-4,Ledečko,49.847343,14.932248,train,0,-SR70ST-CZ-56006,,,,CZ,,4,,Europe/Prague,102
czptt,-SR70S-CZ-56006-6,Ledečko,49.847343,14.932248,train,0,-SR70ST-CZ-56006,,,,CZ,,6,,Europe/Prague,48
czptt,-SR70S-CZ-56009-1,Boletice nad Labem,50.733739,14.187861,train,0,-SR70ST-CZ-56009,,,,CZ,,1,,Europe/Prague,80
czptt,-SR70S-CZ-56009-2,Boletice nad Labem,50.733739,14.187861,train,0,-SR70ST-CZ-56009,,,,CZ,,2,,Europe/Prague,81
czptt,-SR70S-CZ-56011-1,Skalsko,50.432163,14.755489,train,0,-SR70ST-CZ-56011,,,,CZ,,1,,Europe/Prague,183
czptt,-SR70S-CZ-56011-2,Skalsko,50.432163,14.755489,train,0,-SR70ST-CZ-56011,,,,CZ,,2,,Europe/Prague,1
czptt,-SR70S-CZ-56016,Rataje nad Sázavou zastávka,49.844494,14.947983,train,0,,,,,CZ,,,,Europe/Prague,376
czptt,-SR70S-CZ-56019,Děčín-Staré Město,50.766519,14.214674,train,0,,,,,CZ,,,,Europe/Prague,162
czptt,-SR70S-CZ-56021,Rohatsko,50.437105,15.107404,train,0,,,,,CZ,,,,Europe/Prague,440
czptt,-SR70S-CZ-56026,Rataje nad Sázavou-Ivaň,49.83996,14.941504,train,0,,,,,CZ,,,,Europe/Prague,374
czptt,-SR70S-CZ-56031,Bukovno,50.443404,14.833328,train,0,,,,,CZ,,,,Europe/Prague,231
czptt,-SR70S-CZ-56036,Malovidy,49.822069,14.931584,train,0,,,,,CZ,,,,Europe/Prague,314
czptt,-SR70S-CZ-56039,Křešice u Děčína,50.757047,14.204166,train,0,,,,,CZ,,,,Europe/Prague,162
czptt,-SR70S-CZ-56041,Líny,50.446148,14.810376,train,0,,,,,CZ,,,,Europe/Prague,231
czptt,-SR70S-CZ-56046-1,Český Šternberk,49.813619,14.935552,train,0,-SR70ST-CZ-56046,,,,CZ,,1,,Europe/Prague,358
czptt,-SR70S-CZ-56051,Katusice,50.442838,14.777056,train,0,,,,,CZ,,,,Europe/Prague,0
czptt,-SR70S-CZ-56051-1,Katusice,50.442838,14.777056,train,0,-SR70ST-CZ-56051,,,,CZ,,1,,Europe/Prague,161
czptt,-SR70S-CZ-56051-2,Katusice,50.442838,14.777056,train,0,-SR70ST-CZ-56051,,,,CZ,,2,,Europe/Prague,69
czptt,-SR70S-CZ-56056,Český Šternberk zastávka,49.808556,14.929769,train,0,,,,,CZ,,,,Europe/Prague,368
czptt,-SR70S-CZ-56059-1,Velké Březno,50.664244,14.146279,train,0,-SR70ST-CZ-56059,,,,CZ,,1,,Europe/Prague,111
czptt,-SR70S-CZ-56059-2,Velké Březno,50.664244,14.146279,train,0,-SR70ST-CZ-56059,,,,CZ,,2,,Europe/Prague,100
czptt,-SR70S-CZ-56061,Sudoměř u Mladé Boleslavi,50.437908,14.744697,train,0,,,,,CZ,,,,Europe/Prague,136
czptt,-SR70S-CZ-56061-1,Sudoměř u Mladé Boleslavi,50.437908,14.744697,train,0,-SR70ST-CZ-56061,,,,CZ,,1,,Europe/Prague,82
czptt,-SR70S-CZ-56066-1,Kácov,49.786871,15.018535,train,0,-SR70ST-CZ-56066,,,,CZ,,1,,Europe/Prague,349
czptt,-SR70S-CZ-56066-3,Kácov,49.786871,15.018535,train,0,-SR70ST-CZ-56066,,,,CZ,,3,,Europe/Prague,120
czptt,-SR70S-CZ-56071,Trnová,50.444591,14.718814,train,0,,,,,CZ,,,,Europe/Prague,214
czptt,-SR70S-CZ-56076,Soběšín,49.789719,14.959406,train,0,,,,,CZ,,,,Europe/Prague,321
czptt,-SR70S-CZ-56081-1,Vrátno,50.443099,14.686744,train,0,-SR70ST-CZ-56081,,,,CZ,,1,,Europe/Prague,218
czptt,-SR70S-CZ-56086,Vranice,49.789864,14.986305,train,0,,,,,CZ,,,,Europe/Prague,314
czptt,-SR70S-CZ-56091-1,Mšeno,50.435782,14.640801,train,0,-SR70ST-CZ-56091,,,,CZ,,1,,Europe/Prague,132
czptt,-SR70S-CZ-56091-2,Mšeno,50.435782,14.640801,train,0,-SR70ST-CZ-56091,,,,CZ,,2,,Europe/Prague,125
czptt,-SR70S-CZ-56096,Kácov zastávka,49.775795,15.030935,train,0,,,,,CZ,,,,Europe/Prague,420
czptt,-SR70S-CZ-56101,Skramouš,50.442926,14.664318,train,0,,,,,CZ,,,,Europe/Prague,213
czptt,-SR70S-CZ-56106,Střechov nad Sázavou,49.76027,15.021957,train,0,,,,,CZ,,,,Europe/Prague,408
czptt,-SR70S-CZ-56111,Kanina,50.415756,14.614801,train,0,,,,,CZ,,,,Europe/Prague,193
czptt,-SR70S-CZ-56116,Čížov,49.752008,15.048626,train,0,,,,,CZ,,,,Europe/Prague,408
czptt,-SR70S-CZ-56119,Malé Březno nad Labem,50.671702,14.168387,train,0,,,,,CZ,,,,Europe/Prague,162
czptt,-SR70S-CZ-56121,Živonín,50.394103,14.613014,train,0,,,,,CZ,,,,Europe/Prague,181
czptt,-SR70S-CZ-56126,Chabeřice,49.749518,15.062667,train,0,,,,,CZ,,,,Europe/Prague,408
czptt,-SR70S-CZ-56131,Nebužely,50.386232,14.589646,train,0,,,,,CZ,,,,Europe/Prague,181
czptt,-SR70S-CZ-56136-1,Zruč n.S.,49.738455,15.103986,train,0,-SR70ST-CZ-56136,,,,CZ,,1,,Europe/Prague,255
czptt,-SR70S-CZ-56136-2,Zruč n.S.,49.738455,15.103986,train,0,-SR70ST-CZ-56136,,,,CZ,,2,,Europe/Prague,252
czptt,-SR70S-CZ-56136-3,Zruč n.S.,49.738455,15.103986,train,0,-SR70ST-CZ-56136,,,,CZ,,3,,Europe/Prague,154
czptt,-SR70S-CZ-56136-5,Zruč n.S.,49.738455,15.103986,train,0,-SR70ST-CZ-56136,,,,CZ,,5,,Europe/Prague,175
czptt,-SR70S-CZ-56141-1,Lhotka u Mělníka,50.382107,14.541869,train,0,-SR70ST-CZ-56141,,,,CZ,,1,,Europe/Prague,92
czptt,-SR70S-CZ-56141-3,Lhotka u Mělníka,50.382107,14.541869,train,0,-SR70ST-CZ-56141,,,,CZ,,3,,Europe/Prague,100
czptt,-SR70S-CZ-56146,Zruč nad Sázavou zastávka,49.742935,15.085517,train,0,,,,,CZ,,,,Europe/Prague,447
czptt,-SR70S-CZ-56149,Svádov,50.663243,14.103544,train,0,,,,,CZ,,,,Europe/Prague,211
czptt,-SR70S-CZ-56151,Lhotka u Mělníka zastávka,50.373468,14.550912,train,0,,,,,CZ,,,,Europe/Prague,183
czptt,-SR70S-CZ-56156,Horka nad Sázavou,49.738835,15.12882,train,0,,,,,CZ,,,,Europe/Prague,346
czptt,-SR70S-CZ-56159,Těchlovice,50.699814,14.203144,train,0,,,,,CZ,,,,Europe/Prague,162
czptt,-SR70S-CZ-56161,Hleďsebe,50.363752,14.56247,train,0,,,,,CZ,,,,Europe/Prague,181
czptt,-SR70S-CZ-56166,Laziště,49.72969,15.159128,train,0,,,,,CZ,,,,Europe/Prague,345
czptt,-SR70S-CZ-56171,Mělnická Vrutice,50.344296,14.546496,train,0,,,,,CZ,,,,Europe/Prague,181
czptt,-SR70S-CZ-56176-1,Vlastějovice,49.7288,15.171925,train,0,-SR70ST-CZ-56176,,,,CZ,,1,,Europe/Prague,347
czptt,-SR70S-CZ-56179,Valtířov,50.672449,14.122122,train,0,,,,,CZ,,,,Europe/Prague,211
czptt,-SR70S-CZ-56181,Velký Borek,50.346632,14.515763,train,0,,,,,CZ,,,,Europe/Prague,181
czptt,-SR70S-CZ-56186,Budčice,49.722474,15.184635,train,0,,,,,CZ,,,,Europe/Prague,293
czptt,-SR70S-CZ-56191-1,Dobrovice,50.355548,14.939516,train,0,-SR70ST-CZ-56191,,,,CZ,,1,,Europe/Prague,126
czptt,-SR70S-CZ-56191-2,Dobrovice,50.355548,14.939516,train,0,-SR70ST-CZ-56191,,,,CZ,,2,,Europe/Prague,115
czptt,-SR70S-CZ-56195-1,Ledeč n.S.,49.698375,15.269711,train,0,-SR70ST-CZ-56195,,,,CZ,,1,,Europe/Prague,82
czptt,-SR70S-CZ-56195-2,Ledeč n.S.,49.698375,15.269711,train,0,-SR70ST-CZ-56195,,,,CZ,,2,,Europe/Prague,366
czptt,-SR70S-CZ-56195-4,Ledeč n.S.,49.698375,15.269711,train,0,-SR70ST-CZ-56195,,,,CZ,,4,,Europe/Prague,115
czptt,-SR70S-CZ-56199,Česká Lípa-Holý vrch,50.682379,14.522887,train,0,,,,,CZ,,,,Europe/Prague,369
czptt,-SR70S-CZ-56201,Nepřevázka,50.37413,14.911337,train,0,,,,,CZ,,,,Europe/Prague,238
czptt,-SR70S-CZ-56205,Chřenovice,49.71255,15.194992,train,0,,,,,CZ,,,,Europe/Prague,387
czptt,-SR70S-CZ-56209-1,Benešov n.Pl.,50.738307,14.304875,train,0,-SR70ST-CZ-56209,,,,CZ,,1,,Europe/Prague,348
czptt,-SR70S-CZ-56209-1a,Benešov n.Pl.,50.738307,14.304875,train,0,-SR70ST-CZ-56209,,,,CZ,,1a,,Europe/Prague,48
czptt,-SR70S-CZ-56209-2,Benešov n.Pl.,50.738307,14.304875,train,0,-SR70ST-CZ-56209,,,,CZ,,2,,Europe/Prague,472
czptt,-SR70S-CZ-56209-3,Benešov n.Pl.,50.738307,14.304875,train,0,-SR70ST-CZ-56209,,,,CZ,,3,,Europe/Prague,240
czptt,-SR70S-CZ-56209-3a,Benešov n.Pl.,50.738307,14.304875,train,0,-SR70ST-CZ-56209,,,,CZ,,3a,,Europe/Prague,0
czptt,-SR70S-CZ-56211,Voděrady,50.336539,14.947244,train,0,,,,,CZ,,,,Europe/Prague,242
czptt,-SR70S-CZ-56215,Chřenovice-Podhradí,49.707781,15.235236,train,0,,,,,CZ,,,,Europe/Prague,387
czptt,-SR70S-CZ-56219,Březiny u Děčína,50.760973,14.244161,train,0,,,,,CZ,,,,Europe/Prague,490
czptt,-SR70S-CZ-56225,Horní Ledeč,49.695954,15.28335,train,0,,,,,CZ,,,,Europe/Prague,259
czptt,-SR70S-CZ-56226,Hodkov zastávka,49.777671,15.154049,train,0,,,,,CZ,,,,Europe/Prague,143
czptt,-SR70S-CZ-56228,"vl. v km 26,631",50.799458,14.436333,train,0,,,,,CZ,,,,Europe/Prague,0
czptt,-SR70S-CZ-56229,Malá Veleň,50.742272,14.272568,train,0,,,,,CZ,,,,Europe/Prague,490
czptt,-SR70S-CZ-56231-1,Čachovice,50.272376,14.948893,train,0,-SR70ST-CZ-56231,,,,CZ,,1,,Europe/Prague,18
czptt,-SR70S-CZ-56231-1a,Čachovice,50.272376,14.948893,train,0,-SR70ST-CZ-56231,,,,CZ,,1a,,Europe/Prague,250
czptt,-SR70S-CZ-56235,Vilémovice,49.684355,15.308824,train,0,,,,,CZ,,,,Europe/Prague,259
czptt,-SR70S-CZ-56236,Štipoklasy,49.827946,15.207744,train,0,,,,,CZ,,,,Europe/Prague,275
czptt,-SR70S-CZ-56239-1,Františkov nad Ploučnicí,50.724008,14.331801,train,0,-SR70ST-CZ-56239,,,,CZ,,1,,Europe/Prague,417
czptt,-SR70S-CZ-56239-3,Františkov nad Ploučnicí,50.724008,14.331801,train,0,-SR70ST-CZ-56239,,,,CZ,,3,,Europe/Prague,15
czptt,-SR70S-CZ-56241,Všejany,50.25696,14.957698,train,0,,,,,CZ,,,,Europe/Prague,269
czptt,-SR70S-CZ-56245,Stvořidla,49.670639,15.319289,train,0,,,,,CZ,,,,Europe/Prague,259
czptt,-SR70S-CZ-56246,Předbořice,49.855448,15.224351,train,0,,,,,CZ,,,,Europe/Prague,275
czptt,-SR70S-CZ-56249-1,Horní Police,50.70613,14.40004,train,0,-SR70ST-CZ-56249,,,,CZ,,1,,Europe/Prague,431
czptt,-SR70S-CZ-56249-2,Horní Police,50.70613,14.40004,train,0,-SR70ST-CZ-56249,,,,CZ,,2,,Europe/Prague,0
czptt,-SR70S-CZ-56249-4,Horní Police,50.70613,14.40004,train,0,-SR70ST-CZ-56249,,,,CZ,,4,,Europe/Prague,0
czptt,-SR70S-CZ-56251-1,Straky,50.240042,14.989356,train,0,-SR70ST-CZ-56251,,,,CZ,,1,,Europe/Prague,0
czptt,-SR70S-CZ-56255,Smrčná,49.660631,15.349042,train,0,,,,,CZ,,,,Europe/Prague,259
czptt,-SR70S-CZ-56256,Krasoňovice,49.877309,15.224462,train,0,,,,,CZ,,,,Europe/Prague,204
czptt,-SR70S-CZ-56259,Starý Šachov,50.720759,14.374828,train,0,,,,,CZ,,,,Europe/Prague,431
czptt,-SR70S-CZ-56261-1,Křinec,50.266003,15.143617,train,0,-SR70ST-CZ-56261,,,,CZ,,1,,Europe/Prague,234
czptt,-SR70S-CZ-56261-2,Křinec,50.266003,15.143617,train,0,-SR70ST-CZ-56261,,,,CZ,,2,,Europe/Prague,140
czptt,-SR70S-CZ-56261-3,Křinec,50.266003,15.143617,train,0,-SR70ST-CZ-56261,,,,CZ,,3,,Europe/Prague,9
czptt,-SR70S-CZ-56261-4,Křinec,50.266003,15.143617,train,0,-SR70ST-CZ-56261,,,,CZ,,4,,Europe/Prague,7
czptt,-SR70S-CZ-56266-1,Zbraslavice,49.815573,15.188719,train,0,-SR70ST-CZ-56266,,,,CZ,,1,,Europe/Prague,161
czptt,-SR70S-CZ-56266-2,Zbraslavice,49.815573,15.188719,train,0,-SR70ST-CZ-56266,,,,CZ,,2,,Europe/Prague,93
czptt,-SR70S-CZ-56269-1,Stružnice,50.698312,14.449908,train,0,-SR70ST-CZ-56269,,,,CZ,,1,,Europe/Prague,432
czptt,-SR70S-CZ-56269-3,Stružnice,50.698312,14.449908,train,0,-SR70ST-CZ-56269,,,,CZ,,3,,Europe/Prague,0
czptt,-SR70S-CZ-56271-1,Rožďalovice,50.299171,15.180313,train,0,-SR70ST-CZ-56271,,,,CZ,,1,,Europe/Prague,370
czptt,-SR70S-CZ-56271-3,Rožďalovice,50.299171,15.180313,train,0,-SR70ST-CZ-56271,,,,CZ,,3,,Europe/Prague,11
czptt,-SR70S-CZ-56276,Želivec,49.755241,15.140912,train,0,,,,,CZ,,,,Europe/Prague,210
czptt,-SR70S-CZ-56279-1,Markvartice,50.771965,14.345438,train,0,-SR70ST-CZ-56279,,,,CZ,,1,,Europe/Prague,167
czptt,-SR70S-CZ-56279-2,Markvartice,50.771965,14.345438,train,0,-SR70ST-CZ-56279,,,,CZ,,2,,Europe/Prague,112
czptt,-SR70S-CZ-56281,Ledečky,50.284204,15.186007,train,0,,,,,CZ,,,,Europe/Prague,355
czptt,-SR70S-CZ-56286,Hodkov,49.785671,15.163787,train,0,,,,,CZ,,,,Europe/Prague,143
czptt,-SR70S-CZ-56289,Dolní Habartice,50.750275,14.335907,train,0,,,,,CZ,,,,Europe/Prague,272
czptt,-SR70S-CZ-56290,Mlýnec,50.31767,15.220739,train,0,,,,,CZ,,,,Europe/Prague,259
czptt,-SR70S-CZ-56291,Jíkev,50.23915,15.051819,train,0,,,,,CZ,,,,Europe/Prague,228
czptt,-SR70S-CZ-56296,Černíny,49.840833,15.215937,train,0,,,,,CZ,,,,Europe/Prague,275
czptt,-SR70S-CZ-56299-1,Česká Kamenice,50.79583,14.414024,train,0,-SR70ST-CZ-56299,,,,CZ,,1,,Europe/Prague,233
czptt,-SR70S-CZ-56299-2,Česká Kamenice,50.79583,14.414024,train,0,-SR70ST-CZ-56299,,,,CZ,,2,,Europe/Prague,53
czptt,-SR70S-CZ-56299-3,Česká Kamenice,50.79583,14.414024,train,0,-SR70ST-CZ-56299,,,,CZ,,3,,Europe/Prague,52
czptt,-SR70S-CZ-56300-1,Kopidlno,50.333966,15.260438,train,0,-SR70ST-CZ-56300,,,,CZ,,1,,Europe/Prague,275
czptt,-SR70S-CZ-56300-2,Kopidlno,50.333966,15.260438,train,0,-SR70ST-CZ-56300,,,,CZ,,2,,Europe/Prague,54
czptt,-SR70S-CZ-56300-3,Kopidlno,50.333966,15.260438,train,0,-SR70ST-CZ-56300,,,,CZ,,3,,Europe/Prague,36
czptt,-SR70S-CZ-56301,Oskořínek,50.241669,15.086067,train,0,,,,,CZ,,,,Europe/Prague,365
czptt,-SR70S-CZ-56305,Týniště,49.886056,15.235336,train,0,,,,,CZ,,,,Europe/Prague,201
czptt,-SR70S-CZ-56306-1,Malešov,49.907284,15.230925,train,0,-SR70ST-CZ-56306,,,,CZ,,1,,Europe/Prague,236
czptt,-SR70S-CZ-56306-2,Malešov,49.907284,15.230925,train,0,-SR70ST-CZ-56306,,,,CZ,,2,,Europe/Prague,63
czptt,-SR70S-CZ-56309,Horní Kamenice,50.799474,14.436267,train,0,,,,,CZ,,,,Europe/Prague,231
czptt,-SR70S-CZ-56310,Pševes,50.345218,15.295629,train,0,,,,,CZ,,,,Europe/Prague,253
czptt,-SR70S-CZ-56319,Veselé pod Rabštejnem,50.794433,14.362876,train,0,,,,,CZ,,,,Europe/Prague,263
czptt,-SR70S-CZ-56320-1a,Žitětín,50.361117,15.324575,train,0,-SR70ST-CZ-56320,,,,CZ,,1a,,Europe/Prague,247
czptt,-SR70S-CZ-56326,Bahno,49.865368,15.220564,train,0,,,,,CZ,,,,Europe/Prague,275
czptt,-SR70S-CZ-56329-1,Kamenický Šenov nz,50.780942,14.468154,train,0,-SR70ST-CZ-56329,,,,CZ,,1,,Europe/Prague,50
czptt,-SR70S-CZ-56329-3,Kamenický Šenov nz,50.780942,14.468154,train,0,-SR70ST-CZ-56329,,,,CZ,,3,,Europe/Prague,3
czptt,-SR70S-CZ-56330,Jičíněves,50.373903,15.336608,train,0,,,,,CZ,,,,Europe/Prague,298
czptt,-SR70S-CZ-56336,Bykáň,49.891646,15.240067,train,0,,,,,CZ,,,,Europe/Prague,287
czptt,-SR70S-CZ-56339,Žandov,50.712058,14.389816,train,0,,,,,CZ,,,,Europe/Prague,432
czptt,-SR70S-CZ-56340,Nemyčeves,50.387272,15.360487,train,0,,,,,CZ,,,,Europe/Prague,247
czptt,-SR70S-CZ-56346-1,Kutná Hora město,49.949884,15.277333,train,0,-SR70ST-CZ-56346,,,,CZ,,1,,Europe/Prague,390
czptt,-SR70S-CZ-56346-2,Kutná Hora město,49.949884,15.277333,train,0,-SR70ST-CZ-56346,,,,CZ,,2,,Europe/Prague,223
czptt,-SR70S-CZ-56346-5,Kutná Hora město,49.949884,15.277333,train,0,-SR70ST-CZ-56346,,,,CZ,,5,,Europe/Prague,13
czptt,-SR70S-CZ-56350-1,Staré Místo u Jičína,50.40607,15.353003,train,0,-SR70ST-CZ-56350,,,,CZ,,1,,Europe/Prague,208
czptt,-SR70S-CZ-56356,Poličany,49.923698,15.258538,train,0,,,,,CZ,,,,Europe/Prague,301
czptt,-SR70S-CZ-56360,Bartoušov zastávka,50.355046,15.31113,train,0,,,,,CZ,,,,Europe/Prague,258
czptt,-SR70S-CZ-56361-1,Městec Králové,50.210646,15.300216,train,0,-SR70ST-CZ-56361,,,,CZ,,1,,Europe/Prague,271
czptt,-SR70S-CZ-56361-3,Městec Králové,50.210646,15.300216,train,0,-SR70ST-CZ-56361,,,,CZ,,3,,Europe/Prague,3
czptt,-SR70S-CZ-56366,Kutná Hora předměstí,49.937239,15.267727,train,0,,,,,CZ,,,,Europe/Prague,301
czptt,-SR70S-CZ-56371,Svídnice,50.268461,15.192771,train,0,,,,,CZ,,,,Europe/Prague,7
czptt,-SR70S-CZ-56376,Kutná Hora-Sedlec,49.957645,15.290328,train,0,,,,,CZ,,,,Europe/Prague,630
czptt,-SR70S-CZ-56381-1,Dymokury,50.255945,15.215457,train,0,-SR70ST-CZ-56381,,,,CZ,,1,,Europe/Prague,7
czptt,-SR70S-CZ-56386-1,Uhlířské Janovice,49.881969,15.05958,train,0,-SR70ST-CZ-56386,,,,CZ,,1,,Europe/Prague,256
czptt,-SR70S-CZ-56386-2,Uhlířské Janovice,49.881969,15.05958,train,0,-SR70ST-CZ-56386,,,,CZ,,2,,Europe/Prague,115
czptt,-SR70S-CZ-56390,Zachrašťany,50.214277,15.489862,train,0,,,,,CZ,,,,Europe/Prague,134
czptt,-SR70S-CZ-56391,Činěves,50.243764,15.233042,train,0,,,,,CZ,,,,Europe/Prague,7
czptt,-SR70S-CZ-56396,Rataje nad Sázavou,49.843713,14.950816,train,0,,,,,CZ,,,,Europe/Prague,238
czptt,-SR70S-CZ-56401,Běrunice,50.185947,15.341246,train,0,,,,,CZ,,,,Europe/Prague,272
czptt,-SR70S-CZ-56406,Rataje nad Sázavou předměstí,49.849666,14.978414,train,0,,,,,CZ,,,,Europe/Prague,175
czptt,-SR70S-CZ-56406-1,Rataje nad Sázavou předměstí,49.849666,14.978414,train,0,-SR70ST-CZ-56406,,,,CZ,,1,,Europe/Prague,59
czptt,-SR70S-CZ-56410,Slibovice,50.17509,15.36671,train,0,,,,,CZ,,,,Europe/Prague,267
czptt,-SR70S-CZ-56416,Mirošovice u Rataj nad Sázavou,49.86032,15.004793,train,0,,,,,CZ,,,,Europe/Prague,236
czptt,-SR70S-CZ-56419-1,Mlýny,50.8116,14.497752,train,0,-SR70ST-CZ-56419,,,,CZ,,1,,Europe/Prague,221
czptt,-SR70S-CZ-56419-2,Mlýny,50.8116,14.497752,train,0,-SR70ST-CZ-56419,,,,CZ,,2,,Europe/Prague,0
czptt,-SR70S-CZ-56419-2a,Mlýny,50.8116,14.497752,train,0,-SR70ST-CZ-56419,,,,CZ,,2a,,Europe/Prague,15
czptt,-SR70S-CZ-56420,Lovčice obec,50.170439,15.382321,train,0,,,,,CZ,,,,Europe/Prague,272
czptt,-SR70S-CZ-56426,Mitrov,49.865761,15.048422,train,0,,,,,CZ,,,,Europe/Prague,236
czptt,-SR70S-CZ-56429,Kytlice,50.814815,14.533598,train,0,,,,,CZ,,,,Europe/Prague,236
czptt,-SR70S-CZ-56430-1,Nový Bydžov,50.244814,15.485812,train,0,-SR70ST-CZ-56430,,,,CZ,,1,,Europe/Prague,1058
czptt,-SR70S-CZ-56430-2,Nový Bydžov,50.244814,15.485812,train,0,-SR70ST-CZ-56430,,,,CZ,,2,,Europe/Prague,14
czptt,-SR70S-CZ-56436,Chmeliště,49.895786,15.056298,train,0,,,,,CZ,,,,Europe/Prague,125
czptt,-SR70S-CZ-56436-1,Chmeliště,49.895786,15.056298,train,0,-SR70ST-CZ-56436,,,,CZ,,1,,Europe/Prague,189
czptt,-SR70S-CZ-56440,Luková,50.190024,15.486915,train,0,,,,,CZ,,,,Europe/Prague,114
czptt,-SR70S-CZ-56446,Hatě,49.913882,15.058014,train,0,,,,,CZ,,,,Europe/Prague,313
czptt,-SR70S-CZ-56449,Jiříkov-Filipov,50.987967,14.577428,train,0,,,,,CZ,,,,Europe/Prague,4
czptt,-SR70S-CZ-56450,Skřivany,50.271932,15.498796,train,0,,,,,CZ,,,,Europe/Prague,704
czptt,-SR70S-CZ-56456-1,Bečváry,49.955996,15.071101,train,0,-SR70ST-CZ-56456,,,,CZ,,1,,Europe/Prague,285
czptt,-SR70S-CZ-56456-3,Bečváry,49.955996,15.071101,train,0,-SR70ST-CZ-56456,,,,CZ,,3,,Europe/Prague,29
czptt,-SR70S-CZ-56459-1,Rumburk,50.956829,14.550427,train,0,-SR70ST-CZ-56459,,,,CZ,,1,,Europe/Prague,439
czptt,-SR70S-CZ-56459-3,Rumburk,50.956829,14.550427,train,0,-SR70ST-CZ-56459,,,,CZ,,3,,Europe/Prague,795
czptt,-SR70S-CZ-56459-5,Rumburk,50.956829,14.550427,train,0,-SR70ST-CZ-56459,,,,CZ,,5,,Europe/Prague,234
czptt,-SR70S-CZ-56459-9,Rumburk,50.956829,14.550427,train,0,-SR70ST-CZ-56459,,,,CZ,,9,,Europe/Prague,0
czptt,-SR70S-CZ-56460-1,Smidary,50.295044,15.495484,train,0,-SR70ST-CZ-56460,,,,CZ,,1,,Europe/Prague,863
czptt,-SR70S-CZ-56466,Drahobudice,49.936535,15.062512,train,0,,,,,CZ,,,,Europe/Prague,314
czptt,-SR70S-CZ-56469,Brtníky,50.951841,14.438618,train,0,,,,,CZ,,,,Europe/Prague,118
czptt,-SR70S-CZ-56470,Ohnišťany,50.333624,15.507032,train,0,,,,,CZ,,,,Europe/Prague,1047
czptt,-SR70S-CZ-56476-1,Ratboř,49.981492,15.160285,train,0,-SR70ST-CZ-56476,,,,CZ,,1,,Europe/Prague,206
czptt,-SR70S-CZ-56476-2,Ratboř,49.981492,15.160285,train,0,-SR70ST-CZ-56476,,,,CZ,,2,,Europe/Prague,109
czptt,-SR70S-CZ-56479,Dolní Křečany,50.956382,14.518708,train,0,,,,,CZ,,,,Europe/Prague,39
czptt,-SR70S-CZ-56480-1,Lázně Bělohrad,50.426226,15.577271,train,0,-SR70ST-CZ-56480,,,,CZ,,1,,Europe/Prague,858
czptt,-SR70S-CZ-56480-2,Lázně Bělohrad,50.426226,15.577271,train,0,-SR70ST-CZ-56480,,,,CZ,,2,,Europe/Prague,22
czptt,-SR70S-CZ-56486,Pučery,49.967373,15.106045,train,0,,,,,CZ,,,,Europe/Prague,313
czptt,-SR70S-CZ-56489-1,Panský,50.948627,14.461883,train,0,-SR70ST-CZ-56489,,,,CZ,,1,,Europe/Prague,39
czptt,-SR70S-CZ-56489-2,Panský,50.948627,14.461883,train,0,-SR70ST-CZ-56489,,,,CZ,,2,,Europe/Prague,78
czptt,-SR70S-CZ-56490-1,Šárovcova Lhota,50.407875,15.561105,train,0,-SR70ST-CZ-56490,,,,CZ,,1,,Europe/Prague,243
czptt,-SR70S-CZ-56496,Chotouchov,49.970419,15.121121,train,0,,,,,CZ,,,,Europe/Prague,313
czptt,-SR70S-CZ-56500,Horní Nová Ves,50.450405,15.57225,train,0,,,,,CZ,,,,Europe/Prague,250
czptt,-SR70S-CZ-56506,Kořenice,49.973109,15.138429,train,0,,,,,CZ,,,,Europe/Prague,314
czptt,-SR70S-CZ-56516-1,Červené Pečky,49.98799,15.207026,train,0,-SR70ST-CZ-56516,,,,CZ,,1,,Europe/Prague,162
czptt,-SR70S-CZ-56519,Staré Křečany,50.947719,14.492045,train,0,,,,,CZ,,,,Europe/Prague,39
czptt,-SR70S-CZ-56526-1,Zásmuky,49.962771,15.031733,train,0,-SR70ST-CZ-56526,,,,CZ,,1,,Europe/Prague,0
czptt,-SR70S-CZ-56529-1,Dolní Poustevna,50.983596,14.283475,train,0,-SR70ST-CZ-56529,,,,CZ,,1,,Europe/Prague,445
czptt,-SR70S-CZ-56536-2,Kouřim,50.005578,14.987774,train,0,-SR70ST-CZ-56536,,,,CZ,,2,,Europe/Prague,166
czptt,-SR70S-CZ-56539,Horní Poustevna,50.996918,14.300964,train,0,,,,,CZ,,,,Europe/Prague,430
czptt,-SR70S-CZ-56546-1a,Bošice,50.015308,15.015268,train,0,-SR70ST-CZ-56546,,,,CZ,,1a,,Europe/Prague,5
czptt,-SR70S-CZ-56546-2,Bošice,50.015308,15.015268,train,0,-SR70ST-CZ-56546,,,,CZ,,2,,Europe/Prague,218
czptt,-SR70S-CZ-56549-1,Mikulášovice dol. n.,50.984308,14.336898,train,0,-SR70ST-CZ-56549,,,,CZ,,1,,Europe/Prague,259
czptt,-SR70S-CZ-56549-3,Mikulášovice dol. n.,50.984308,14.336898,train,0,-SR70ST-CZ-56549,,,,CZ,,3,,Europe/Prague,189
czptt,-SR70S-CZ-56549-5,Mikulášovice dol. n.,50.984308,14.336898,train,0,-SR70ST-CZ-56549,,,,CZ,,5,,Europe/Prague,118
czptt,-SR70S-CZ-56552-1,Malá Skála,50.634289,15.192166,train,0,-SR70ST-CZ-56552,,,,CZ,,1,,Europe/Prague,1723
czptt,-SR70S-CZ-56552-2,Malá Skála,50.634289,15.192166,train,0,-SR70ST-CZ-56552,,,,CZ,,2,,Europe/Prague,76
czptt,-SR70S-CZ-56552-3,Malá Skála,50.634289,15.192166,train,0,-SR70ST-CZ-56552,,,,CZ,,3,,Europe/Prague,49
czptt,-SR70S-CZ-56559,Mikulášovice hor.n.,50.956432,14.390146,train,0,,,,,CZ,,,,Europe/Prague,95
czptt,-SR70S-CZ-56562,Dolánky,50.603854,15.171364,train,0,,,,,CZ,,,,Europe/Prague,764
czptt,-SR70S-CZ-56569,Mikulášovice střed,50.962409,14.357484,train,0,,,,,CZ,,,,Europe/Prague,118
czptt,-SR70S-CZ-56572,Líšný,50.646929,15.211898,train,0,,,,,CZ,,,,Europe/Prague,685
czptt,-SR70S-CZ-56576,Zalešany,50.034956,15.008451,train,0,,,,,CZ,,,,Europe/Prague,223
czptt,-SR70S-CZ-56579,Vilémov u Šluknova,50.992148,14.321208,train,0,,,,,CZ,,,,Europe/Prague,430
czptt,-SR70S-CZ-56580,Semonice,50.331596,15.877395,train,0,,,,,CZ,,,,Europe/Prague,324
czptt,-SR70S-CZ-56582-1,Železný Brod,50.639863,15.266377,train,0,-SR70ST-CZ-56582,,,,CZ,,1,,Europe/Prague,1142
czptt,-SR70S-CZ-56582-2,Železný Brod,50.639863,15.266377,train,0,-SR70ST-CZ-56582,,,,CZ,,2,,Europe/Prague,256
czptt,-SR70S-CZ-56582-3,Železný Brod,50.639863,15.266377,train,0,-SR70ST-CZ-56582,,,,CZ,,3,,Europe/Prague,242
czptt,-SR70S-CZ-56582-4,Železný Brod,50.639863,15.266377,train,0,-SR70ST-CZ-56582,,,,CZ,,4,,Europe/Prague,362
czptt,-SR70S-CZ-56582-6,Železný Brod,50.639863,15.266377,train,0,-SR70ST-CZ-56582,,,,CZ,,6,,Europe/Prague,0
czptt,-SR70S-CZ-56586-1,Plaňany,50.049332,15.016054,train,0,-SR70ST-CZ-56586,,,,CZ,,1,,Europe/Prague,281
czptt,-SR70S-CZ-56586-2,Plaňany,50.049332,15.016054,train,0,-SR70ST-CZ-56586,,,,CZ,,2,,Europe/Prague,78
czptt,-SR70S-CZ-56589-1,Velký Šenov,50.993241,14.380076,train,0,-SR70ST-CZ-56589,,,,CZ,,1,,Europe/Prague,228
czptt,-SR70S-CZ-56589-2,Velký Šenov,50.993241,14.380076,train,0,-SR70ST-CZ-56589,,,,CZ,,2,,Europe/Prague,248
czptt,-SR70S-CZ-56590-1,Semily,50.603475,15.324,train,0,-SR70ST-CZ-56590,,,,CZ,,1,,Europe/Prague,971
czptt,-SR70S-CZ-56590-2,Semily,50.603475,15.324,train,0,-SR70ST-CZ-56590,,,,CZ,,2,,Europe/Prague,53
czptt,-SR70S-CZ-56590-4,Semily,50.603475,15.324,train,0,-SR70ST-CZ-56590,,,,CZ,,4,,Europe/Prague,246
czptt,-SR70S-CZ-56596,Žabonosy,50.039691,15.024313,train,0,,,,,CZ,,,,Europe/Prague,224
czptt,-SR70S-CZ-56599,Lipová u Šluknova,50.994645,14.358186,train,0,,,,,CZ,,,,Europe/Prague,442
czptt,-SR70S-CZ-56600,Nedvězí,50.584184,15.352068,train,0,,,,,CZ,,,,Europe/Prague,509
czptt,-SR70S-CZ-56606,Plaňany zastávka,50.045467,15.024164,train,0,,,,,CZ,,,,Europe/Prague,324
czptt,-SR70S-CZ-56609,Velký Šenov zastávka,51.004735,14.393962,train,0,,,,,CZ,,,,Europe/Prague,461
czptt,-SR70S-CZ-56610-1,Košťálov,50.568826,15.403652,train,0,-SR70ST-CZ-56610,,,,CZ,,1,,Europe/Prague,569
czptt,-SR70S-CZ-56610-2,Košťálov,50.568826,15.403652,train,0,-SR70ST-CZ-56610,,,,CZ,,2,,Europe/Prague,2
czptt,-SR70S-CZ-56616,Vrbčany,50.054748,15.000265,train,0,,,,,CZ,,,,Europe/Prague,359
czptt,-SR70S-CZ-56619-1,Šluknov,51.006396,14.461762,train,0,-SR70ST-CZ-56619,,,,CZ,,1,,Europe/Prague,514
czptt,-SR70S-CZ-56619-2,Šluknov,51.006396,14.461762,train,0,-SR70ST-CZ-56619,,,,CZ,,2,,Europe/Prague,78
czptt,-SR70S-CZ-56620,Libštát,50.556341,15.417314,train,0,,,,,CZ,,,,Europe/Prague,510
czptt,-SR70S-CZ-56626,Chroustov,50.065004,14.997174,train,0,,,,,CZ,,,,Europe/Prague,226
czptt,-SR70S-CZ-56630,Bělá u Staré Paky,50.532672,15.442429,train,0,,,,,CZ,,,,Europe/Prague,509
czptt,-SR70S-CZ-56639,Šluknov zastávka,51.006761,14.435525,train,0,,,,,CZ,,,,Europe/Prague,477
czptt,-SR70S-CZ-56640-1,Stará Paka,50.515938,15.486651,train,0,-SR70ST-CZ-56640,,,,CZ,,1,,Europe/Prague,726
czptt,-SR70S-CZ-56640-1a,Stará Paka,50.515938,15.486651,train,0,-SR70ST-CZ-56640,,,,CZ,,1a,,Europe/Prague,115
czptt,-SR70S-CZ-56640-1b,Stará Paka,50.515938,15.486651,train,0,-SR70ST-CZ-56640,,,,CZ,,1b,,Europe/Prague,5
czptt,-SR70S-CZ-56640-2,Stará Paka,50.515938,15.486651,train,0,-SR70ST-CZ-56640,,,,CZ,,2,,Europe/Prague,506
czptt,-SR70S-CZ-56640-3,Stará Paka,50.515938,15.486651,train,0,-SR70ST-CZ-56640,,,,CZ,,3,,Europe/Prague,289
czptt,-SR70S-CZ-56640-4,Stará Paka,50.515938,15.486651,train,0,-SR70ST-CZ-56640,,,,CZ,,4,,Europe/Prague,548
czptt,-SR70S-CZ-56640-5,Stará Paka,50.515938,15.486651,train,0,-SR70ST-CZ-56640,,,,CZ,,5,,Europe/Prague,180
czptt,-SR70S-CZ-56640-6,Stará Paka,50.515938,15.486651,train,0,-SR70ST-CZ-56640,,,,CZ,,6,,Europe/Prague,44
czptt,-SR70S-CZ-56640-7,Stará Paka,50.515938,15.486651,train,0,-SR70ST-CZ-56640,,,,CZ,,7,,Europe/Prague,1
czptt,-SR70S-CZ-56649,Valdek,50.981276,14.507079,train,0,,,,,CZ,,,,Europe/Prague,470
czptt,-SR70S-CZ-56650,Levínská Olešnice,50.524344,15.530825,train,0,,,,,CZ,,,,Europe/Prague,319
czptt,-SR70S-CZ-56659-1,Krásná Lípa,50.919065,14.512179,train,0,-SR70ST-CZ-56659,,,,CZ,,1,,Europe/Prague,762
czptt,-SR70S-CZ-56659-2,Krásná Lípa,50.919065,14.512179,train,0,-SR70ST-CZ-56659,,,,CZ,,2,,Europe/Prague,235
czptt,-SR70S-CZ-56660,Bělá u Staré Paky zastávka,50.533829,15.445697,train,0,,,,,CZ,,,,Europe/Prague,499
czptt,-SR70S-CZ-56669,Krásná Lípa město,50.906951,14.512128,train,0,,,,,CZ,,,,Europe/Prague,237
czptt,-SR70S-CZ-56670-1,Nová Paka,50.486664,15.523029,train,0,-SR70ST-CZ-56670,,,,CZ,,1,,Europe/Prague,957
czptt,-SR70S-CZ-56670-2,Nová Paka,50.486664,15.523029,train,0,-SR70ST-CZ-56670,,,,CZ,,2,,Europe/Prague,13
czptt,-SR70S-CZ-56679,Zahrady u Rumburka,50.934006,14.482142,train,0,,,,,CZ,,,,Europe/Prague,56
czptt,-SR70S-CZ-56680,Nová Paka město,50.494612,15.512591,train,0,,,,,CZ,,,,Europe/Prague,1069
czptt,-SR70S-CZ-56689-1,Varnsdorf,50.903242,14.638131,train,0,-SR70ST-CZ-56689,,,,CZ,,1,,Europe/Prague,0
czptt,-SR70S-CZ-56689-1a,Varnsdorf,50.903242,14.638131,train,0,-SR70ST-CZ-56689,,,,CZ,,1a,,Europe/Prague,447
czptt,-SR70S-CZ-56689-2,Varnsdorf,50.903242,14.638131,train,0,-SR70ST-CZ-56689,,,,CZ,,2,,Europe/Prague,102
czptt,-SR70S-CZ-56689-3,Varnsdorf,50.903242,14.638131,train,0,-SR70ST-CZ-56689,,,,CZ,,3,,Europe/Prague,447
czptt,-SR70S-CZ-56689-3a,Varnsdorf,50.903242,14.638131,train,0,-SR70ST-CZ-56689,,,,CZ,,3a,,Europe/Prague,3
czptt,-SR70S-CZ-56690-1,Horka u Staré Paky,50.526604,15.570461,train,0,-SR70ST-CZ-56690,,,,CZ,,1,,Europe/Prague,319
czptt,-SR70S-CZ-56699-1,Dolní Podluží,50.886388,14.620617,train,0,-SR70ST-CZ-56699,,,,CZ,,1,,Europe/Prague,141
czptt,-SR70S-CZ-56700,Borovnice,50.509261,15.604477,train,0,,,,,CZ,,,,Europe/Prague,286
czptt,-SR70S-CZ-56709,Varnsdorf staré nádraží,50.909469,14.612628,train,0,,,,,CZ,,,,Europe/Prague,384
czptt,-SR70S-CZ-56709-1,Varnsdorf staré nádraží,50.909469,14.612628,train,0,-SR70ST-CZ-56709,,,,CZ,,1,,Europe/Prague,444
czptt,-SR70S-CZ-56710-1,Mostek,50.491214,15.692228,train,0,-SR70ST-CZ-56710,,,,CZ,,1,,Europe/Prague,188
czptt,-SR70S-CZ-56710-3,Mostek,50.491214,15.692228,train,0,-SR70ST-CZ-56710,,,,CZ,,3,,Europe/Prague,151
czptt,-SR70S-CZ-56719-1,Rybniště,50.88305,14.509817,train,0,-SR70ST-CZ-56719,,,,CZ,,1,,Europe/Prague,856
czptt,-SR70S-CZ-56719-2,Rybniště,50.88305,14.509817,train,0,-SR70ST-CZ-56719,,,,CZ,,2,,Europe/Prague,306
czptt,-SR70S-CZ-56719-4,Rybniště,50.88305,14.509817,train,0,-SR70ST-CZ-56719,,,,CZ,,4,,Europe/Prague,51
czptt,-SR70S-CZ-56719-5,Rybniště,50.88305,14.509817,train,0,-SR70ST-CZ-56719,,,,CZ,,5,,Europe/Prague,16
czptt,-SR70S-CZ-56720,Borovnička,50.500022,15.659078,train,0,,,,,CZ,,,,Europe/Prague,284
czptt,-SR70S-CZ-56729,Horní Podluží,50.88294,14.556317,train,0,,,,,CZ,,,,Europe/Prague,141
czptt,-SR70S-CZ-56730-1,Bílá Třemešná,50.451924,15.732989,train,0,-SR70ST-CZ-56730,,,,CZ,,1,,Europe/Prague,340
czptt,-SR70S-CZ-56730-2,Bílá Třemešná,50.451924,15.732989,train,0,-SR70ST-CZ-56730,,,,CZ,,2,,Europe/Prague,0
czptt,-SR70S-CZ-56739,Jiřetín pod Jedlovou,50.883137,14.580333,train,0,,,,,CZ,,,,Europe/Prague,141
czptt,-SR70S-CZ-56740-1,Dvůr Králové nad Labem,50.413715,15.798267,train,0,-SR70ST-CZ-56740,,,,CZ,,1,,Europe/Prague,626
czptt,-SR70S-CZ-56740-1a,Dvůr Králové nad Labem,50.413715,15.798267,train,0,-SR70ST-CZ-56740,,,,CZ,,1a,,Europe/Prague,0
czptt,-SR70S-CZ-56740-2,Dvůr Králové nad Labem,50.413715,15.798267,train,0,-SR70ST-CZ-56740,,,,CZ,,2,,Europe/Prague,329
czptt,-SR70S-CZ-56749-1,Chřibská,50.868036,14.523023,train,0,-SR70ST-CZ-56749,,,,CZ,,1,,Europe/Prague,36
czptt,-SR70S-CZ-56749-1a,Chřibská,50.868036,14.523023,train,0,-SR70ST-CZ-56749,,,,CZ,,1a,,Europe/Prague,93
czptt,-SR70S-CZ-56749-3a,Chřibská,50.868036,14.523023,train,0,-SR70ST-CZ-56749,,,,CZ,,3a,,Europe/Prague,128
czptt,-SR70S-CZ-56750,Žireč,50.403292,15.848134,train,0,,,,,CZ,,,,Europe/Prague,278
czptt,-SR70S-CZ-56759-1,Jedlová,50.842872,14.570408,train,0,-SR70ST-CZ-56759,,,,CZ,,1,,Europe/Prague,586
czptt,-SR70S-CZ-56759-2,Jedlová,50.842872,14.570408,train,0,-SR70ST-CZ-56759,,,,CZ,,2,,Europe/Prague,80
czptt,-SR70S-CZ-56759-3,Jedlová,50.842872,14.570408,train,0,-SR70ST-CZ-56759,,,,CZ,,3,,Europe/Prague,275
czptt,-SR70S-CZ-56760,Kuks,50.39594,15.884385,train,0,,,,,CZ,,,,Europe/Prague,327
czptt,-SR70S-CZ-56769,Nová Huť v Lužických horách,50.830723,14.585863,train,0,,,,,CZ,,,,Europe/Prague,444
czptt,-SR70S-CZ-56770-1,Jaroměř,50.341763,15.909976,train,0,-SR70ST-CZ-56770,,,,CZ,,1,,Europe/Prague,853
czptt,-SR70S-CZ-56770-2,Jaroměř,50.341763,15.909976,train,0,-SR70ST-CZ-56770,,,,CZ,,2,,Europe/Prague,813
czptt,-SR70S-CZ-56770-3,Jaroměř,50.341763,15.909976,train,0,-SR70ST-CZ-56770,,,,CZ,,3,,Europe/Prague,220
czptt,-SR70S-CZ-56770-3a,Jaroměř,50.341763,15.909976,train,0,-SR70ST-CZ-56770,,,,CZ,,3a,,Europe/Prague,219
czptt,-SR70S-CZ-56770-4,Jaroměř,50.341763,15.909976,train,0,-SR70ST-CZ-56770,,,,CZ,,4,,Europe/Prague,133
czptt,-SR70S-CZ-56770-4a,Jaroměř,50.341763,15.909976,train,0,-SR70ST-CZ-56770,,,,CZ,,4a,,Europe/Prague,64
czptt,-SR70S-CZ-56770-6,Jaroměř,50.341763,15.909976,train,0,-SR70ST-CZ-56770,,,,CZ,,6,,Europe/Prague,0
czptt,-SR70S-CZ-56779-1,Svor,50.790537,14.592491,train,0,-SR70ST-CZ-56779,,,,CZ,,1,,Europe/Prague,492
czptt,-SR70S-CZ-56779-2,Svor,50.790537,14.592491,train,0,-SR70ST-CZ-56779,,,,CZ,,2,,Europe/Prague,2
czptt,-SR70S-CZ-56779-3,Svor,50.790537,14.592491,train,0,-SR70ST-CZ-56779,,,,CZ,,3,,Europe/Prague,413
czptt,-SR70S-CZ-56780,Jaroměř zastávka,50.357097,15.911326,train,0,,,,,CZ,,,,Europe/Prague,334
czptt,-SR70S-CZ-56789-1,Nový Bor,50.760651,14.547312,train,0,-SR70ST-CZ-56789,,,,CZ,,1,,Europe/Prague,788
czptt,-SR70S-CZ-56789-3,Nový Bor,50.760651,14.547312,train,0,-SR70ST-CZ-56789,,,,CZ,,3,,Europe/Prague,276
czptt,-SR70S-CZ-56789-5,Nový Bor,50.760651,14.547312,train,0,-SR70ST-CZ-56789,,,,CZ,,5,,Europe/Prague,0
czptt,-SR70S-CZ-56790,Rychnovek,50.360733,15.969162,train,0,,,,,CZ,,,,Europe/Prague,94
czptt,-SR70S-CZ-56799,Skalice u České Lípy,50.74159,14.521573,train,0,,,,,CZ,,,,Europe/Prague,527
czptt,-SR70S-CZ-56800-1,Smiřice,50.300408,15.858169,train,0,-SR70ST-CZ-56800,,,,CZ,,1,,Europe/Prague,204
czptt,-SR70S-CZ-56800-2,Smiřice,50.300408,15.858169,train,0,-SR70ST-CZ-56800,,,,CZ,,2,,Europe/Prague,251
czptt,-SR70S-CZ-56800-3,Smiřice,50.300408,15.858169,train,0,-SR70ST-CZ-56800,,,,CZ,,3,,Europe/Prague,2
czptt,-SR70S-CZ-56800-5,Smiřice,50.300408,15.858169,train,0,-SR70ST-CZ-56800,,,,CZ,,5,,Europe/Prague,2
czptt,-SR70S-CZ-56809-1,Česká Lípa hl. n.,50.675362,14.533183,train,0,-SR70ST-CZ-56809,,,,CZ,,1,,Europe/Prague,564
czptt,-SR70S-CZ-56809-2,Česká Lípa hl. n.,50.675362,14.533183,train,0,-SR70ST-CZ-56809,,,,CZ,,2,,Europe/Prague,830
czptt,-SR70S-CZ-56809-3,Česká Lípa hl. n.,50.675362,14.533183,train,0,-SR70ST-CZ-56809,,,,CZ,,3,,Europe/Prague,392
czptt,-SR70S-CZ-56809-4,Česká Lípa hl. n.,50.675362,14.533183,train,0,-SR70ST-CZ-56809,,,,CZ,,4,,Europe/Prague,240
czptt,-SR70S-CZ-56809-5,Česká Lípa hl. n.,50.675362,14.533183,train,0,-SR70ST-CZ-56809,,,,CZ,,5,,Europe/Prague,416
czptt,-SR70S-CZ-56809-7,Česká Lípa hl. n.,50.675362,14.533183,train,0,-SR70ST-CZ-56809,,,,CZ,,7,,Europe/Prague,0
czptt,-SR70S-CZ-56810,Černožice,50.315476,15.869578,train,0,,,,,CZ,,,,Europe/Prague,371
czptt,-SR70S-CZ-56829-1b,Česká Lípa střelnice,50.691677,14.533177,train,0,-SR70ST-CZ-56829,,,,CZ,,1b,,Europe/Prague,1127
czptt,-SR70S-CZ-56839-1,Jestřebí,50.614152,14.600278,train,0,-SR70ST-CZ-56839,,,,CZ,,1,,Europe/Prague,510
czptt,-SR70S-CZ-56839-3,Jestřebí,50.614152,14.600278,train,0,-SR70ST-CZ-56839,,,,CZ,,3,,Europe/Prague,1
czptt,-SR70S-CZ-56840,Račice nad Trotinou,50.312285,15.791992,train,0,,,,,CZ,,,,Europe/Prague,0
czptt,-SR70S-CZ-56849-1,Srní u České Lípy,50.636967,14.58445,train,0,-SR70ST-CZ-56849,,,,CZ,,1,,Europe/Prague,220
czptt,-SR70S-CZ-56849-2,Srní u České Lípy,50.636967,14.58445,train,0,-SR70ST-CZ-56849,,,,CZ,,2,,Europe/Prague,3
czptt,-SR70S-CZ-56849-4,Srní u České Lípy,50.636967,14.58445,train,0,-SR70ST-CZ-56849,,,,CZ,,4,,Europe/Prague,1
czptt,-SR70S-CZ-56859-1,Doksy,50.573629,14.646916,train,0,-SR70ST-CZ-56859,,,,CZ,,1,,Europe/Prague,982
czptt,-SR70S-CZ-56859-2,Doksy,50.573629,14.646916,train,0,-SR70ST-CZ-56859,,,,CZ,,2,,Europe/Prague,18
czptt,-SR70S-CZ-56859-3,Doksy,50.573629,14.646916,train,0,-SR70ST-CZ-56859,,,,CZ,,3,,Europe/Prague,148
czptt,-SR70S-CZ-56860-1,Předměřice nad Labem,50.252655,15.817804,train,0,-SR70ST-CZ-56860,,,,CZ,,1,,Europe/Prague,325
czptt,-SR70S-CZ-56860-2,Předměřice nad Labem,50.252655,15.817804,train,0,-SR70ST-CZ-56860,,,,CZ,,2,,Europe/Prague,2
czptt,-SR70S-CZ-56869,Staré Splavy,50.586928,14.629617,train,0,,,,,CZ,,,,Europe/Prague,860
czptt,-SR70S-CZ-56870,Lochenice,50.272925,15.824539,train,0,,,,,CZ,,,,Europe/Prague,308
czptt,-SR70S-CZ-56879-1,Okna,50.527239,14.674445,train,0,-SR70ST-CZ-56879,,,,CZ,,1,,Europe/Prague,272
czptt,-SR70S-CZ-56879-2,Okna,50.527239,14.674445,train,0,-SR70ST-CZ-56879,,,,CZ,,2,,Europe/Prague,159
czptt,-SR70S-CZ-56880-1,Opatovice nad Labem-Pohřebačka,50.165445,15.788898,train,0,-SR70ST-CZ-56880,,,,CZ,,1,,Europe/Prague,258
czptt,-SR70S-CZ-56880-2,Opatovice nad Labem-Pohřebačka,50.165445,15.788898,train,0,-SR70ST-CZ-56880,,,,CZ,,2,,Europe/Prague,20
czptt,-SR70S-CZ-56889-1,Bezděz,50.516075,14.729458,train,0,-SR70ST-CZ-56889,,,,CZ,,1,,Europe/Prague,759
czptt,-SR70S-CZ-56889-3,Bezděz,50.516075,14.729458,train,0,-SR70ST-CZ-56889,,,,CZ,,3,,Europe/Prague,9
czptt,-SR70S-CZ-56890-1,Stéblová,50.104404,15.757641,train,0,-SR70ST-CZ-56890,,,,CZ,,1,,Europe/Prague,125
czptt,-SR70S-CZ-56890-2a,Stéblová,50.104404,15.757641,train,0,-SR70ST-CZ-56890,,,,CZ,,2a,,Europe/Prague,129
czptt,-SR70S-CZ-56890-4,Stéblová,50.104404,15.757641,train,0,-SR70ST-CZ-56890,,,,CZ,,4,,Europe/Prague,0
czptt,-SR70S-CZ-56893,Stéblová obec,50.093151,15.752508,train,0,,,,,CZ,,,,Europe/Prague,413
czptt,-SR70S-CZ-56898-1,Bělá pod Bezdězem,50.488327,14.835899,train,0,-SR70ST-CZ-56898,,,,CZ,,1,,Europe/Prague,677
czptt,-SR70S-CZ-56898-3,Bělá pod Bezdězem,50.488327,14.835899,train,0,-SR70ST-CZ-56898,,,,CZ,,3,,Europe/Prague,320
czptt,-SR70S-CZ-56898-5,Bělá pod Bezdězem,50.488327,14.835899,train,0,-SR70ST-CZ-56898,,,,CZ,,5,,Europe/Prague,34
czptt,-SR70S-CZ-56900,Čeperka,50.131406,15.769946,train,0,,,,,CZ,,,,Europe/Prague,432
czptt,-SR70S-CZ-56908,Bělá pod Bezdězem město,50.493332,14.787216,train,0,,,,,CZ,,,,Europe/Prague,429
czptt,-SR70S-CZ-56910-1,Roztoky u Jilemnice,50.554623,15.490029,train,0,-SR70ST-CZ-56910,,,,CZ,,1,,Europe/Prague,667
czptt,-SR70S-CZ-56910-2,Roztoky u Jilemnice,50.554623,15.490029,train,0,-SR70ST-CZ-56910,,,,CZ,,2,,Europe/Prague,0
czptt,-SR70S-CZ-56918,Bělá pod Bezdězem zastávka,50.500163,14.868563,train,0,,,,,CZ,,,,Europe/Prague,442
czptt,-SR70S-CZ-56920,Tample,50.545998,15.465067,train,0,,,,,CZ,,,,Europe/Prague,500
czptt,-SR70S-CZ-56928,Malá Bělá,50.48699,14.922795,train,0,,,,,CZ,,,,Europe/Prague,442
czptt,-SR70S-CZ-56930-1,Martinice v Krkonoších,50.580696,15.541091,train,0,-SR70ST-CZ-56930,,,,CZ,,1,,Europe/Prague,356
czptt,-SR70S-CZ-56930-2,Martinice v Krkonoších,50.580696,15.541091,train,0,-SR70ST-CZ-56930,,,,CZ,,2,,Europe/Prague,126
czptt,-SR70S-CZ-56930-3,Martinice v Krkonoších,50.580696,15.541091,train,0,-SR70ST-CZ-56930,,,,CZ,,3,,Europe/Prague,289
czptt,-SR70S-CZ-56930-4,Martinice v Krkonoších,50.580696,15.541091,train,0,-SR70ST-CZ-56930,,,,CZ,,4,,Europe/Prague,95
czptt,-SR70S-CZ-56940-1,Kunčice nad Labem,50.583863,15.622827,train,0,-SR70ST-CZ-56940,,,,CZ,,1,,Europe/Prague,765
czptt,-SR70S-CZ-56940-2,Kunčice nad Labem,50.583863,15.622827,train,0,-SR70ST-CZ-56940,,,,CZ,,2,,Europe/Prague,152
czptt,-SR70S-CZ-56940-3,Kunčice nad Labem,50.583863,15.622827,train,0,-SR70ST-CZ-56940,,,,CZ,,3,,Europe/Prague,151
czptt,-SR70S-CZ-56940-5,Kunčice nad Labem,50.583863,15.622827,train,0,-SR70ST-CZ-56940,,,,CZ,,5,,Europe/Prague,25
czptt,-SR70S-CZ-56950,Horní Branná,50.596731,15.586942,train,0,,,,,CZ,,,,Europe/Prague,687
czptt,-SR70S-CZ-56960,Klášterská Lhota,50.55861,15.660735,train,0,,,,,CZ,,,,Europe/Prague,343
czptt,-SR70S-CZ-56970-1,Hostinné,50.5367,15.737861,train,0,-SR70ST-CZ-56970,,,,CZ,,1,,Europe/Prague,810
czptt,-SR70S-CZ-56970-2,Hostinné,50.5367,15.737861,train,0,-SR70ST-CZ-56970,,,,CZ,,2,,Europe/Prague,12
czptt,-SR70S-CZ-56970-3,Hostinné,50.5367,15.737861,train,0,-SR70ST-CZ-56970,,,,CZ,,3,,Europe/Prague,15
czptt,-SR70S-CZ-56971,Hostinné město,50.5392,15.720204,train,0,,,,,CZ,,,,Europe/Prague,826
czptt,-SR70S-CZ-56980,Prosečné,50.547478,15.696319,train,0,,,,,CZ,,,,Europe/Prague,343
czptt,-SR70S-CZ-56990,Chotěvice,50.51898,15.759892,train,0,,,,,CZ,,,,Europe/Prague,391
czptt,-SR70S-CZ-56999,Lovosice závod,50.510568,14.081237,train,0,,,,,CZ,,,,Europe/Prague,540
czptt,-SR70S-CZ-57000-1,Pilníkov,50.534184,15.812867,train,0,-SR70ST-CZ-57000,,,,CZ,,1,,Europe/Prague,654
czptt,-SR70S-CZ-57000-2,Pilníkov,50.534184,15.812867,train,0,-SR70ST-CZ-57000,,,,CZ,,2,,Europe/Prague,144
czptt,-SR70S-CZ-57009-1,Žalhostice,50.524886,14.096545,train,0,-SR70ST-CZ-57009,,,,CZ,,1,,Europe/Prague,380
czptt,-SR70S-CZ-57009-1a,Žalhostice,50.524886,14.096545,train,0,-SR70ST-CZ-57009,,,,CZ,,1a,,Europe/Prague,874
czptt,-SR70S-CZ-57009-3,Žalhostice,50.524886,14.096545,train,0,-SR70ST-CZ-57009,,,,CZ,,3,,Europe/Prague,0
czptt,-SR70S-CZ-57010,Vlčice,50.546665,15.834377,train,0,,,,,CZ,,,,Europe/Prague,283
czptt,-SR70S-CZ-57016-1,Praha-Braník,50.027873,14.406891,train,0,-SR70ST-CZ-57016,,,,CZ,,1,,Europe/Prague,1667
czptt,-SR70S-CZ-57016-3,Praha-Braník,50.027873,14.406891,train,0,-SR70ST-CZ-57016,,,,CZ,,3,,Europe/Prague,327
czptt,-SR70S-CZ-57019-1,Litoměřice hor.n.,50.541013,14.131518,train,0,-SR70ST-CZ-57019,,,,CZ,,1,,Europe/Prague,709
czptt,-SR70S-CZ-57019-2,Litoměřice hor.n.,50.541013,14.131518,train,0,-SR70ST-CZ-57019,,,,CZ,,2,,Europe/Prague,455
czptt,-SR70S-CZ-57019-3,Litoměřice hor.n.,50.541013,14.131518,train,0,-SR70ST-CZ-57019,,,,CZ,,3,,Europe/Prague,155
czptt,-SR70S-CZ-57020-1,Trutnov hl. n.,50.565251,15.910948,train,0,-SR70ST-CZ-57020,,,,CZ,,1,,Europe/Prague,865
czptt,-SR70S-CZ-57020-1a,Trutnov hl. n.,50.565251,15.910948,train,0,-SR70ST-CZ-57020,,,,CZ,,1a,,Europe/Prague,77
czptt,-SR70S-CZ-57020-2,Trutnov hl. n.,50.565251,15.910948,train,0,-SR70ST-CZ-57020,,,,CZ,,2,,Europe/Prague,379
czptt,-SR70S-CZ-57020-3,Trutnov hl. n.,50.565251,15.910948,train,0,-SR70ST-CZ-57020,,,,CZ,,3,,Europe/Prague,457
czptt,-SR70S-CZ-57020-4,Trutnov hl. n.,50.565251,15.910948,train,0,-SR70ST-CZ-57020,,,,CZ,,4,,Europe/Prague,430
czptt,-SR70S-CZ-57026-1,Praha-Bubeneč,50.107343,14.404806,train,0,-SR70ST-CZ-57026,,,,CZ,,1,,Europe/Prague,0
czptt,-SR70S-CZ-57026-2,Praha-Bubeneč,50.107343,14.404806,train,0,-SR70ST-CZ-57026,,,,CZ,,2,,Europe/Prague,4
czptt,-SR70S-CZ-57027,Praha-Podbaba,50.112246,14.395739,train,0,,,,,CZ,,,,Europe/Prague,2311
czptt,-SR70S-CZ-57029,Ploskovice,50.549849,14.205892,train,0,,,,,CZ,,,,Europe/Prague,461
czptt,-SR70S-CZ-57030-101,Trutnov-Poříčí,50.579122,15.958692,train,0,-SR70ST-CZ-57030,,,,CZ,,101,,Europe/Prague,58
czptt,-SR70S-CZ-57036-1,Praha-Bubny,50.100612,14.439948,train,0,-SR70ST-CZ-57036,,,,CZ,,1,,Europe/Prague,279
czptt,-SR70S-CZ-57036-11,Praha-Bubny,50.100612,14.439948,train,0,-SR70ST-CZ-57036,,,,CZ,,11,,Europe/Prague,2
czptt,-SR70S-CZ-57036-13,Praha-Bubny,50.100612,14.439948,train,0,-SR70ST-CZ-57036,,,,CZ,,13,,Europe/Prague,68
czptt,-SR70S-CZ-57036-2,Praha-Bubny,50.100612,14.439948,train,0,-SR70ST-CZ-57036,,,,CZ,,2,,Europe/Prague,278
czptt,-SR70S-CZ-57036-3,Praha-Bubny,50.100612,14.439948,train,0,-SR70ST-CZ-57036,,,,CZ,,3,,Europe/Prague,331
czptt,-SR70S-CZ-57036-5,Praha-Bubny,50.100612,14.439948,train,0,-SR70ST-CZ-57036,,,,CZ,,5,,Europe/Prague,372
czptt,-SR70S-CZ-57037-3a,Praha-Výstaviště,50.103366,14.429804,train,0,-SR70ST-CZ-57037,,,,CZ,,3a,,Europe/Prague,28
czptt,-SR70S-CZ-57037-3c,Praha-Výstaviště,50.103366,14.429804,train,0,-SR70ST-CZ-57037,,,,CZ,,3c,,Europe/Prague,203
czptt,-SR70S-CZ-57037-5a,Praha-Výstaviště,50.103366,14.429804,train,0,-SR70ST-CZ-57037,,,,CZ,,5a,,Europe/Prague,32
czptt,-SR70S-CZ-57037-5c,Praha-Výstaviště,50.103366,14.429804,train,0,-SR70ST-CZ-57037,,,,CZ,,5c,,Europe/Prague,246
czptt,-SR70S-CZ-57039-1,Liběšice,50.572075,14.284996,train,0,-SR70ST-CZ-57039,,,,CZ,,1,,Europe/Prague,484
czptt,-SR70S-CZ-57039-3,Liběšice,50.572075,14.284996,train,0,-SR70ST-CZ-57039,,,,CZ,,3,,Europe/Prague,95
czptt,-SR70S-CZ-57040-1,Trutnov střed,50.577814,15.945152,train,0,-SR70ST-CZ-57040,,,,CZ,,1,,Europe/Prague,1062
czptt,-SR70S-CZ-57040-2,Trutnov střed,50.577814,15.945152,train,0,-SR70ST-CZ-57040,,,,CZ,,2,,Europe/Prague,0
czptt,-SR70S-CZ-57040-3,Trutnov střed,50.577814,15.945152,train,0,-SR70ST-CZ-57040,,,,CZ,,3,,Europe/Prague,37
czptt,-SR70S-CZ-57040-5,Trutnov střed,50.577814,15.945152,train,0,-SR70ST-CZ-57040,,,,CZ,,5,,Europe/Prague,1
czptt,-SR70S-CZ-57046,Praha-Holešovice zastávka,50.105792,14.437814,train,0,,,,,CZ,,,,Europe/Prague,564
czptt,-SR70S-CZ-57046-16,Praha-Holešovice zastávka,50.105792,14.437814,train,0,-SR70ST-CZ-57046,,,,CZ,,16,,Europe/Prague,2
czptt,-SR70S-CZ-57049,Horní Řepčice,50.557382,14.265514,train,0,,,,,CZ,,,,Europe/Prague,461
czptt,-SR70S-CZ-57050,Trutnov zastávka,50.577839,15.961052,train,0,,,,,CZ,,,,Europe/Prague,153
czptt,-SR70S-CZ-57059-1,Úštěk,50.585506,14.335061,train,0,-SR70ST-CZ-57059,,,,CZ,,1,,Europe/Prague,580
czptt,-SR70S-CZ-57059-2,Úštěk,50.585506,14.335061,train,0,-SR70ST-CZ-57059,,,,CZ,,2,,Europe/Prague,3
czptt,-SR70S-CZ-57060,Lhota u Trutnova,50.586629,15.986411,train,0,,,,,CZ,,,,Europe/Prague,130
czptt,-SR70S-CZ-57066-1,Praha-Dejvice,50.096874,14.399503,train,0,-SR70ST-CZ-57066,,,,CZ,,1,,Europe/Prague,1515
czptt,-SR70S-CZ-57066-2,Praha-Dejvice,50.096874,14.399503,train,0,-SR70ST-CZ-57066,,,,CZ,,2,,Europe/Prague,3
czptt,-SR70S-CZ-57066-4,Praha-Dejvice,50.096874,14.399503,train,0,-SR70ST-CZ-57066,,,,CZ,,4,,Europe/Prague,0
czptt,-SR70S-CZ-57069,Dubičná,50.609941,14.359517,train,0,,,,,CZ,,,,Europe/Prague,390
czptt,-SR70S-CZ-57070,Petříkovice,50.601731,16.003263,train,0,,,,,CZ,,,,Europe/Prague,178
czptt,-SR70S-CZ-57072,"Pha hl.n. Lc201,202",50.075817,14.433132,train,0,,,,,CZ,,,,Europe/Prague,122
czptt,-SR70S-CZ-57073,Pha hl.n. Lc105-102,50.076302,14.433862,train,0,,,,,CZ,,,,Europe/Prague,150
czptt,-SR70S-CZ-57075,"Pha hl.n.L601b,L602b",50.092023,14.464201,train,0,,,,,CZ,,,,Europe/Prague,162
czptt,-SR70S-CZ-57076-1,Praha hl. n.,50.08309,14.435978,train,0,-SR70ST-CZ-57076,,,,CZ,,1,,Europe/Prague,794
czptt,-SR70S-CZ-57076-11a,Praha hl. n.,50.08309,14.435978,train,0,-SR70ST-CZ-57076,,,,CZ,,11a,,Europe/Prague,412
czptt,-SR70S-CZ-57076-12,Praha hl. n.,50.08309,14.435978,train,0,-SR70ST-CZ-57076,,,,CZ,,12,,Europe/Prague,85
czptt,-SR70S-CZ-57076-12b,Praha hl. n.,50.08309,14.435978,train,0,-SR70ST-CZ-57076,,,,CZ,,12b,,Europe/Prague,7
czptt,-SR70S-CZ-57076-13a,Praha hl. n.,50.08309,14.435978,train,0,-SR70ST-CZ-57076,,,,CZ,,13a,,Europe/Prague,905
czptt,-SR70S-CZ-57076-13b,Praha hl. n.,50.08309,14.435978,train,0,-SR70ST-CZ-57076,,,,CZ,,13b,,Europe/Prague,231
czptt,-SR70S-CZ-57076-14,Praha hl. n.,50.08309,14.435978,train,0,-SR70ST-CZ-57076,,,,CZ,,14,,Europe/Prague,849
czptt,-SR70S-CZ-57076-14b,Praha hl. n.,50.08309,14.435978,train,0,-SR70ST-CZ-57076,,,,CZ,,14b,,Europe/Prague,446
czptt,-SR70S-CZ-57076-1b,Praha hl. n.,50.08309,14.435978,train,0,-SR70ST-CZ-57076,,,,CZ,,1b,,Europe/Prague,605
czptt,-SR70S-CZ-57076-2,Praha hl. n.,50.08309,14.435978,train,0,-SR70ST-CZ-57076,,,,CZ,,2,,Europe/Prague,1125
czptt,-SR70S-CZ-57076-20,Praha hl. n.,50.08309,14.435978,train,0,-SR70ST-CZ-57076,,,,CZ,,20,,Europe/Prague,293
czptt,-SR70S-CZ-57076-20b,Praha hl. n.,50.08309,14.435978,train,0,-SR70ST-CZ-57076,,,,CZ,,20b,,Europe/Prague,509
czptt,-SR70S-CZ-57076-22,Praha hl. n.,50.08309,14.435978,train,0,-SR70ST-CZ-57076,,,,CZ,,22,,Europe/Prague,485
czptt,-SR70S-CZ-57076-22b,Praha hl. n.,50.08309,14.435978,train,0,-SR70ST-CZ-57076,,,,CZ,,22b,,Europe/Prague,479
czptt,-SR70S-CZ-57076-24,Praha hl. n.,50.08309,14.435978,train,0,-SR70ST-CZ-57076,,,,CZ,,24,,Europe/Prague,231
czptt,-SR70S-CZ-57076-24b,Praha hl. n.,50.08309,14.435978,train,0,-SR70ST-CZ-57076,,,,CZ,,24b,,Europe/Prague,729
czptt,-SR70S-CZ-57076-26,Praha hl. n.,50.08309,14.435978,train,0,-SR70ST-CZ-57076,,,,CZ,,26,,Europe/Prague,384
czptt,-SR70S-CZ-57076-26b,Praha hl. n.,50.08309,14.435978,train,0,-SR70ST-CZ-57076,,,,CZ,,26b,,Europe/Prague,530
czptt,-SR70S-CZ-57076-28,Praha hl. n.,50.08309,14.435978,train,0,-SR70ST-CZ-57076,,,,CZ,,28,,Europe/Prague,142
czptt,-SR70S-CZ-57076-28b,Praha hl. n.,50.08309,14.435978,train,0,-SR70ST-CZ-57076,,,,CZ,,28b,,Europe/Prague,514
czptt,-SR70S-CZ-57076-2b,Praha hl. n.,50.08309,14.435978,train,0,-SR70ST-CZ-57076,,,,CZ,,2b,,Europe/Prague,782
czptt,-SR70S-CZ-57076-30,Praha hl. n.,50.08309,14.435978,train,0,-SR70ST-CZ-57076,,,,CZ,,30,,Europe/Prague,571
czptt,-SR70S-CZ-57076-30b,Praha hl. n.,50.08309,14.435978,train,0,-SR70ST-CZ-57076,,,,CZ,,30b,,Europe/Prague,336
czptt,-SR70S-CZ-57076-32,Praha hl. n.,50.08309,14.435978,train,0,-SR70ST-CZ-57076,,,,CZ,,32,,Europe/Prague,544
czptt,-SR70S-CZ-57076-32b,Praha hl. n.,50.08309,14.435978,train,0,-SR70ST-CZ-57076,,,,CZ,,32b,,Europe/Prague,628
czptt,-SR70S-CZ-57076-34,Praha hl. n.,50.08309,14.435978,train,0,-SR70ST-CZ-57076,,,,CZ,,34,,Europe/Prague,6
czptt,-SR70S-CZ-57076-3a,Praha hl. n.,50.08309,14.435978,train,0,-SR70ST-CZ-57076,,,,CZ,,3a,,Europe/Prague,129
czptt,-SR70S-CZ-57076-7,Praha hl. n.,50.08309,14.435978,train,0,-SR70ST-CZ-57076,,,,CZ,,7,,Europe/Prague,1065
czptt,-SR70S-CZ-57076-7b,Praha hl. n.,50.08309,14.435978,train,0,-SR70ST-CZ-57076,,,,CZ,,7b,,Europe/Prague,117
czptt,-SR70S-CZ-57076-8,Praha hl. n.,50.08309,14.435978,train,0,-SR70ST-CZ-57076,,,,CZ,,8,,Europe/Prague,830
czptt,-SR70S-CZ-57076-8b,Praha hl. n.,50.08309,14.435978,train,0,-SR70ST-CZ-57076,,,,CZ,,8b,,Europe/Prague,852
czptt,-SR70S-CZ-57076-9,Praha hl. n.,50.08309,14.435978,train,0,-SR70ST-CZ-57076,,,,CZ,,9,,Europe/Prague,1294
czptt,-SR70S-CZ-57076-9b,Praha hl. n.,50.08309,14.435978,train,0,-SR70ST-CZ-57076,,,,CZ,,9b,,Europe/Prague,283
czptt,-SR70S-CZ-57086,Praha-Hlubočepy,50.040556,14.394124,train,0,,,,,CZ,,,,Europe/Prague,724
czptt,-SR70S-CZ-57089-1,Blíževedly,50.613445,14.395511,train,0,-SR70ST-CZ-57089,,,,CZ,,1,,Europe/Prague,260
czptt,-SR70S-CZ-57089-3,Blíževedly,50.613445,14.395511,train,0,-SR70ST-CZ-57089,,,,CZ,,3,,Europe/Prague,134
czptt,-SR70S-CZ-57090,Libeč,50.59639,15.946263,train,0,,,,,CZ,,,,Europe/Prague,116
czptt,-SR70S-CZ-57096-1,Praha-Hostivař,50.054929,14.538044,train,0,-SR70ST-CZ-57096,,,,CZ,,1,,Europe/Prague,509
czptt,-SR70S-CZ-57096-2,Praha-Hostivař,50.054929,14.538044,train,0,-SR70ST-CZ-57096,,,,CZ,,2,,Europe/Prague,458
czptt,-SR70S-CZ-57096-3,Praha-Hostivař,50.054929,14.538044,train,0,-SR70ST-CZ-57096,,,,CZ,,3,,Europe/Prague,0
czptt,-SR70S-CZ-57096-4,Praha-Hostivař,50.054929,14.538044,train,0,-SR70ST-CZ-57096,,,,CZ,,4,,Europe/Prague,115
czptt,-SR70S-CZ-57096-6,Praha-Hostivař,50.054929,14.538044,train,0,-SR70ST-CZ-57096,,,,CZ,,6,,Europe/Prague,210
czptt,-SR70S-CZ-57099,Kravaře v Čechách,50.628966,14.404494,train,0,,,,,CZ,,,,Europe/Prague,385
czptt,-SR70S-CZ-57100,Trutnov-Volanov,50.560929,15.887548,train,0,,,,,CZ,,,,Europe/Prague,310
czptt,-SR70S-CZ-57106-1,Praha-Waltrovka,50.055128,14.377841,train,0,-SR70ST-CZ-57106,,,,CZ,,1,,Europe/Prague,0
czptt,-SR70S-CZ-57107,Praha-Jinonice,50.055686,14.371734,train,0,,,,,CZ,,,,Europe/Prague,738
czptt,-SR70S-CZ-57109,Zahrádky u České Lípy,50.637264,14.50616,train,0,,,,,CZ,,,,Europe/Prague,392
czptt,-SR70S-CZ-57110-1,Rokytnice nad Jizerou,50.712169,15.422842,train,0,-SR70ST-CZ-57110,,,,CZ,,1,,Europe/Prague,46
czptt,-SR70S-CZ-57116,Praha-Cibulka,50.064596,14.361948,train,0,,,,,CZ,,,,Europe/Prague,738
czptt,-SR70S-CZ-57119,Stvolínky,50.629737,14.437606,train,0,,,,,CZ,,,,Europe/Prague,385
czptt,-SR70S-CZ-57120-1,Jablonec nad Jizerou,50.700406,15.435207,train,0,-SR70ST-CZ-57120,,,,CZ,,1,,Europe/Prague,140
czptt,-SR70S-CZ-57120-3,Jablonec nad Jizerou,50.700406,15.435207,train,0,-SR70ST-CZ-57120,,,,CZ,,3,,Europe/Prague,16
czptt,-SR70S-CZ-57126,"km 2,600 -0,025",50.77552,14.210634,train,0,,,,,CZ,,,,Europe/Prague,0
czptt,-SR70S-CZ-57129-1,Zákupy,50.681474,14.635816,train,0,-SR70ST-CZ-57129,,,,CZ,,1,,Europe/Prague,2
czptt,-SR70S-CZ-57129-2,Zákupy,50.681474,14.635816,train,0,-SR70ST-CZ-57129,,,,CZ,,2,,Europe/Prague,0
czptt,-SR70S-CZ-57130,Jablonec nad Jizerou-Hradsko,50.680654,15.451289,train,0,,,,,CZ,,,,Europe/Prague,149
czptt,-SR70S-CZ-57139,Zákupy-Božíkov,50.678707,14.649919,train,0,,,,,CZ,,,,Europe/Prague,451
czptt,-SR70S-CZ-57140,Poniklá zastávka,50.666746,15.451043,train,0,,,,,CZ,,,,Europe/Prague,149
czptt,-SR70S-CZ-57141,"km 440,400=440,412",50.264083,14.302788,train,0,,,,,CZ,,,,Europe/Prague,1
czptt,-SR70S-CZ-57146-1,Praha-Stodůlky,50.062201,14.346126,train,0,-SR70ST-CZ-57146,,,,CZ,,1,,Europe/Prague,322
czptt,-SR70S-CZ-57146-3,Praha-Stodůlky,50.062201,14.346126,train,0,-SR70ST-CZ-57146,,,,CZ,,3,,Europe/Prague,368
czptt,-SR70S-CZ-57150-1,Poniklá,50.648641,15.456994,train,0,-SR70ST-CZ-57150,,,,CZ,,1,,Europe/Prague,151
czptt,-SR70S-CZ-57150-2,Poniklá,50.648641,15.456994,train,0,-SR70ST-CZ-57150,,,,CZ,,2,,Europe/Prague,5
czptt,-SR70S-CZ-57156-1,Praha-Krč,50.034178,14.446818,train,0,-SR70ST-CZ-57156,,,,CZ,,1,,Europe/Prague,1688
czptt,-SR70S-CZ-57156-10,Praha-Krč,50.034178,14.446818,train,0,-SR70ST-CZ-57156,,,,CZ,,10,,Europe/Prague,1
czptt,-SR70S-CZ-57156-1a,Praha-Krč,50.034178,14.446818,train,0,-SR70ST-CZ-57156,,,,CZ,,1a,,Europe/Prague,3
czptt,-SR70S-CZ-57156-1zc,Praha-Krč,50.034178,14.446818,train,0,-SR70ST-CZ-57156,,,,CZ,,1zc,,Europe/Prague,0
czptt,-SR70S-CZ-57156-3,Praha-Krč,50.034178,14.446818,train,0,-SR70ST-CZ-57156,,,,CZ,,3,,Europe/Prague,18
czptt,-SR70S-CZ-57156-6,Praha-Krč,50.034178,14.446818,train,0,-SR70ST-CZ-57156,,,,CZ,,6,,Europe/Prague,83
czptt,-SR70S-CZ-57156-8,Praha-Krč,50.034178,14.446818,train,0,-SR70ST-CZ-57156,,,,CZ,,8,,Europe/Prague,100
czptt,-SR70S-CZ-57159,Vlčí Důl-Dobranov,50.671312,14.607563,train,0,,,,,CZ,,,,Europe/Prague,15
czptt,-SR70S-CZ-57160-1,Jilemnice,50.604405,15.513784,train,0,-SR70ST-CZ-57160,,,,CZ,,1,,Europe/Prague,193
czptt,-SR70S-CZ-57160-3,Jilemnice,50.604405,15.513784,train,0,-SR70ST-CZ-57160,,,,CZ,,3,,Europe/Prague,7
czptt,-SR70S-CZ-57169-1,Mimoň,50.658006,14.714586,train,0,-SR70ST-CZ-57169,,,,CZ,,1,,Europe/Prague,769
czptt,-SR70S-CZ-57169-2,Mimoň,50.658006,14.714586,train,0,-SR70ST-CZ-57169,,,,CZ,,2,,Europe/Prague,83
czptt,-SR70S-CZ-57169-3,Mimoň,50.658006,14.714586,train,0,-SR70ST-CZ-57169,,,,CZ,,3,,Europe/Prague,7
czptt,-SR70S-CZ-57169-5,Mimoň,50.658006,14.714586,train,0,-SR70ST-CZ-57169,,,,CZ,,5,,Europe/Prague,0
czptt,-SR70S-CZ-57170,Horní Sytová,50.632334,15.461867,train,0,,,,,CZ,,,,Europe/Prague,156
czptt,-SR70S-CZ-57176-0,Praha-Libeň,50.100637,14.502328,train,0,-SR70ST-CZ-57176,,,,CZ,,0,,Europe/Prague,1321
czptt,-SR70S-CZ-57176-1,Praha-Libeň,50.100637,14.502328,train,0,-SR70ST-CZ-57176,,,,CZ,,1,,Europe/Prague,1513
czptt,-SR70S-CZ-57176-100,Praha-Libeň,50.100637,14.502328,train,0,-SR70ST-CZ-57176,,,,CZ,,100,,Europe/Prague,2
czptt,-SR70S-CZ-57176-101,Praha-Libeň,50.100637,14.502328,train,0,-SR70ST-CZ-57176,,,,CZ,,101,,Europe/Prague,12
czptt,-SR70S-CZ-57176-102,Praha-Libeň,50.100637,14.502328,train,0,-SR70ST-CZ-57176,,,,CZ,,102,,Europe/Prague,2
czptt,-SR70S-CZ-57176-103,Praha-Libeň,50.100637,14.502328,train,0,-SR70ST-CZ-57176,,,,CZ,,103,,Europe/Prague,6
czptt,-SR70S-CZ-57176-110,Praha-Libeň,50.100637,14.502328,train,0,-SR70ST-CZ-57176,,,,CZ,,110,,Europe/Prague,0
czptt,-SR70S-CZ-57176-116,Praha-Libeň,50.100637,14.502328,train,0,-SR70ST-CZ-57176,,,,CZ,,116,,Europe/Prague,0
czptt,-SR70S-CZ-57176-2,Praha-Libeň,50.100637,14.502328,train,0,-SR70ST-CZ-57176,,,,CZ,,2,,Europe/Prague,1113
czptt,-SR70S-CZ-57176-3,Praha-Libeň,50.100637,14.502328,train,0,-SR70ST-CZ-57176,,,,CZ,,3,,Europe/Prague,1058
czptt,-SR70S-CZ-57176-5,Praha-Libeň,50.100637,14.502328,train,0,-SR70ST-CZ-57176,,,,CZ,,5,,Europe/Prague,1
czptt,-SR70S-CZ-57176-54,Praha-Libeň,50.100637,14.502328,train,0,-SR70ST-CZ-57176,,,,CZ,,54,,Europe/Prague,0
czptt,-SR70S-CZ-57176-5a,Praha-Libeň,50.100637,14.502328,train,0,-SR70ST-CZ-57176,,,,CZ,,5a,,Europe/Prague,0
czptt,-SR70S-CZ-57176-6,Praha-Libeň,50.100637,14.502328,train,0,-SR70ST-CZ-57176,,,,CZ,,6,,Europe/Prague,224
czptt,-SR70S-CZ-57176-8,Praha-Libeň,50.100637,14.502328,train,0,-SR70ST-CZ-57176,,,,CZ,,8,,Europe/Prague,222
czptt,-SR70S-CZ-57179,Pertoltice pod Ralskem,50.677641,14.718119,train,0,,,,,CZ,,,,Europe/Prague,236
czptt,-SR70S-CZ-57180,Víchová nad Jizerou,50.627176,15.484002,train,0,,,,,CZ,,,,Europe/Prague,156
czptt,-SR70S-CZ-57187,"km 249,900 -0,030",49.927246,16.426438,train,0,,,,,CZ,,,,Europe/Prague,3
czptt,-SR70S-CZ-57189,Velký Grunov,50.698594,14.728418,train,0,,,,,CZ,,,,Europe/Prague,15
czptt,-SR70S-CZ-57190-1,Hrabačov,50.623228,15.501229,train,0,-SR70ST-CZ-57190,,,,CZ,,1,,Europe/Prague,142
czptt,-SR70S-CZ-57190-2,Hrabačov,50.623228,15.501229,train,0,-SR70ST-CZ-57190,,,,CZ,,2,,Europe/Prague,15
czptt,-SR70S-CZ-57196-1,Praha-Malešice,50.080818,14.515089,train,0,-SR70ST-CZ-57196,,,,CZ,,1,,Europe/Prague,0
czptt,-SR70S-CZ-57196-1b,Praha-Malešice,50.080818,14.515089,train,0,-SR70ST-CZ-57196,,,,CZ,,1b,,Europe/Prague,13
czptt,-SR70S-CZ-57196-2,Praha-Malešice,50.080818,14.515089,train,0,-SR70ST-CZ-57196,,,,CZ,,2,,Europe/Prague,0
czptt,-SR70S-CZ-57196-2b,Praha-Malešice,50.080818,14.515089,train,0,-SR70ST-CZ-57196,,,,CZ,,2b,,Europe/Prague,0
czptt,-SR70S-CZ-57196-3a,Praha-Malešice,50.080818,14.515089,train,0,-SR70ST-CZ-57196,,,,CZ,,3a,,Europe/Prague,0
czptt,-SR70S-CZ-57196-4,Praha-Malešice,50.080818,14.515089,train,0,-SR70ST-CZ-57196,,,,CZ,,4,,Europe/Prague,0
czptt,-SR70S-CZ-57196-93,Praha-Malešice,50.080818,14.515089,train,0,-SR70ST-CZ-57196,,,,CZ,,93,,Europe/Prague,0
czptt,-SR70S-CZ-57199-1,Brniště,50.716591,14.728752,train,0,-SR70ST-CZ-57199,,,,CZ,,1,,Europe/Prague,258
czptt,-SR70S-CZ-57199-16,Brniště,50.716591,14.728752,train,0,-SR70ST-CZ-57199,,,,CZ,,16,,Europe/Prague,6
czptt,-SR70S-CZ-57199-3,Brniště,50.716591,14.728752,train,0,-SR70ST-CZ-57199,,,,CZ,,3,,Europe/Prague,133
czptt,-SR70S-CZ-57200-1,Vrchlabí,50.618778,15.622771,train,0,-SR70ST-CZ-57200,,,,CZ,,1,,Europe/Prague,290
czptt,-SR70S-CZ-57200-2,Vrchlabí,50.618778,15.622771,train,0,-SR70ST-CZ-57200,,,,CZ,,2,,Europe/Prague,126
czptt,-SR70S-CZ-57206-1,Praha-Ruzyně,50.083944,14.310291,train,0,-SR70ST-CZ-57206,,,,CZ,,1,,Europe/Prague,1144
czptt,-SR70S-CZ-57206-2,Praha-Ruzyně,50.083944,14.310291,train,0,-SR70ST-CZ-57206,,,,CZ,,2,,Europe/Prague,0
czptt,-SR70S-CZ-57209-1,Jablonné v Podještědí,50.769426,14.758138,train,0,-SR70ST-CZ-57209,,,,CZ,,1,,Europe/Prague,786
czptt,-SR70S-CZ-57209-2,Jablonné v Podještědí,50.769426,14.758138,train,0,-SR70ST-CZ-57209,,,,CZ,,2,,Europe/Prague,3
czptt,-SR70S-CZ-57209-3,Jablonné v Podještědí,50.769426,14.758138,train,0,-SR70ST-CZ-57209,,,,CZ,,3,,Europe/Prague,29
czptt,-SR70S-CZ-57209-5,Jablonné v Podještědí,50.769426,14.758138,train,0,-SR70ST-CZ-57209,,,,CZ,,5,,Europe/Prague,27
czptt,-SR70S-CZ-57210,Podhůří,50.600664,15.624705,train,0,,,,,CZ,,,,Europe/Prague,414
czptt,-SR70S-CZ-57219,Trnovany u Litoměřic,50.543413,14.176344,train,0,,,,,CZ,,,,Europe/Prague,579
czptt,-SR70S-CZ-57220-1,Svoboda nad Úpou,50.62184,15.820368,train,0,-SR70ST-CZ-57220,,,,CZ,,1,,Europe/Prague,462
czptt,-SR70S-CZ-57220-1a,Svoboda nad Úpou,50.62184,15.820368,train,0,-SR70ST-CZ-57220,,,,CZ,,1a,,Europe/Prague,19
czptt,-SR70S-CZ-57226,Praha-Smíchov,50.061112,14.408044,train,0,,,,,CZ,,,,Europe/Prague,0
czptt,-SR70S-CZ-57226-1,Praha-Smíchov,50.061112,14.408044,train,0,-SR70ST-CZ-57226,,,,CZ,,1,,Europe/Prague,2194
czptt,-SR70S-CZ-57226-15,Praha-Smíchov,50.061112,14.408044,train,0,-SR70ST-CZ-57226,,,,CZ,,15,,Europe/Prague,108
czptt,-SR70S-CZ-57226-1A,Praha-Smíchov,50.061112,14.408044,train,0,-SR70ST-CZ-57226,,,,CZ,,1A,,Europe/Prague,104
czptt,-SR70S-CZ-57226-2,Praha-Smíchov,50.061112,14.408044,train,0,-SR70ST-CZ-57226,,,,CZ,,2,,Europe/Prague,2213
czptt,-SR70S-CZ-57226-2A,Praha-Smíchov,50.061112,14.408044,train,0,-SR70ST-CZ-57226,,,,CZ,,2A,,Europe/Prague,2
czptt,-SR70S-CZ-57226-4,Praha-Smíchov,50.061112,14.408044,train,0,-SR70ST-CZ-57226,,,,CZ,,4,,Europe/Prague,357
czptt,-SR70S-CZ-57226-6,Praha-Smíchov,50.061112,14.408044,train,0,-SR70ST-CZ-57226,,,,CZ,,6,,Europe/Prague,213
czptt,-SR70S-CZ-57226-6A,Praha-Smíchov,50.061112,14.408044,train,0,-SR70ST-CZ-57226,,,,CZ,,6A,,Europe/Prague,133
czptt,-SR70S-CZ-57226-7,Praha-Smíchov,50.061112,14.408044,train,0,-SR70ST-CZ-57226,,,,CZ,,7,,Europe/Prague,241
czptt,-SR70S-CZ-57226-8,Praha-Smíchov,50.061112,14.408044,train,0,-SR70ST-CZ-57226,,,,CZ,,8,,Europe/Prague,297
czptt,-SR70S-CZ-57226-9,Praha-Smíchov,50.061112,14.408044,train,0,-SR70ST-CZ-57226,,,,CZ,,9,,Europe/Prague,5
czptt,-SR70S-CZ-57227,Pr.-Smíchov již.zhl.,50.052731,14.408646,train,0,,,,,CZ,,,,Europe/Prague,3
czptt,-SR70S-CZ-57229,Velký Valtinov,50.742695,14.733406,train,0,,,,,CZ,,,,Europe/Prague,333
czptt,-SR70S-CZ-57230,Mladé Buky z,50.607042,15.841129,train,0,,,,,CZ,,,,Europe/Prague,481
czptt,-SR70S-CZ-57236-1,Praha Masaryk. n.,50.087651,14.434708,train,0,-SR70ST-CZ-57236,,,,CZ,,1,,Europe/Prague,680
czptt,-SR70S-CZ-57236-2,Praha Masaryk. n.,50.087651,14.434708,train,0,-SR70ST-CZ-57236,,,,CZ,,2,,Europe/Prague,735
czptt,-SR70S-CZ-57236-3,Praha Masaryk. n.,50.087651,14.434708,train,0,-SR70ST-CZ-57236,,,,CZ,,3,,Europe/Prague,459
czptt,-SR70S-CZ-57236-4,Praha Masaryk. n.,50.087651,14.434708,train,0,-SR70ST-CZ-57236,,,,CZ,,4,,Europe/Prague,459
czptt,-SR70S-CZ-57236-5,Praha Masaryk. n.,50.087651,14.434708,train,0,-SR70ST-CZ-57236,,,,CZ,,5,,Europe/Prague,410
czptt,-SR70S-CZ-57236-6,Praha Masaryk. n.,50.087651,14.434708,train,0,-SR70ST-CZ-57236,,,,CZ,,6,,Europe/Prague,512
czptt,-SR70S-CZ-57236-7,Praha Masaryk. n.,50.087651,14.434708,train,0,-SR70ST-CZ-57236,,,,CZ,,7,,Europe/Prague,350
czptt,-SR70S-CZ-57237-701,Praha Masarykovo nádraží-Viadukt,50.091264,14.442272,train,0,-SR70ST-CZ-57237,,,,CZ,,701,,Europe/Prague,12
czptt,-SR70S-CZ-57250,Trutnov-Staré m. z,50.590958,15.881808,train,0,,,,,CZ,,,,Europe/Prague,451
czptt,-SR70S-CZ-57256-1,Praha-Holešovice,50.110636,14.439706,train,0,-SR70ST-CZ-57256,,,,CZ,,1,,Europe/Prague,757
czptt,-SR70S-CZ-57256-2,Praha-Holešovice,50.110636,14.439706,train,0,-SR70ST-CZ-57256,,,,CZ,,2,,Europe/Prague,674
czptt,-SR70S-CZ-57256-3,Praha-Holešovice,50.110636,14.439706,train,0,-SR70ST-CZ-57256,,,,CZ,,3,,Europe/Prague,246
czptt,-SR70S-CZ-57256-4,Praha-Holešovice,50.110636,14.439706,train,0,-SR70ST-CZ-57256,,,,CZ,,4,,Europe/Prague,115
czptt,-SR70S-CZ-57256-5,Praha-Holešovice,50.110636,14.439706,train,0,-SR70ST-CZ-57256,,,,CZ,,5,,Europe/Prague,13
czptt,-SR70S-CZ-57261-101,Praha-Eden,50.065652,14.472449,train,0,-SR70ST-CZ-57261,,,,CZ,,101,,Europe/Prague,508
czptt,-SR70S-CZ-57261-102,Praha-Eden,50.065652,14.472449,train,0,-SR70ST-CZ-57261,,,,CZ,,102,,Europe/Prague,402
czptt,-SR70S-CZ-57261-102a,Praha-Eden,50.065652,14.472449,train,0,-SR70ST-CZ-57261,,,,CZ,,102a,,Europe/Prague,88
czptt,-SR70S-CZ-57261-201,Praha-Eden,50.065652,14.472449,train,0,-SR70ST-CZ-57261,,,,CZ,,201,,Europe/Prague,4
czptt,-SR70S-CZ-57261-202,Praha-Eden,50.065652,14.472449,train,0,-SR70ST-CZ-57261,,,,CZ,,202,,Europe/Prague,4
czptt,-SR70S-CZ-57261-203,Praha-Eden,50.065652,14.472449,train,0,-SR70ST-CZ-57261,,,,CZ,,203,,Europe/Prague,1
czptt,-SR70S-CZ-57261-205,Praha-Eden,50.065652,14.472449,train,0,-SR70ST-CZ-57261,,,,CZ,,205,,Europe/Prague,26
czptt,-SR70S-CZ-57261-205a,Praha-Eden,50.065652,14.472449,train,0,-SR70ST-CZ-57261,,,,CZ,,205a,,Europe/Prague,4
czptt,-SR70S-CZ-57266-1,Praha-Veleslavín,50.095031,14.346276,train,0,-SR70ST-CZ-57266,,,,CZ,,1,,Europe/Prague,43
czptt,-SR70S-CZ-57266-5,Praha-Veleslavín,50.095031,14.346276,train,0,-SR70ST-CZ-57266,,,,CZ,,5,,Europe/Prague,1620
czptt,-SR70S-CZ-57270-1,Lampertice,50.6736,15.929752,train,0,-SR70ST-CZ-57270,,,,CZ,,1,,Europe/Prague,12
czptt,-SR70S-CZ-57276-1,Praha-Vršovice,50.06486,14.447018,train,0,-SR70ST-CZ-57276,,,,CZ,,1,,Europe/Prague,792
czptt,-SR70S-CZ-57276-11,Praha-Vršovice,50.06486,14.447018,train,0,-SR70ST-CZ-57276,,,,CZ,,11,,Europe/Prague,548
czptt,-SR70S-CZ-57276-13,Praha-Vršovice,50.06486,14.447018,train,0,-SR70ST-CZ-57276,,,,CZ,,13,,Europe/Prague,7
czptt,-SR70S-CZ-57276-15,Praha-Vršovice,50.06486,14.447018,train,0,-SR70ST-CZ-57276,,,,CZ,,15,,Europe/Prague,17
czptt,-SR70S-CZ-57276-2,Praha-Vršovice,50.06486,14.447018,train,0,-SR70ST-CZ-57276,,,,CZ,,2,,Europe/Prague,792
czptt,-SR70S-CZ-57276-3,Praha-Vršovice,50.06486,14.447018,train,0,-SR70ST-CZ-57276,,,,CZ,,3,,Europe/Prague,481
czptt,-SR70S-CZ-57276-5,Praha-Vršovice,50.06486,14.447018,train,0,-SR70ST-CZ-57276,,,,CZ,,5,,Europe/Prague,511
czptt,-SR70S-CZ-57276-7,Praha-Vršovice,50.06486,14.447018,train,0,-SR70ST-CZ-57276,,,,CZ,,7,,Europe/Prague,684
czptt,-SR70S-CZ-57276-9,Praha-Vršovice,50.06486,14.447018,train,0,-SR70ST-CZ-57276,,,,CZ,,9,,Europe/Prague,658
czptt,-SR70S-CZ-57279-101,Praha-Zahradní Město,50.062262,14.503308,train,0,-SR70ST-CZ-57279,,,,CZ,,101,,Europe/Prague,766
czptt,-SR70S-CZ-57279-102,Praha-Zahradní Město,50.062262,14.503308,train,0,-SR70ST-CZ-57279,,,,CZ,,102,,Europe/Prague,786
czptt,-SR70S-CZ-57279-201,Praha-Zahradní Město,50.062262,14.503308,train,0,-SR70ST-CZ-57279,,,,CZ,,201,,Europe/Prague,298
czptt,-SR70S-CZ-57279-202,Praha-Zahradní Město,50.062262,14.503308,train,0,-SR70ST-CZ-57279,,,,CZ,,202,,Europe/Prague,178
czptt,-SR70S-CZ-57279-303,Praha-Zahradní Město,50.062262,14.503308,train,0,-SR70ST-CZ-57279,,,,CZ,,303,,Europe/Prague,2
czptt,-SR70S-CZ-57279-305,Praha-Zahradní Město,50.062262,14.503308,train,0,-SR70ST-CZ-57279,,,,CZ,,305,,Europe/Prague,7
czptt,-SR70S-CZ-57279-305c,Praha-Zahradní Město,50.062262,14.503308,train,0,-SR70ST-CZ-57279,,,,CZ,,305c,,Europe/Prague,0
czptt,-SR70S-CZ-57279-307,Praha-Zahradní Město,50.062262,14.503308,train,0,-SR70ST-CZ-57279,,,,CZ,,307,,Europe/Prague,0
czptt,-SR70S-CZ-57279-307b,Praha-Zahradní Město,50.062262,14.503308,train,0,-SR70ST-CZ-57279,,,,CZ,,307b,,Europe/Prague,1
czptt,-SR70S-CZ-57279-307c,Praha-Zahradní Město,50.062262,14.503308,train,0,-SR70ST-CZ-57279,,,,CZ,,307c,,Europe/Prague,334
czptt,-SR70S-CZ-57280-1,Královec,50.672989,15.970383,train,0,-SR70ST-CZ-57280,,,,CZ,,1,,Europe/Prague,150
czptt,-SR70S-CZ-57280-3,Královec,50.672989,15.970383,train,0,-SR70ST-CZ-57280,,,,CZ,,3,,Europe/Prague,18
czptt,-SR70S-CZ-57287,Praha-Kačerov,50.042254,14.463045,train,0,,,,,CZ,,,,Europe/Prague,482
czptt,-SR70S-CZ-57287-101,Praha-Kačerov,50.042254,14.463045,train,0,-SR70ST-CZ-57287,,,,CZ,,101,,Europe/Prague,890
czptt,-SR70S-CZ-57287-102,Praha-Kačerov,50.042254,14.463045,train,0,-SR70ST-CZ-57287,,,,CZ,,102,,Europe/Prague,268
czptt,-SR70S-CZ-57290,Trutnov-Zel. Louka z,50.580798,15.888258,train,0,,,,,CZ,,,,Europe/Prague,481
czptt,-SR70S-CZ-57300,Bernartice u Trutnova,50.647118,15.958765,train,0,,,,,CZ,,,,Europe/Prague,80
czptt,-SR70S-CZ-57310,Křenov,50.638216,15.935732,train,0,,,,,CZ,,,,Europe/Prague,76
czptt,-SR70S-CZ-57316-0,Praha-Vysočany,50.112291,14.497261,train,0,-SR70ST-CZ-57316,,,,CZ,,0,,Europe/Prague,1256
czptt,-SR70S-CZ-57316-1,Praha-Vysočany,50.112291,14.497261,train,0,-SR70ST-CZ-57316,,,,CZ,,1,,Europe/Prague,1652
czptt,-SR70S-CZ-57316-2,Praha-Vysočany,50.112291,14.497261,train,0,-SR70ST-CZ-57316,,,,CZ,,2,,Europe/Prague,530
czptt,-SR70S-CZ-57316-3,Praha-Vysočany,50.112291,14.497261,train,0,-SR70ST-CZ-57316,,,,CZ,,3,,Europe/Prague,337
czptt,-SR70S-CZ-57316-4,Praha-Vysočany,50.112291,14.497261,train,0,-SR70ST-CZ-57316,,,,CZ,,4,,Europe/Prague,69
czptt,-SR70S-CZ-57316-5,Praha-Vysočany,50.112291,14.497261,train,0,-SR70ST-CZ-57316,,,,CZ,,5,,Europe/Prague,1
czptt,-SR70S-CZ-57319,Litoměřice Cihelna,50.537019,14.118162,train,0,,,,,CZ,,,,Europe/Prague,1231
czptt,-SR70S-CZ-57320-1,Radvanice,50.575337,16.060063,train,0,-SR70ST-CZ-57320,,,,CZ,,1,,Europe/Prague,178
czptt,-SR70S-CZ-57330-1,Chvaleč,50.599349,16.03798,train,0,-SR70ST-CZ-57330,,,,CZ,,1,,Europe/Prague,178
czptt,-SR70S-CZ-57336-1,Praha-Čakovice,50.14891,14.519434,train,0,-SR70ST-CZ-57336,,,,CZ,,1,,Europe/Prague,906
czptt,-SR70S-CZ-57336-3,Praha-Čakovice,50.14891,14.519434,train,0,-SR70ST-CZ-57336,,,,CZ,,3,,Europe/Prague,408
czptt,-SR70S-CZ-57336-5,Praha-Čakovice,50.14891,14.519434,train,0,-SR70ST-CZ-57336,,,,CZ,,5,,Europe/Prague,147
czptt,-SR70S-CZ-57336-7,Praha-Čakovice,50.14891,14.519434,train,0,-SR70ST-CZ-57336,,,,CZ,,7,,Europe/Prague,0
czptt,-SR70S-CZ-57337,hr.VUSC 0100/0200 02,50.177379,14.526992,train,0,,,,,CZ,,,,Europe/Prague,4
czptt,-SR70S-CZ-57340-1,Janovice u Trutnova,50.587005,16.084775,train,0,-SR70ST-CZ-57340,,,,CZ,,1,,Europe/Prague,89
czptt,-SR70S-CZ-57340-2,Janovice u Trutnova,50.587005,16.084775,train,0,-SR70ST-CZ-57340,,,,CZ,,2,,Europe/Prague,112
czptt,-SR70S-CZ-57346,Praha-Horní Měcholupy,50.047964,14.56564,train,0,,,,,CZ,,,,Europe/Prague,919
czptt,-SR70S-CZ-57350-1,Adršpach,50.61545,16.124248,train,0,-SR70ST-CZ-57350,,,,CZ,,1,,Europe/Prague,199
czptt,-SR70S-CZ-57350-2,Adršpach,50.61545,16.124248,train,0,-SR70ST-CZ-57350,,,,CZ,,2,,Europe/Prague,250
czptt,-SR70S-CZ-57356,Praha-Kbely,50.134939,14.555868,train,0,,,,,CZ,,,,Europe/Prague,767
czptt,-SR70S-CZ-57360,Hodkovice u Trutnova,50.604708,16.071981,train,0,,,,,CZ,,,,Europe/Prague,173
czptt,-SR70S-CZ-57366,Praha-Kyje,50.097165,14.544349,train,0,,,,,CZ,,,,Europe/Prague,2000
czptt,-SR70S-CZ-57370,Horní Adršpach,50.623162,16.083105,train,0,,,,,CZ,,,,Europe/Prague,215
czptt,-SR70S-CZ-57376-1,Praha-Modřany,49.997216,14.404327,train,0,-SR70ST-CZ-57376,,,,CZ,,1,,Europe/Prague,34
czptt,-SR70S-CZ-57380,Teplice nad Metují skály,50.596909,16.149642,train,0,,,,,CZ,,,,Europe/Prague,449
czptt,-SR70S-CZ-57386-1a,Praha-Modřany zastávka,50.003912,14.403007,train,0,-SR70ST-CZ-57386,,,,CZ,,1a,,Europe/Prague,1335
czptt,-SR70S-CZ-57386-3a,Praha-Modřany zastávka,50.003912,14.403007,train,0,-SR70ST-CZ-57386,,,,CZ,,3a,,Europe/Prague,643
czptt,-SR70S-CZ-57390-1,Teplice nad Metují město,50.592822,16.172348,train,0,-SR70ST-CZ-57390,,,,CZ,,1,,Europe/Prague,390
czptt,-SR70S-CZ-57390-3,Teplice nad Metují město,50.592822,16.172348,train,0,-SR70ST-CZ-57390,,,,CZ,,3,,Europe/Prague,173
czptt,-SR70S-CZ-57396,Praha-Velká Chuchle,50.007208,14.388233,train,0,,,,,CZ,,,,Europe/Prague,2533
czptt,-SR70S-CZ-57410-1,Malé Svatoňovice,50.529665,16.050628,train,0,-SR70ST-CZ-57410,,,,CZ,,1,,Europe/Prague,535
czptt,-SR70S-CZ-57410-2,Malé Svatoňovice,50.529665,16.050628,train,0,-SR70ST-CZ-57410,,,,CZ,,2,,Europe/Prague,326
czptt,-SR70S-CZ-57410-3,Malé Svatoňovice,50.529665,16.050628,train,0,-SR70ST-CZ-57410,,,,CZ,,3,,Europe/Prague,2
czptt,-SR70S-CZ-57420,Suchovršice,50.532449,16.005528,train,0,,,,,CZ,,,,Europe/Prague,175
czptt,-SR70S-CZ-57430,Velké Svatoňovice,50.540212,16.02201,train,0,,,,,CZ,,,,Europe/Prague,862
czptt,-SR70S-CZ-57440,Rtyně v Podkrkonoší,50.515659,16.073125,train,0,,,,,CZ,,,,Europe/Prague,934
czptt,-SR70S-CZ-57450-1,Červený Kostelec,50.483738,16.07542,train,0,-SR70ST-CZ-57450,,,,CZ,,1,,Europe/Prague,844
czptt,-SR70S-CZ-57450-2,Červený Kostelec,50.483738,16.07542,train,0,-SR70ST-CZ-57450,,,,CZ,,2,,Europe/Prague,71
czptt,-SR70S-CZ-57450-3,Červený Kostelec,50.483738,16.07542,train,0,-SR70ST-CZ-57450,,,,CZ,,3,,Europe/Prague,73
czptt,-SR70S-CZ-57460,Rtyně v Podkrkonoší zastávka,50.499554,16.091095,train,0,,,,,CZ,,,,Europe/Prague,409
czptt,-SR70S-CZ-57470,Olešnice,50.457492,16.084239,train,0,,,,,CZ,,,,Europe/Prague,400
czptt,-SR70S-CZ-57480-1,Starkoč,50.411112,16.100771,train,0,-SR70ST-CZ-57480,,,,CZ,,1,,Europe/Prague,718
czptt,-SR70S-CZ-57480-2,Starkoč,50.411112,16.100771,train,0,-SR70ST-CZ-57480,,,,CZ,,2,,Europe/Prague,395
czptt,-SR70S-CZ-57480-2a,Starkoč,50.411112,16.100771,train,0,-SR70ST-CZ-57480,,,,CZ,,2a,,Europe/Prague,15
czptt,-SR70S-CZ-57480-3,Starkoč,50.411112,16.100771,train,0,-SR70ST-CZ-57480,,,,CZ,,3,,Europe/Prague,96
czptt,-SR70S-CZ-57480-5,Starkoč,50.411112,16.100771,train,0,-SR70ST-CZ-57480,,,,CZ,,5,,Europe/Prague,129
czptt,-SR70S-CZ-57480-7,Starkoč,50.411112,16.100771,train,0,-SR70ST-CZ-57480,,,,CZ,,7,,Europe/Prague,90
czptt,-SR70S-CZ-57490,Řešetova Lhota,50.43046,16.102912,train,0,,,,,CZ,,,,Europe/Prague,30
czptt,-SR70S-CZ-57500-1,Česká Skalice,50.39554,16.054034,train,0,-SR70ST-CZ-57500,,,,CZ,,1,,Europe/Prague,439
czptt,-SR70S-CZ-57500-2,Česká Skalice,50.39554,16.054034,train,0,-SR70ST-CZ-57500,,,,CZ,,2,,Europe/Prague,471
czptt,-SR70S-CZ-57500-3,Česká Skalice,50.39554,16.054034,train,0,-SR70ST-CZ-57500,,,,CZ,,3,,Europe/Prague,2
czptt,-SR70S-CZ-57510,Velká Jesenice,50.375558,16.029143,train,0,,,,,CZ,,,,Europe/Prague,21
czptt,-SR70S-CZ-57522-1,Hrádek nad Nisou,50.855294,14.84715,train,0,-SR70ST-CZ-57522,,,,CZ,,1,,Europe/Prague,938
czptt,-SR70S-CZ-57522-2,Hrádek nad Nisou,50.855294,14.84715,train,0,-SR70ST-CZ-57522,,,,CZ,,2,,Europe/Prague,423
czptt,-SR70S-CZ-57522-4,Hrádek nad Nisou,50.855294,14.84715,train,0,-SR70ST-CZ-57522,,,,CZ,,4,,Europe/Prague,10
czptt,-SR70S-CZ-57542,Chotyně,50.837498,14.872035,train,0,,,,,CZ,,,,Europe/Prague,917
czptt,-SR70S-CZ-57552-1,Chrastava,50.812876,14.952641,train,0,-SR70ST-CZ-57552,,,,CZ,,1,,Europe/Prague,749
czptt,-SR70S-CZ-57552-2,Chrastava,50.812876,14.952641,train,0,-SR70ST-CZ-57552,,,,CZ,,2,,Europe/Prague,7
czptt,-SR70S-CZ-57552-3,Chrastava,50.812876,14.952641,train,0,-SR70ST-CZ-57552,,,,CZ,,3,,Europe/Prague,570
czptt,-SR70S-CZ-57562,Bílý Kostel nad Nisou,50.821152,14.918578,train,0,,,,,CZ,,,,Europe/Prague,917
czptt,-SR70S-CZ-57572,Chrastava-Andělská Hora,50.79676,14.957783,train,0,,,,,CZ,,,,Europe/Prague,701
czptt,-SR70S-CZ-57582,Machnín hrad,50.787633,14.972175,train,0,,,,,CZ,,,,Europe/Prague,339
czptt,-SR70S-CZ-57592,Machnín,50.787389,14.98441,train,0,,,,,CZ,,,,Europe/Prague,657
czptt,-SR70S-CZ-57600,Pardubice-Semtín,50.061908,15.748196,train,0,,,,,CZ,,,,Europe/Prague,413
czptt,-SR70S-CZ-58000-103,Čáslav,49.915545,15.395982,train,0,-SR70ST-CZ-58000,,,,CZ,,103,,Europe/Prague,218
czptt,-SR70S-CZ-58001,Č.Třebová odj.sk.,49.896813,16.446158,train,0,,,,,CZ,,,,Europe/Prague,38
czptt,-SR70S-CZ-58001-11,Č.Třebová odj.sk.,49.896813,16.446158,train,0,-SR70ST-CZ-58001,,,,CZ,,11,,Europe/Prague,0
czptt,-SR70S-CZ-58001-15,Č.Třebová odj.sk.,49.896813,16.446158,train,0,-SR70ST-CZ-58001,,,,CZ,,15,,Europe/Prague,0
czptt,-SR70S-CZ-58001-21,Č.Třebová odj.sk.,49.896813,16.446158,train,0,-SR70ST-CZ-58001,,,,CZ,,21,,Europe/Prague,0
czptt,-SR70S-CZ-58001-23,Č.Třebová odj.sk.,49.896813,16.446158,train,0,-SR70ST-CZ-58001,,,,CZ,,23,,Europe/Prague,0
czptt,-SR70S-CZ-58001-33,Č.Třebová odj.sk.,49.896813,16.446158,train,0,-SR70ST-CZ-58001,,,,CZ,,33,,Europe/Prague,4
czptt,-SR70S-CZ-58001-7,Č.Třebová odj.sk.,49.896813,16.446158,train,0,-SR70ST-CZ-58001,,,,CZ,,7,,Europe/Prague,14
czptt,-SR70S-CZ-58001-9,Č.Třebová odj.sk.,49.896813,16.446158,train,0,-SR70ST-CZ-58001,,,,CZ,,9,,Europe/Prague,0
czptt,-SR70S-CZ-58002-107,Č.Třebová vjezd.sk.,49.874195,16.471601,train,0,-SR70ST-CZ-58002,,,,CZ,,107,,Europe/Prague,0
czptt,-SR70S-CZ-58002-110,Č.Třebová vjezd.sk.,49.874195,16.471601,train,0,-SR70ST-CZ-58002,,,,CZ,,110,,Europe/Prague,0
czptt,-SR70S-CZ-58007-2,Kolín seř.n.,50.019109,15.224233,train,0,-SR70ST-CZ-58007,,,,CZ,,2,,Europe/Prague,3
czptt,-SR70S-CZ-58007-42,Kolín seř.n.,50.019109,15.224233,train,0,-SR70ST-CZ-58007,,,,CZ,,42,,Europe/Prague,1
czptt,-SR70S-CZ-58009-102,Lovosice jih,50.506147,14.076548,train,0,-SR70ST-CZ-58009,,,,CZ,,102,,Europe/Prague,0
czptt,-SR70S-CZ-58013,Zádulka odbočka,49.856261,16.475487,train,0,,,,,CZ,,,,Europe/Prague,2
czptt,-SR70S-CZ-58019-2,Ústí n.L.z.vnější n.,50.65628,14.019102,train,0,-SR70ST-CZ-58019,,,,CZ,,2,,Europe/Prague,1
czptt,-SR70S-CZ-58019-9,Ústí n.L.z.vnější n.,50.65628,14.019102,train,0,-SR70ST-CZ-58019,,,,CZ,,9,,Europe/Prague,1
czptt,-SR70S-CZ-58027,"Km 68,720",50.479485,15.526847,train,0,,,,,CZ,,,,Europe/Prague,0
czptt,-SR70S-CZ-58033,Parník odbočka,49.921071,16.431828,train,0,,,,,CZ,,,,Europe/Prague,4
czptt,-SR70S-CZ-58044-1,ELNA Opatovice,50.125797,15.789956,train,0,-SR70ST-CZ-58044,,,,CZ,,1,,Europe/Prague,1
czptt,-SR70S-CZ-58044-2,ELNA Opatovice,50.125797,15.789956,train,0,-SR70ST-CZ-58044,,,,CZ,,2,,Europe/Prague,0
czptt,-SR70S-CZ-58066,Blatov odbočka,50.084429,14.629429,train,0,,,,,CZ,,,,Europe/Prague,3
czptt,-SR70S-CZ-58073-1,Cejřov hláska,49.844786,15.950398,train,0,-SR70ST-CZ-58073,,,,CZ,,1,,Europe/Prague,0
czptt,-SR70S-CZ-58083-201,Nymburk předjízd.n.,50.189026,15.06337,train,0,-SR70ST-CZ-58083,,,,CZ,,201,,Europe/Prague,46
czptt,-SR70S-CZ-58083-202,Nymburk předjízd.n.,50.189026,15.06337,train,0,-SR70ST-CZ-58083,,,,CZ,,202,,Europe/Prague,34
czptt,-SR70S-CZ-58091-5c,MB hl.n. kol.č. 5c,50.408265,14.894562,train,0,-SR70ST-CZ-58091,,,,CZ,,5c,,Europe/Prague,0
czptt,-SR70S-CZ-58095,Praha-Holešovice - Stromovka,50.11026,14.424452,train,0,,,,,CZ,,,,Europe/Prague,0
czptt,-SR70S-CZ-58104-6a,Neratovice kol. č.6a,50.262048,14.522624,train,0,-SR70ST-CZ-58104,,,,CZ,,6a,,Europe/Prague,41
czptt,-SR70S-CZ-58109-102,Ústí nad Labem jih,50.644778,14.043549,train,0,-SR70ST-CZ-58109,,,,CZ,,102,,Europe/Prague,0
czptt,-SR70S-CZ-58117-1s,Praha-Smíchov sever. n.,50.06326,14.406635,train,0,-SR70ST-CZ-58117,,,,CZ,,1s,,Europe/Prague,53
czptt,-SR70S-CZ-58117-3s,Praha-Smíchov sever. n.,50.06326,14.406635,train,0,-SR70ST-CZ-58117,,,,CZ,,3s,,Europe/Prague,102
czptt,-SR70S-CZ-58117-5s,Praha-Smíchov sever. n.,50.06326,14.406635,train,0,-SR70ST-CZ-58117,,,,CZ,,5s,,Europe/Prague,74
czptt,-SR70S-CZ-58149,Dubina odbočka,50.445719,13.362666,train,0,,,,,CZ,,,,Europe/Prague,0
czptt,-SR70S-CZ-58158,Ústí n.L.západ St.1,50.657754,14.033051,train,0,,,,,CZ,,,,Europe/Prague,0
czptt,-SR70S-CZ-58206,Jeneček odbočka,50.087252,14.239512,train,0,,,,,CZ,,,,Europe/Prague,2
czptt,-SR70S-CZ-58219,Chomutov město,50.469803,13.413699,train,0,,,,,CZ,,,,Europe/Prague,1552
czptt,-SR70S-CZ-58269,Soutěska hradlo,50.74732,14.261245,train,0,,,,,CZ,,,,Europe/Prague,0
czptt,-SR70S-CZ-58289,Varnsdorf staré nádraží st. hr.,50.921149,14.604024,train,0,,,,,CZ,,,,Europe/Prague,0
czptt,-SR70S-CZ-58316,Skochovice,49.920996,14.377726,train,0,,,,,CZ,,,,Europe/Prague,1754
czptt,-SR70S-CZ-58321,Praha M.n.-Sluncová,50.091699,14.460163,train,0,,,,,CZ,,,,Europe/Prague,0
czptt,-SR70S-CZ-58322,Rokytka výhybka č.1 odbočka,50.101847,14.480344,train,0,,,,,CZ,,,,Europe/Prague,0
czptt,-SR70S-CZ-58323,P.hl.n.-Vítkov v.301,50.093168,14.469236,train,0,,,,,CZ,,,,Europe/Prague,36
czptt,-SR70S-CZ-58346,Rokytka odbočka,50.109431,14.478179,train,0,,,,,CZ,,,,Europe/Prague,3
czptt,-SR70S-CZ-58366-502,Praha-Vyšehrad výhybna,50.067528,14.419941,train,0,-SR70ST-CZ-58366,,,,CZ,,502,,Europe/Prague,0
czptt,-SR70S-CZ-58376-1,Praha Jih,50.051407,14.467388,train,0,-SR70ST-CZ-58376,,,,CZ,,1,,Europe/Prague,2
czptt,-SR70S-CZ-58376-11,Praha Jih,50.051407,14.467388,train,0,-SR70ST-CZ-58376,,,,CZ,,11,,Europe/Prague,0
czptt,-SR70S-CZ-58376-501,Praha Jih,50.051407,14.467388,train,0,-SR70ST-CZ-58376,,,,CZ,,501,,Europe/Prague,4
czptt,-SR70S-CZ-58376-511,Praha Jih,50.051407,14.467388,train,0,-SR70ST-CZ-58376,,,,CZ,,511,,Europe/Prague,39
czptt,-SR70S-CZ-58376-7,Praha Jih,50.051407,14.467388,train,0,-SR70ST-CZ-58376,,,,CZ,,7,,Europe/Prague,0
czptt,-SR70S-CZ-58377-459,Praha-Michle autovlak,50.052957,14.469673,train,0,-SR70ST-CZ-58377,,,,CZ,,459,,Europe/Prague,13
czptt,-SR70S-CZ-58488,Praha-Zlíchov,50.043126,14.40614,train,0,,,,,CZ,,,,Europe/Prague,194
czptt,-SR70S-CZ-58689-1,Děčín východ dol.n.,50.775748,14.223894,train,0,-SR70ST-CZ-58689,,,,CZ,,1,,Europe/Prague,0
czptt,-SR70S-CZ-58689-12,Děčín východ dol.n.,50.775748,14.223894,train,0,-SR70ST-CZ-58689,,,,CZ,,12,,Europe/Prague,8
czptt,-SR70S-CZ-58689-16,Děčín východ dol.n.,50.775748,14.223894,train,0,-SR70ST-CZ-58689,,,,CZ,,16,,Europe/Prague,1
czptt,-SR70S-CZ-58689-2,Děčín východ dol.n.,50.775748,14.223894,train,0,-SR70ST-CZ-58689,,,,CZ,,2,,Europe/Prague,18
czptt,-SR70S-CZ-58689-24,Děčín východ dol.n.,50.775748,14.223894,train,0,-SR70ST-CZ-58689,,,,CZ,,24,,Europe/Prague,0
czptt,-SR70S-CZ-58689-24a,Děčín východ dol.n.,50.775748,14.223894,train,0,-SR70ST-CZ-58689,,,,CZ,,24a,,Europe/Prague,0
czptt,-SR70S-CZ-58689-34,Děčín východ dol.n.,50.775748,14.223894,train,0,-SR70ST-CZ-58689,,,,CZ,,34,,Europe/Prague,3
czptt,-SR70S-CZ-58841,Odb Černý Most,50.113,14.58155,train,0,,,,,CZ,,,,Europe/Prague,0
czptt,-SR70S-CZ-70222,Horní Dvořiště státní hranice,48.593071,14.43371,train,0,,,,,CZ,,,,Europe/Prague,14
czptt,-SR70S-CZ-70632,České Velenice státní hranice,48.764446,14.968325,train,0,,,,,CZ,,,,Europe/Prague,7
czptt,-SR70S-CZ-70805,Česká Kubice státní hranice,49.332912,12.879467,train,0,,,,,CZ,,,,Europe/Prague,13
czptt,-SR70S-CZ-73005-1,Aš,50.208962,12.199942,train,0,-SR70ST-CZ-73005,,,,CZ,,1,,Europe/Prague,243
czptt,-SR70S-CZ-73005-1a,Aš,50.208962,12.199942,train,0,-SR70ST-CZ-73005,,,,CZ,,1a,,Europe/Prague,33
czptt,-SR70S-CZ-73005-6,Aš,50.208962,12.199942,train,0,-SR70ST-CZ-73005,,,,CZ,,6,,Europe/Prague,268
czptt,-SR70S-CZ-73005-8,Aš,50.208962,12.199942,train,0,-SR70ST-CZ-73005,,,,CZ,,8,,Europe/Prague,13
czptt,-SR70S-CZ-73014,Dobrá Voda u Březnice,49.556123,13.999295,train,0,,,,,CZ,,,,Europe/Prague,239
czptt,-SR70S-CZ-73015-1,Aš město,50.218928,12.183507,train,0,-SR70ST-CZ-73015,,,,CZ,,1,,Europe/Prague,281
czptt,-SR70S-CZ-73022-1,Mirovice,49.509911,14.034329,train,0,-SR70ST-CZ-73022,,,,CZ,,1,,Europe/Prague,731
czptt,-SR70S-CZ-73022-3,Mirovice,49.509911,14.034329,train,0,-SR70ST-CZ-73022,,,,CZ,,3,,Europe/Prague,89
czptt,-SR70S-CZ-73025,Aš předměstí,50.229267,12.174172,train,0,,,,,CZ,,,,Europe/Prague,33
czptt,-SR70S-CZ-73032,Myslín,49.528673,14.024873,train,0,,,,,CZ,,,,Europe/Prague,239
czptt,-SR70S-CZ-73035,Štítary,50.24326,12.155811,train,0,,,,,CZ,,,,Europe/Prague,33
czptt,-SR70S-CZ-73042-1,Čimelice,49.47022,14.076705,train,0,-SR70ST-CZ-73042,,,,CZ,,1,,Europe/Prague,708
czptt,-SR70S-CZ-73042-2,Čimelice,49.47022,14.076705,train,0,-SR70ST-CZ-73042,,,,CZ,,2,,Europe/Prague,117
czptt,-SR70S-CZ-73045,Podhradí,50.252942,12.176244,train,0,,,,,CZ,,,,Europe/Prague,33
czptt,-SR70S-CZ-73052,Smetanova Lhota,49.445803,14.081789,train,0,,,,,CZ,,,,Europe/Prague,317
czptt,-SR70S-CZ-73055-1,Studánka,50.27761,12.176839,train,0,-SR70ST-CZ-73055,,,,CZ,,1,,Europe/Prague,33
czptt,-SR70S-CZ-73062,Dolní Ostrovec,49.4139,14.113076,train,0,,,,,CZ,,,,Europe/Prague,309
czptt,-SR70S-CZ-73065-1,Hranice v Čechách,50.302057,12.181994,train,0,-SR70ST-CZ-73065,,,,CZ,,1,,Europe/Prague,34
czptt,-SR70S-CZ-73072-1,Vráž u Písku,49.391907,14.124607,train,0,-SR70ST-CZ-73072,,,,CZ,,1,,Europe/Prague,303
czptt,-SR70S-CZ-73072-3,Vráž u Písku,49.391907,14.124607,train,0,-SR70ST-CZ-73072,,,,CZ,,3,,Europe/Prague,18
czptt,-SR70S-CZ-73074-0,Beroun,49.957548,14.077924,train,0,-SR70ST-CZ-73074,,,,CZ,,0,,Europe/Prague,1086
czptt,-SR70S-CZ-73074-0a,Beroun,49.957548,14.077924,train,0,-SR70ST-CZ-73074,,,,CZ,,0a,,Europe/Prague,413
czptt,-SR70S-CZ-73074-1,Beroun,49.957548,14.077924,train,0,-SR70ST-CZ-73074,,,,CZ,,1,,Europe/Prague,674
czptt,-SR70S-CZ-73074-10,Beroun,49.957548,14.077924,train,0,-SR70ST-CZ-73074,,,,CZ,,10,,Europe/Prague,396
czptt,-SR70S-CZ-73074-1a,Beroun,49.957548,14.077924,train,0,-SR70ST-CZ-73074,,,,CZ,,1a,,Europe/Prague,36
czptt,-SR70S-CZ-73074-2,Beroun,49.957548,14.077924,train,0,-SR70ST-CZ-73074,,,,CZ,,2,,Europe/Prague,892
czptt,-SR70S-CZ-73074-2a,Beroun,49.957548,14.077924,train,0,-SR70ST-CZ-73074,,,,CZ,,2a,,Europe/Prague,4
czptt,-SR70S-CZ-73074-3,Beroun,49.957548,14.077924,train,0,-SR70ST-CZ-73074,,,,CZ,,3,,Europe/Prague,145
czptt,-SR70S-CZ-73074-4,Beroun,49.957548,14.077924,train,0,-SR70ST-CZ-73074,,,,CZ,,4,,Europe/Prague,5
czptt,-SR70S-CZ-73074-5b,Beroun,49.957548,14.077924,train,0,-SR70ST-CZ-73074,,,,CZ,,5b,,Europe/Prague,71
czptt,-SR70S-CZ-73074-6,Beroun,49.957548,14.077924,train,0,-SR70ST-CZ-73074,,,,CZ,,6,,Europe/Prague,380
czptt,-SR70S-CZ-73074-6a,Beroun,49.957548,14.077924,train,0,-SR70ST-CZ-73074,,,,CZ,,6a,,Europe/Prague,345
czptt,-SR70S-CZ-73074-8,Beroun,49.957548,14.077924,train,0,-SR70ST-CZ-73074,,,,CZ,,8,,Europe/Prague,233
czptt,-SR70S-CZ-73082-1,Čížová,49.353584,14.097721,train,0,-SR70ST-CZ-73082,,,,CZ,,1,,Europe/Prague,692
czptt,-SR70S-CZ-73082-2,Čížová,49.353584,14.097721,train,0,-SR70ST-CZ-73082,,,,CZ,,2,,Europe/Prague,68
czptt,-SR70S-CZ-73082-3,Čížová,49.353584,14.097721,train,0,-SR70ST-CZ-73082,,,,CZ,,3,,Europe/Prague,33
czptt,-SR70S-CZ-73084,Králův Dvůr,49.942682,14.040029,train,0,,,,,CZ,,,,Europe/Prague,487
czptt,-SR70S-CZ-73092,Písek zastávka,49.312604,14.136039,train,0,,,,,CZ,,,,Europe/Prague,344
czptt,-SR70S-CZ-73094,Králův Dvůr - Popovice,49.928834,14.021056,train,0,,,,,CZ,,,,Europe/Prague,487
czptt,-SR70S-CZ-73095,Vojtanov obec,50.162243,12.313157,train,0,,,,,CZ,,,,Europe/Prague,262
czptt,-SR70S-CZ-73102,Horní Nerestce,49.497852,14.056699,train,0,,,,,CZ,,,,Europe/Prague,344
czptt,-SR70S-CZ-73104-1,Zdice,49.907726,13.979407,train,0,-SR70ST-CZ-73104,,,,CZ,,1,,Europe/Prague,745
czptt,-SR70S-CZ-73104-2,Zdice,49.907726,13.979407,train,0,-SR70ST-CZ-73104,,,,CZ,,2,,Europe/Prague,695
czptt,-SR70S-CZ-73104-3,Zdice,49.907726,13.979407,train,0,-SR70ST-CZ-73104,,,,CZ,,3,,Europe/Prague,675
czptt,-SR70S-CZ-73104-3a,Zdice,49.907726,13.979407,train,0,-SR70ST-CZ-73104,,,,CZ,,3a,,Europe/Prague,3
czptt,-SR70S-CZ-73104-5,Zdice,49.907726,13.979407,train,0,-SR70ST-CZ-73104,,,,CZ,,5,,Europe/Prague,13
czptt,-SR70S-CZ-73104-7,Zdice,49.907726,13.979407,train,0,-SR70ST-CZ-73104,,,,CZ,,7,,Europe/Prague,0
czptt,-SR70S-CZ-73114,Stašov,49.885903,13.959387,train,0,,,,,CZ,,,,Europe/Prague,159
czptt,-SR70S-CZ-73122,Heřmaň,49.244258,14.140063,train,0,,,,,CZ,,,,Europe/Prague,211
czptt,-SR70S-CZ-73124,Praskolesy,49.868674,13.929221,train,0,,,,,CZ,,,,Europe/Prague,159
czptt,-SR70S-CZ-73134-1,Hořovice,49.843189,13.899049,train,0,-SR70ST-CZ-73134,,,,CZ,,1,,Europe/Prague,674
czptt,-SR70S-CZ-73134-2,Hořovice,49.843189,13.899049,train,0,-SR70ST-CZ-73134,,,,CZ,,2,,Europe/Prague,612
czptt,-SR70S-CZ-73134-3,Hořovice,49.843189,13.899049,train,0,-SR70ST-CZ-73134,,,,CZ,,3,,Europe/Prague,196
czptt,-SR70S-CZ-73134-4,Hořovice,49.843189,13.899049,train,0,-SR70ST-CZ-73134,,,,CZ,,4,,Europe/Prague,6
czptt,-SR70S-CZ-73141,Hudčice,49.527748,13.928796,train,0,,,,,CZ,,,,Europe/Prague,435
czptt,-SR70S-CZ-73144,Cerhovice,49.836331,13.837055,train,0,,,,,CZ,,,,Europe/Prague,261
czptt,-SR70S-CZ-73151,Slavětín u Březnice,49.523262,13.895188,train,0,,,,,CZ,,,,Europe/Prague,413
czptt,-SR70S-CZ-73160,Kařez,49.822169,13.778899,train,0,,,,,CZ,,,,Europe/Prague,1363
czptt,-SR70S-CZ-73162-1,Bělčice,49.504098,13.886011,train,0,-SR70ST-CZ-73162,,,,CZ,,1,,Europe/Prague,396
czptt,-SR70S-CZ-73162-2,Bělčice,49.504098,13.886011,train,0,-SR70ST-CZ-73162,,,,CZ,,2,,Europe/Prague,39
czptt,-SR70S-CZ-73165-1,Kařízek,49.800792,13.767871,train,0,-SR70ST-CZ-73165,,,,CZ,,1,,Europe/Prague,133
czptt,-SR70S-CZ-73165-2,Kařízek,49.800792,13.767871,train,0,-SR70ST-CZ-73165,,,,CZ,,2,,Europe/Prague,128
czptt,-SR70S-CZ-73172,Závišín,49.480573,13.870249,train,0,,,,,CZ,,,,Europe/Prague,353
czptt,-SR70S-CZ-73175,Mýto,49.783486,13.740332,train,0,,,,,CZ,,,,Europe/Prague,261
czptt,-SR70S-CZ-73182,Bezdědovice,49.445079,13.87571,train,0,,,,,CZ,,,,Europe/Prague,353
czptt,-SR70S-CZ-73185-1,Holoubkov,49.774001,13.700041,train,0,-SR70ST-CZ-73185,,,,CZ,,1,,Europe/Prague,133
czptt,-SR70S-CZ-73185-2,Holoubkov,49.774001,13.700041,train,0,-SR70ST-CZ-73185,,,,CZ,,2,,Europe/Prague,128
czptt,-SR70S-CZ-73192,Mačkov,49.401521,13.886039,train,0,,,,,CZ,,,,Europe/Prague,299
czptt,-SR70S-CZ-73195,Svojkovice,49.755055,13.655807,train,0,,,,,CZ,,,,Europe/Prague,261
czptt,-SR70S-CZ-73202-1,Sedlice,49.384607,13.936516,train,0,-SR70ST-CZ-73202,,,,CZ,,1,,Europe/Prague,300
czptt,-SR70S-CZ-73205-1,Rokycany,49.740005,13.592451,train,0,-SR70ST-CZ-73205,,,,CZ,,1,,Europe/Prague,753
czptt,-SR70S-CZ-73205-2,Rokycany,49.740005,13.592451,train,0,-SR70ST-CZ-73205,,,,CZ,,2,,Europe/Prague,716
czptt,-SR70S-CZ-73205-3,Rokycany,49.740005,13.592451,train,0,-SR70ST-CZ-73205,,,,CZ,,3,,Europe/Prague,192
czptt,-SR70S-CZ-73205-3a,Rokycany,49.740005,13.592451,train,0,-SR70ST-CZ-73205,,,,CZ,,3a,,Europe/Prague,40
czptt,-SR70S-CZ-73205-4,Rokycany,49.740005,13.592451,train,0,-SR70ST-CZ-73205,,,,CZ,,4,,Europe/Prague,153
czptt,-SR70S-CZ-73205-5,Rokycany,49.740005,13.592451,train,0,-SR70ST-CZ-73205,,,,CZ,,5,,Europe/Prague,2
czptt,-SR70S-CZ-73205-6,Rokycany,49.740005,13.592451,train,0,-SR70ST-CZ-73205,,,,CZ,,6,,Europe/Prague,53
czptt,-SR70S-CZ-73212,Sedlice město,49.378223,13.944586,train,0,,,,,CZ,,,,Europe/Prague,299
czptt,-SR70S-CZ-73215,Klabava,49.749136,13.538137,train,0,,,,,CZ,,,,Europe/Prague,412
czptt,-SR70S-CZ-73222,Rojice,49.348339,13.950253,train,0,,,,,CZ,,,,Europe/Prague,214
czptt,-SR70S-CZ-73225-1,Ejpovice,49.751575,13.511726,train,0,-SR70ST-CZ-73225,,,,CZ,,1,,Europe/Prague,221
czptt,-SR70S-CZ-73225-2,Ejpovice,49.751575,13.511726,train,0,-SR70ST-CZ-73225,,,,CZ,,2,,Europe/Prague,208
czptt,-SR70S-CZ-73225-4,Ejpovice,49.751575,13.511726,train,0,-SR70ST-CZ-73225,,,,CZ,,4,,Europe/Prague,258
czptt,-SR70S-CZ-73232,Velká Turná,49.336847,13.956808,train,0,,,,,CZ,,,,Europe/Prague,299
czptt,-SR70S-CZ-73235,Dýšina-Horomyslice,49.76802,13.504239,train,0,,,,,CZ,,,,Europe/Prague,85
czptt,-SR70S-CZ-73242-1,Radomyšl,49.320238,13.948527,train,0,-SR70ST-CZ-73242,,,,CZ,,1,,Europe/Prague,231
czptt,-SR70S-CZ-73242-2,Radomyšl,49.320238,13.948527,train,0,-SR70ST-CZ-73242,,,,CZ,,2,,Europe/Prague,68
czptt,-SR70S-CZ-73245-1,Chrást u Plzně,49.785307,13.497645,train,0,-SR70ST-CZ-73245,,,,CZ,,1,,Europe/Prague,156
czptt,-SR70S-CZ-73245-3,Chrást u Plzně,49.785307,13.497645,train,0,-SR70ST-CZ-73245,,,,CZ,,3,,Europe/Prague,134
czptt,-SR70S-CZ-73252,Radomyšl zastávka,49.313406,13.932669,train,0,,,,,CZ,,,,Europe/Prague,299
czptt,-SR70S-CZ-73255,Chrást u Plzně obec,49.791502,13.491294,train,0,,,,,CZ,,,,Europe/Prague,290
czptt,-SR70S-CZ-73262,Domanice,49.300619,13.915618,train,0,,,,,CZ,,,,Europe/Prague,299
czptt,-SR70S-CZ-73265,Plzeň-Doubravka,49.758674,13.416272,train,0,,,,,CZ,,,,Europe/Prague,824
czptt,-SR70S-CZ-73272,Řepice,49.278092,13.914017,train,0,,,,,CZ,,,,Europe/Prague,299
czptt,-SR70S-CZ-73275-1,Plzeň hl. n.,49.74354,13.388033,train,0,-SR70ST-CZ-73275,,,,CZ,,1,,Europe/Prague,469
czptt,-SR70S-CZ-73275-101,Plzeň hl. n.,49.74354,13.388033,train,0,-SR70ST-CZ-73275,,,,CZ,,101,,Europe/Prague,122
czptt,-SR70S-CZ-73275-101a,Plzeň hl. n.,49.74354,13.388033,train,0,-SR70ST-CZ-73275,,,,CZ,,101a,,Europe/Prague,243
czptt,-SR70S-CZ-73275-102,Plzeň hl. n.,49.74354,13.388033,train,0,-SR70ST-CZ-73275,,,,CZ,,102,,Europe/Prague,541
czptt,-SR70S-CZ-73275-102a,Plzeň hl. n.,49.74354,13.388033,train,0,-SR70ST-CZ-73275,,,,CZ,,102a,,Europe/Prague,435
czptt,-SR70S-CZ-73275-103,Plzeň hl. n.,49.74354,13.388033,train,0,-SR70ST-CZ-73275,,,,CZ,,103,,Europe/Prague,564
czptt,-SR70S-CZ-73275-104,Plzeň hl. n.,49.74354,13.388033,train,0,-SR70ST-CZ-73275,,,,CZ,,104,,Europe/Prague,424
czptt,-SR70S-CZ-73275-106,Plzeň hl. n.,49.74354,13.388033,train,0,-SR70ST-CZ-73275,,,,CZ,,106,,Europe/Prague,68
czptt,-SR70S-CZ-73275-12,Plzeň hl. n.,49.74354,13.388033,train,0,-SR70ST-CZ-73275,,,,CZ,,12,,Europe/Prague,0
czptt,-SR70S-CZ-73275-14,Plzeň hl. n.,49.74354,13.388033,train,0,-SR70ST-CZ-73275,,,,CZ,,14,,Europe/Prague,0
czptt,-SR70S-CZ-73275-1b,Plzeň hl. n.,49.74354,13.388033,train,0,-SR70ST-CZ-73275,,,,CZ,,1b,,Europe/Prague,31
czptt,-SR70S-CZ-73275-2,Plzeň hl. n.,49.74354,13.388033,train,0,-SR70ST-CZ-73275,,,,CZ,,2,,Europe/Prague,535
czptt,-SR70S-CZ-73275-3,Plzeň hl. n.,49.74354,13.388033,train,0,-SR70ST-CZ-73275,,,,CZ,,3,,Europe/Prague,117
czptt,-SR70S-CZ-73275-4,Plzeň hl. n.,49.74354,13.388033,train,0,-SR70ST-CZ-73275,,,,CZ,,4,,Europe/Prague,1151
czptt,-SR70S-CZ-73275-5,Plzeň hl. n.,49.74354,13.388033,train,0,-SR70ST-CZ-73275,,,,CZ,,5,,Europe/Prague,119
czptt,-SR70S-CZ-73275-6,Plzeň hl. n.,49.74354,13.388033,train,0,-SR70ST-CZ-73275,,,,CZ,,6,,Europe/Prague,871
czptt,-SR70S-CZ-73275-8,Plzeň hl. n.,49.74354,13.388033,train,0,-SR70ST-CZ-73275,,,,CZ,,8,,Europe/Prague,564
czptt,-SR70S-CZ-73275-8a,Plzeň hl. n.,49.74354,13.388033,train,0,-SR70ST-CZ-73275,,,,CZ,,8a,,Europe/Prague,16
czptt,-SR70S-CZ-73282-1,České Budějovice,48.974436,14.488809,train,0,-SR70ST-CZ-73282,,,,CZ,,1,,Europe/Prague,1185
czptt,-SR70S-CZ-73282-10,České Budějovice,48.974436,14.488809,train,0,-SR70ST-CZ-73282,,,,CZ,,10,,Europe/Prague,1032
czptt,-SR70S-CZ-73282-2,České Budějovice,48.974436,14.488809,train,0,-SR70ST-CZ-73282,,,,CZ,,2,,Europe/Prague,270
czptt,-SR70S-CZ-73282-3,České Budějovice,48.974436,14.488809,train,0,-SR70ST-CZ-73282,,,,CZ,,3,,Europe/Prague,219
czptt,-SR70S-CZ-73282-4,České Budějovice,48.974436,14.488809,train,0,-SR70ST-CZ-73282,,,,CZ,,4,,Europe/Prague,403
czptt,-SR70S-CZ-73282-5,České Budějovice,48.974436,14.488809,train,0,-SR70ST-CZ-73282,,,,CZ,,5,,Europe/Prague,637
czptt,-SR70S-CZ-73282-6,České Budějovice,48.974436,14.488809,train,0,-SR70ST-CZ-73282,,,,CZ,,6,,Europe/Prague,430
czptt,-SR70S-CZ-73282-7,České Budějovice,48.974436,14.488809,train,0,-SR70ST-CZ-73282,,,,CZ,,7,,Europe/Prague,129
czptt,-SR70S-CZ-73286,Malměřice,50.113604,13.381371,train,0,,,,,CZ,,,,Europe/Prague,317
czptt,-SR70S-CZ-73296,Ležky,50.119161,13.354182,train,0,,,,,CZ,,,,Europe/Prague,315
czptt,-SR70S-CZ-73302-1,Hluboká nad Vltavou,49.032362,14.420317,train,0,-SR70ST-CZ-73302,,,,CZ,,1,,Europe/Prague,511
czptt,-SR70S-CZ-73302-2,Hluboká nad Vltavou,49.032362,14.420317,train,0,-SR70ST-CZ-73302,,,,CZ,,2,,Europe/Prague,154
czptt,-SR70S-CZ-73302-3,Hluboká nad Vltavou,49.032362,14.420317,train,0,-SR70ST-CZ-73302,,,,CZ,,3,,Europe/Prague,6
czptt,-SR70S-CZ-73302-5,Hluboká nad Vltavou,49.032362,14.420317,train,0,-SR70ST-CZ-73302,,,,CZ,,5,,Europe/Prague,24
czptt,-SR70S-CZ-73306-1,Lubenec,50.126299,13.327972,train,0,-SR70ST-CZ-73306,,,,CZ,,1,,Europe/Prague,303
czptt,-SR70S-CZ-73306-2,Lubenec,50.126299,13.327972,train,0,-SR70ST-CZ-73306,,,,CZ,,2,,Europe/Prague,17
czptt,-SR70S-CZ-73312-1,Zliv,49.065453,14.361653,train,0,-SR70ST-CZ-73312,,,,CZ,,1,,Europe/Prague,574
czptt,-SR70S-CZ-73312-106,Zliv,49.065453,14.361653,train,0,-SR70ST-CZ-73312,,,,CZ,,106,,Europe/Prague,13
czptt,-SR70S-CZ-73312-1a,Zliv,49.065453,14.361653,train,0,-SR70ST-CZ-73312,,,,CZ,,1a,,Europe/Prague,90
czptt,-SR70S-CZ-73312-2,Zliv,49.065453,14.361653,train,0,-SR70ST-CZ-73312,,,,CZ,,2,,Europe/Prague,227
czptt,-SR70S-CZ-73312-2a,Zliv,49.065453,14.361653,train,0,-SR70ST-CZ-73312,,,,CZ,,2a,,Europe/Prague,4
czptt,-SR70S-CZ-73312-3,Zliv,49.065453,14.361653,train,0,-SR70ST-CZ-73312,,,,CZ,,3,,Europe/Prague,4
czptt,-SR70S-CZ-73312-4,Zliv,49.065453,14.361653,train,0,-SR70ST-CZ-73312,,,,CZ,,4,,Europe/Prague,94
czptt,-SR70S-CZ-73313,AHr Bezdrev,49.056887,14.389062,train,0,,,,,CZ,,,,Europe/Prague,0
czptt,-SR70S-CZ-73316,Lubenec zastávka,50.129509,13.306896,train,0,,,,,CZ,,,,Europe/Prague,293
czptt,-SR70S-CZ-73322,Zbudov,49.089523,14.326938,train,0,,,,,CZ,,,,Europe/Prague,349
czptt,-SR70S-CZ-73326,Libkovice,50.130465,13.269996,train,0,,,,,CZ,,,,Europe/Prague,291
czptt,-SR70S-CZ-73332-1,Dívčice,49.106223,14.301213,train,0,-SR70ST-CZ-73332,,,,CZ,,1,,Europe/Prague,226
czptt,-SR70S-CZ-73332-1a,Dívčice,49.106223,14.301213,train,0,-SR70ST-CZ-73332,,,,CZ,,1a,,Europe/Prague,3
czptt,-SR70S-CZ-73332-1b,Dívčice,49.106223,14.301213,train,0,-SR70ST-CZ-73332,,,,CZ,,1b,,Europe/Prague,24
czptt,-SR70S-CZ-73332-2,Dívčice,49.106223,14.301213,train,0,-SR70ST-CZ-73332,,,,CZ,,2,,Europe/Prague,303
czptt,-SR70S-CZ-73332-3,Dívčice,49.106223,14.301213,train,0,-SR70ST-CZ-73332,,,,CZ,,3,,Europe/Prague,13
czptt,-SR70S-CZ-73332-5,Dívčice,49.106223,14.301213,train,0,-SR70ST-CZ-73332,,,,CZ,,5,,Europe/Prague,1
czptt,-SR70S-CZ-73332-6,Dívčice,49.106223,14.301213,train,0,-SR70ST-CZ-73332,,,,CZ,,6,,Europe/Prague,1
czptt,-SR70S-CZ-73332-6a,Dívčice,49.106223,14.301213,train,0,-SR70ST-CZ-73332,,,,CZ,,6a,,Europe/Prague,0
czptt,-SR70S-CZ-73335-1,Chyše,50.111121,13.247895,train,0,-SR70ST-CZ-73335,,,,CZ,,1,,Europe/Prague,269
czptt,-SR70S-CZ-73335-3,Chyše,50.111121,13.247895,train,0,-SR70ST-CZ-73335,,,,CZ,,3,,Europe/Prague,34
czptt,-SR70S-CZ-73342,Záblatíčko,49.124884,14.265511,train,0,,,,,CZ,,,,Europe/Prague,274
czptt,-SR70S-CZ-73345-1,Protivec,50.089561,13.207044,train,0,-SR70ST-CZ-73345,,,,CZ,,1,,Europe/Prague,269
czptt,-SR70S-CZ-73345-2,Protivec,50.089561,13.207044,train,0,-SR70ST-CZ-73345,,,,CZ,,2,,Europe/Prague,6
czptt,-SR70S-CZ-73345-3,Protivec,50.089561,13.207044,train,0,-SR70ST-CZ-73345,,,,CZ,,3,,Europe/Prague,29
czptt,-SR70S-CZ-73352-1,Číčenice,49.153552,14.221498,train,0,-SR70ST-CZ-73352,,,,CZ,,1,,Europe/Prague,949
czptt,-SR70S-CZ-73352-2,Číčenice,49.153552,14.221498,train,0,-SR70ST-CZ-73352,,,,CZ,,2,,Europe/Prague,941
czptt,-SR70S-CZ-73352-4,Číčenice,49.153552,14.221498,train,0,-SR70ST-CZ-73352,,,,CZ,,4,,Europe/Prague,364
czptt,-SR70S-CZ-73352-5,Číčenice,49.153552,14.221498,train,0,-SR70ST-CZ-73352,,,,CZ,,5,,Europe/Prague,2
czptt,-SR70S-CZ-73352-6,Číčenice,49.153552,14.221498,train,0,-SR70ST-CZ-73352,,,,CZ,,6,,Europe/Prague,10
czptt,-SR70S-CZ-73352-7,Číčenice,49.153552,14.221498,train,0,-SR70ST-CZ-73352,,,,CZ,,7,,Europe/Prague,1
czptt,-SR70S-CZ-73355,Záhořice,50.078432,13.193495,train,0,,,,,CZ,,,,Europe/Prague,293
czptt,-SR70S-CZ-73362,Milenovice,49.172608,14.220596,train,0,,,,,CZ,,,,Europe/Prague,296
czptt,-SR70S-CZ-73365-1,Žlutice,50.08459,13.159599,train,0,-SR70ST-CZ-73365,,,,CZ,,1,,Europe/Prague,249
czptt,-SR70S-CZ-73365-3,Žlutice,50.08459,13.159599,train,0,-SR70ST-CZ-73365,,,,CZ,,3,,Europe/Prague,99
czptt,-SR70S-CZ-73372,Protivín zastávka,49.196424,14.222508,train,0,,,,,CZ,,,,Europe/Prague,901
czptt,-SR70S-CZ-73375,Borek u Žlutic,50.067768,13.132351,train,0,,,,,CZ,,,,Europe/Prague,207
czptt,-SR70S-CZ-73382-1,Protivín,49.21253,14.211831,train,0,-SR70ST-CZ-73382,,,,CZ,,1,,Europe/Prague,1488
czptt,-SR70S-CZ-73382-2,Protivín,49.21253,14.211831,train,0,-SR70ST-CZ-73382,,,,CZ,,2,,Europe/Prague,225
czptt,-SR70S-CZ-73382-3,Protivín,49.21253,14.211831,train,0,-SR70ST-CZ-73382,,,,CZ,,3,,Europe/Prague,271
czptt,-SR70S-CZ-73382-4,Protivín,49.21253,14.211831,train,0,-SR70ST-CZ-73382,,,,CZ,,4,,Europe/Prague,0
czptt,-SR70S-CZ-73382-5,Protivín,49.21253,14.211831,train,0,-SR70ST-CZ-73382,,,,CZ,,5,,Europe/Prague,118
czptt,-SR70S-CZ-73382-5b,Protivín,49.21253,14.211831,train,0,-SR70ST-CZ-73382,,,,CZ,,5b,,Europe/Prague,16
czptt,-SR70S-CZ-73385-1,Štědrá,50.049871,13.119658,train,0,-SR70ST-CZ-73385,,,,CZ,,1,,Europe/Prague,175
czptt,-SR70S-CZ-73385-3,Štědrá,50.049871,13.119658,train,0,-SR70ST-CZ-73385,,,,CZ,,3,,Europe/Prague,31
czptt,-SR70S-CZ-73392,Skály,49.223807,14.164727,train,0,,,,,CZ,,,,Europe/Prague,290
czptt,-SR70S-CZ-73395,Smilov,50.049559,13.05059,train,0,,,,,CZ,,,,Europe/Prague,207
czptt,-SR70S-CZ-73402,Heřmaň obec,49.236372,14.136199,train,0,,,,,CZ,,,,Europe/Prague,302
czptt,-SR70S-CZ-73405,Luhov,50.034791,13.029282,train,0,,,,,CZ,,,,Europe/Prague,164
czptt,-SR70S-CZ-73412-1,Ražice,49.244658,14.10832,train,0,-SR70ST-CZ-73412,,,,CZ,,1,,Europe/Prague,934
czptt,-SR70S-CZ-73412-2,Ražice,49.244658,14.10832,train,0,-SR70ST-CZ-73412,,,,CZ,,2,,Europe/Prague,264
czptt,-SR70S-CZ-73412-4,Ražice,49.244658,14.10832,train,0,-SR70ST-CZ-73412,,,,CZ,,4,,Europe/Prague,6
czptt,-SR70S-CZ-73412-4b,Ražice,49.244658,14.10832,train,0,-SR70ST-CZ-73412,,,,CZ,,4b,,Europe/Prague,17
czptt,-SR70S-CZ-73415-1,Toužim,50.050586,12.991311,train,0,-SR70ST-CZ-73415,,,,CZ,,1,,Europe/Prague,30
czptt,-SR70S-CZ-73415-2,Toužim,50.050586,12.991311,train,0,-SR70ST-CZ-73415,,,,CZ,,2,,Europe/Prague,178
czptt,-SR70S-CZ-73422,Sudoměř u Písku,49.24939,14.056893,train,0,,,,,CZ,,,,Europe/Prague,316
czptt,-SR70S-CZ-73425,Poseč,50.035407,12.933076,train,0,,,,,CZ,,,,Europe/Prague,171
czptt,-SR70S-CZ-73432-1,Čejetice,49.251564,14.015706,train,0,-SR70ST-CZ-73432,,,,CZ,,1,,Europe/Prague,651
czptt,-SR70S-CZ-73432-2,Čejetice,49.251564,14.015706,train,0,-SR70ST-CZ-73432,,,,CZ,,2,,Europe/Prague,54
czptt,-SR70S-CZ-73435-1,Otročín,50.039082,12.887212,train,0,-SR70ST-CZ-73435,,,,CZ,,1,,Europe/Prague,171
czptt,-SR70S-CZ-73442,Modlešovice,49.256458,13.976461,train,0,,,,,CZ,,,,Europe/Prague,195
czptt,-SR70S-CZ-73445-1,Dalovice,50.254937,12.886604,train,0,-SR70ST-CZ-73445,,,,CZ,,1,,Europe/Prague,108
czptt,-SR70S-CZ-73445-2,Dalovice,50.254937,12.886604,train,0,-SR70ST-CZ-73445,,,,CZ,,2,,Europe/Prague,112
czptt,-SR70S-CZ-73445-4,Dalovice,50.254937,12.886604,train,0,-SR70ST-CZ-73445,,,,CZ,,4,,Europe/Prague,78
czptt,-SR70S-CZ-73452,České Budějovice severní zastávka,48.994284,14.479518,train,0,,,,,CZ,,,,Europe/Prague,970
czptt,-SR70S-CZ-73455-1,Sadov,50.267766,12.890893,train,0,-SR70ST-CZ-73455,,,,CZ,,1,,Europe/Prague,78
czptt,-SR70S-CZ-73462,Hrdějovice,49.019591,14.482326,train,0,,,,,CZ,,,,Europe/Prague,225
czptt,-SR70S-CZ-73465,Sadov-Podlesí,50.275806,12.880523,train,0,,,,,CZ,,,,Europe/Prague,78
czptt,-SR70S-CZ-73472,Hosín,49.034585,14.466844,train,0,,,,,CZ,,,,Europe/Prague,225
czptt,-SR70S-CZ-73475,Velký Rybník,50.29225,12.875734,train,0,,,,,CZ,,,,Europe/Prague,78
czptt,-SR70S-CZ-73482-1,Hluboká nad Vltavou-Zámostí,49.050539,14.465287,train,0,-SR70ST-CZ-73482,,,,CZ,,1,,Europe/Prague,160
czptt,-SR70S-CZ-73482-3,Hluboká nad Vltavou-Zámostí,49.050539,14.465287,train,0,-SR70ST-CZ-73482,,,,CZ,,3,,Europe/Prague,60
czptt,-SR70S-CZ-73482-5,Hluboká nad Vltavou-Zámostí,49.050539,14.465287,train,0,-SR70ST-CZ-73482,,,,CZ,,5,,Europe/Prague,6
czptt,-SR70S-CZ-73485-1,Hroznětín,50.306739,12.868627,train,0,-SR70ST-CZ-73485,,,,CZ,,1,,Europe/Prague,78
czptt,-SR70S-CZ-73492-1,Chotýčany,49.078613,14.52931,train,0,-SR70ST-CZ-73492,,,,CZ,,1,,Europe/Prague,72
czptt,-SR70S-CZ-73492-2,Chotýčany,49.078613,14.52931,train,0,-SR70ST-CZ-73492,,,,CZ,,2,,Europe/Prague,110
czptt,-SR70S-CZ-73492-4,Chotýčany,49.078613,14.52931,train,0,-SR70ST-CZ-73492,,,,CZ,,4,,Europe/Prague,44
czptt,-SR70S-CZ-73495,Hroznětín zastávka,50.313002,12.861417,train,0,,,,,CZ,,,,Europe/Prague,78
czptt,-SR70S-CZ-73502-1,Ševětín,49.097371,14.574492,train,0,-SR70ST-CZ-73502,,,,CZ,,1,,Europe/Prague,288
czptt,-SR70S-CZ-73502-2,Ševětín,49.097371,14.574492,train,0,-SR70ST-CZ-73502,,,,CZ,,2,,Europe/Prague,72
czptt,-SR70S-CZ-73502-3,Ševětín,49.097371,14.574492,train,0,-SR70ST-CZ-73502,,,,CZ,,3,,Europe/Prague,3
czptt,-SR70S-CZ-73505-1,Merklín,50.326813,12.865106,train,0,-SR70ST-CZ-73505,,,,CZ,,1,,Europe/Prague,78
czptt,-SR70S-CZ-73512,Neplachov,49.125637,14.605374,train,0,,,,,CZ,,,,Europe/Prague,227
czptt,-SR70S-CZ-73515-1,Domažlice,49.435092,12.943199,train,0,-SR70ST-CZ-73515,,,,CZ,,1,,Europe/Prague,721
czptt,-SR70S-CZ-73515-2,Domažlice,49.435092,12.943199,train,0,-SR70ST-CZ-73515,,,,CZ,,2,,Europe/Prague,440
czptt,-SR70S-CZ-73515-2a,Domažlice,49.435092,12.943199,train,0,-SR70ST-CZ-73515,,,,CZ,,2a,,Europe/Prague,11
czptt,-SR70S-CZ-73515-3,Domažlice,49.435092,12.943199,train,0,-SR70ST-CZ-73515,,,,CZ,,3,,Europe/Prague,121
czptt,-SR70S-CZ-73515-4,Domažlice,49.435092,12.943199,train,0,-SR70ST-CZ-73515,,,,CZ,,4,,Europe/Prague,23
czptt,-SR70S-CZ-73515-6,Domažlice,49.435092,12.943199,train,0,-SR70ST-CZ-73515,,,,CZ,,6,,Europe/Prague,85
czptt,-SR70S-CZ-73515-8,Domažlice,49.435092,12.943199,train,0,-SR70ST-CZ-73515,,,,CZ,,8,,Europe/Prague,1
czptt,-SR70S-CZ-73525,Domažlice město,49.43576,12.925168,train,0,,,,,CZ,,,,Europe/Prague,671
czptt,-SR70S-CZ-73532,Horusice,49.167202,14.666073,train,0,,,,,CZ,,,,Europe/Prague,227
czptt,-SR70S-CZ-73535-401,Havlovice,49.416568,12.874994,train,0,-SR70ST-CZ-73535,,,,CZ,,401,,Europe/Prague,368
czptt,-SR70S-CZ-73542,Veselí nad Lužnicí zastávka,49.176994,14.695602,train,0,,,,,CZ,,,,Europe/Prague,355
czptt,-SR70S-CZ-73545,Pila,49.414597,12.858836,train,0,,,,,CZ,,,,Europe/Prague,369
czptt,-SR70S-CZ-73552-1,Veselí nad Lužnicí,49.193238,14.716672,train,0,-SR70ST-CZ-73552,,,,CZ,,1,,Europe/Prague,717
czptt,-SR70S-CZ-73552-10,Veselí nad Lužnicí,49.193238,14.716672,train,0,-SR70ST-CZ-73552,,,,CZ,,10,,Europe/Prague,1
czptt,-SR70S-CZ-73552-12,Veselí nad Lužnicí,49.193238,14.716672,train,0,-SR70ST-CZ-73552,,,,CZ,,12,,Europe/Prague,0
czptt,-SR70S-CZ-73552-2,Veselí nad Lužnicí,49.193238,14.716672,train,0,-SR70ST-CZ-73552,,,,CZ,,2,,Europe/Prague,806
czptt,-SR70S-CZ-73552-3,Veselí nad Lužnicí,49.193238,14.716672,train,0,-SR70ST-CZ-73552,,,,CZ,,3,,Europe/Prague,65
czptt,-SR70S-CZ-73552-3a,Veselí nad Lužnicí,49.193238,14.716672,train,0,-SR70ST-CZ-73552,,,,CZ,,3a,,Europe/Prague,0
czptt,-SR70S-CZ-73552-4,Veselí nad Lužnicí,49.193238,14.716672,train,0,-SR70ST-CZ-73552,,,,CZ,,4,,Europe/Prague,430
czptt,-SR70S-CZ-73552-4a,Veselí nad Lužnicí,49.193238,14.716672,train,0,-SR70ST-CZ-73552,,,,CZ,,4a,,Europe/Prague,357
czptt,-SR70S-CZ-73552-8,Veselí nad Lužnicí,49.193238,14.716672,train,0,-SR70ST-CZ-73552,,,,CZ,,8,,Europe/Prague,55
czptt,-SR70S-CZ-73552-8a,Veselí nad Lužnicí,49.193238,14.716672,train,0,-SR70ST-CZ-73552,,,,CZ,,8a,,Europe/Prague,95
czptt,-SR70S-CZ-73555,Trhanov,49.420106,12.839544,train,0,,,,,CZ,,,,Europe/Prague,0
czptt,-SR70S-CZ-73555-1,Trhanov,49.420106,12.839544,train,0,-SR70ST-CZ-73555,,,,CZ,,1,,Europe/Prague,379
czptt,-SR70S-CZ-73562,Řípec-Dráchov,49.22429,14.724096,train,0,,,,,CZ,,,,Europe/Prague,268
czptt,-SR70S-CZ-73563,Řípec,49.207224,14.732682,train,0,,,,,CZ,,,,Europe/Prague,279
czptt,-SR70S-CZ-73565-1,Klenčí pod Čerchovem,49.438893,12.822551,train,0,-SR70ST-CZ-73565,,,,CZ,,1,,Europe/Prague,256
czptt,-SR70S-CZ-73565-2,Klenčí pod Čerchovem,49.438893,12.822551,train,0,-SR70ST-CZ-73565,,,,CZ,,2,,Europe/Prague,124
czptt,-SR70S-CZ-73572-1,Soběslav,49.25474,14.725818,train,0,-SR70ST-CZ-73572,,,,CZ,,1,,Europe/Prague,381
czptt,-SR70S-CZ-73572-2,Soběslav,49.25474,14.725818,train,0,-SR70ST-CZ-73572,,,,CZ,,2,,Europe/Prague,444
czptt,-SR70S-CZ-73575,Postřekov,49.458942,12.81478,train,0,,,,,CZ,,,,Europe/Prague,379
czptt,-SR70S-CZ-73585,Nový Kramolín,49.477447,12.812637,train,0,,,,,CZ,,,,Europe/Prague,379
czptt,-SR70S-CZ-73592,Doubí u Tábora,49.321664,14.719939,train,0,,,,,CZ,,,,Europe/Prague,268
czptt,-SR70S-CZ-73595-1,Hazlov,50.161923,12.27939,train,0,-SR70ST-CZ-73595,,,,CZ,,1,,Europe/Prague,203
czptt,-SR70S-CZ-73595-2,Hazlov,50.161923,12.27939,train,0,-SR70ST-CZ-73595,,,,CZ,,2,,Europe/Prague,101
czptt,-SR70S-CZ-73596,Vlkanov,49.48651,12.814552,train,0,,,,,CZ,,,,Europe/Prague,377
czptt,-SR70S-CZ-73602-1,Planá nad Lužnicí,49.353947,14.706261,train,0,-SR70ST-CZ-73602,,,,CZ,,1,,Europe/Prague,383
czptt,-SR70S-CZ-73602-2,Planá nad Lužnicí,49.353947,14.706261,train,0,-SR70ST-CZ-73602,,,,CZ,,2,,Europe/Prague,442
czptt,-SR70S-CZ-73602-2a,Planá nad Lužnicí,49.353947,14.706261,train,0,-SR70ST-CZ-73602,,,,CZ,,2a,,Europe/Prague,0
czptt,-SR70S-CZ-73602-3,Planá nad Lužnicí,49.353947,14.706261,train,0,-SR70ST-CZ-73602,,,,CZ,,3,,Europe/Prague,1
czptt,-SR70S-CZ-73605-1,Horažďovice,49.320937,13.709912,train,0,-SR70ST-CZ-73605,,,,CZ,,1,,Europe/Prague,477
czptt,-SR70S-CZ-73605-2,Horažďovice,49.320937,13.709912,train,0,-SR70ST-CZ-73605,,,,CZ,,2,,Europe/Prague,12
czptt,-SR70S-CZ-73605-3,Horažďovice,49.320937,13.709912,train,0,-SR70ST-CZ-73605,,,,CZ,,3,,Europe/Prague,12
czptt,-SR70S-CZ-73612,Sezimovo Ústí,49.379567,14.697317,train,0,,,,,CZ,,,,Europe/Prague,285
czptt,-SR70S-CZ-73613,Tábor-Čápův Dvůr,49.393025,14.693038,train,0,,,,,CZ,,,,Europe/Prague,348
czptt,-SR70S-CZ-73615-1,Velké Hydčice,49.298411,13.663471,train,0,-SR70ST-CZ-73615,,,,CZ,,1,,Europe/Prague,401
czptt,-SR70S-CZ-73622-1,Tábor,49.414605,14.676457,train,0,-SR70ST-CZ-73622,,,,CZ,,1,,Europe/Prague,445
czptt,-SR70S-CZ-73622-16a,Tábor,49.414605,14.676457,train,0,-SR70ST-CZ-73622,,,,CZ,,16a,,Europe/Prague,10
czptt,-SR70S-CZ-73622-1b,Tábor,49.414605,14.676457,train,0,-SR70ST-CZ-73622,,,,CZ,,1b,,Europe/Prague,0
czptt,-SR70S-CZ-73622-2,Tábor,49.414605,14.676457,train,0,-SR70ST-CZ-73622,,,,CZ,,2,,Europe/Prague,500
czptt,-SR70S-CZ-73622-3,Tábor,49.414605,14.676457,train,0,-SR70ST-CZ-73622,,,,CZ,,3,,Europe/Prague,114
czptt,-SR70S-CZ-73622-3a,Tábor,49.414605,14.676457,train,0,-SR70ST-CZ-73622,,,,CZ,,3a,,Europe/Prague,124
czptt,-SR70S-CZ-73622-4,Tábor,49.414605,14.676457,train,0,-SR70ST-CZ-73622,,,,CZ,,4,,Europe/Prague,121
czptt,-SR70S-CZ-73622-401,Tábor,49.414605,14.676457,train,0,-SR70ST-CZ-73622,,,,CZ,,401,,Europe/Prague,12
czptt,-SR70S-CZ-73622-403,Tábor,49.414605,14.676457,train,0,-SR70ST-CZ-73622,,,,CZ,,403,,Europe/Prague,175
czptt,-SR70S-CZ-73622-4a,Tábor,49.414605,14.676457,train,0,-SR70ST-CZ-73622,,,,CZ,,4a,,Europe/Prague,510
czptt,-SR70S-CZ-73622-5,Tábor,49.414605,14.676457,train,0,-SR70ST-CZ-73622,,,,CZ,,5,,Europe/Prague,781
czptt,-SR70S-CZ-73625-1,Žichovice,49.26776,13.617689,train,0,-SR70ST-CZ-73625,,,,CZ,,1,,Europe/Prague,359
czptt,-SR70S-CZ-73625-2,Žichovice,49.26776,13.617689,train,0,-SR70ST-CZ-73625,,,,CZ,,2,,Europe/Prague,41
czptt,-SR70S-CZ-73632-1,České Velenice,48.769495,14.957207,train,0,-SR70ST-CZ-73632,,,,CZ,,1,,Europe/Prague,428
czptt,-SR70S-CZ-73632-2,České Velenice,48.769495,14.957207,train,0,-SR70ST-CZ-73632,,,,CZ,,2,,Europe/Prague,294
czptt,-SR70S-CZ-73632-4,České Velenice,48.769495,14.957207,train,0,-SR70ST-CZ-73632,,,,CZ,,4,,Europe/Prague,160
czptt,-SR70S-CZ-73632-5,České Velenice,48.769495,14.957207,train,0,-SR70ST-CZ-73632,,,,CZ,,5,,Europe/Prague,179
czptt,-SR70S-CZ-73632-6,České Velenice,48.769495,14.957207,train,0,-SR70ST-CZ-73632,,,,CZ,,6,,Europe/Prague,222
czptt,-SR70S-CZ-73632-7,České Velenice,48.769495,14.957207,train,0,-SR70ST-CZ-73632,,,,CZ,,7,,Europe/Prague,0
czptt,-SR70S-CZ-73634,Tábor-Měšice,49.404521,14.703836,train,0,,,,,CZ,,,,Europe/Prague,478
czptt,-SR70S-CZ-73635-1,Sušice,49.246768,13.54188,train,0,-SR70ST-CZ-73635,,,,CZ,,1,,Europe/Prague,298
czptt,-SR70S-CZ-73635-2,Sušice,49.246768,13.54188,train,0,-SR70ST-CZ-73635,,,,CZ,,2,,Europe/Prague,202
czptt,-SR70S-CZ-73635-3,Sušice,49.246768,13.54188,train,0,-SR70ST-CZ-73635,,,,CZ,,3,,Europe/Prague,7
czptt,-SR70S-CZ-73642-1,Nová Ves nad Lužnicí,48.811891,14.922855,train,0,-SR70ST-CZ-73642,,,,CZ,,1,,Europe/Prague,281
czptt,-SR70S-CZ-73642-3,Nová Ves nad Lužnicí,48.811891,14.922855,train,0,-SR70ST-CZ-73642,,,,CZ,,3,,Europe/Prague,12
czptt,-SR70S-CZ-73645-1,Hrádek u Sušice,49.262046,13.490765,train,0,-SR70ST-CZ-73645,,,,CZ,,1,,Europe/Prague,307
czptt,-SR70S-CZ-73652,Dvory nad Lužnicí,48.855331,14.89715,train,0,,,,,CZ,,,,Europe/Prague,286
czptt,-SR70S-CZ-73655,Mokrosuky,49.27543,13.467035,train,0,,,,,CZ,,,,Europe/Prague,292
czptt,-SR70S-CZ-73662,Hrdlořezy,48.873141,14.879592,train,0,,,,,CZ,,,,Europe/Prague,286
czptt,-SR70S-CZ-73665-1,Kolinec,49.295192,13.435925,train,0,-SR70ST-CZ-73665,,,,CZ,,1,,Europe/Prague,302
czptt,-SR70S-CZ-73665-1a,Kolinec,49.295192,13.435925,train,0,-SR70ST-CZ-73665,,,,CZ,,1a,,Europe/Prague,2
czptt,-SR70S-CZ-73665-3,Kolinec,49.295192,13.435925,train,0,-SR70ST-CZ-73665,,,,CZ,,3,,Europe/Prague,2
czptt,-SR70S-CZ-73672,Suchdol nad Lužnicí zastávka,48.89219,14.880303,train,0,,,,,CZ,,,,Europe/Prague,476
czptt,-SR70S-CZ-73675-1,Malonice,49.299249,13.367261,train,0,-SR70ST-CZ-73675,,,,CZ,,1,,Europe/Prague,306
czptt,-SR70S-CZ-73676,Myslkovice,49.298637,14.734985,train,0,,,,,CZ,,,,Europe/Prague,268
czptt,-SR70S-CZ-73682-1,Suchdol nad Lužnicí,48.902182,14.882861,train,0,-SR70ST-CZ-73682,,,,CZ,,1,,Europe/Prague,230
czptt,-SR70S-CZ-73682-2,Suchdol nad Lužnicí,48.902182,14.882861,train,0,-SR70ST-CZ-73682,,,,CZ,,2,,Europe/Prague,63
czptt,-SR70S-CZ-73685-1,Nemilkov,49.284851,13.343957,train,0,-SR70ST-CZ-73685,,,,CZ,,1,,Europe/Prague,116
czptt,-SR70S-CZ-73685-2,Nemilkov,49.284851,13.343957,train,0,-SR70ST-CZ-73685,,,,CZ,,2,,Europe/Prague,103
czptt,-SR70S-CZ-73692-1,Majdalena,48.950586,14.868149,train,0,-SR70ST-CZ-73692,,,,CZ,,1,,Europe/Prague,449
czptt,-SR70S-CZ-73692-2,Majdalena,48.950586,14.868149,train,0,-SR70ST-CZ-73692,,,,CZ,,2,,Europe/Prague,28
czptt,-SR70S-CZ-73695-1,Běšiny,49.304485,13.303661,train,0,-SR70ST-CZ-73695,,,,CZ,,1,,Europe/Prague,306
czptt,-SR70S-CZ-73695-3,Běšiny,49.304485,13.303661,train,0,-SR70ST-CZ-73695,,,,CZ,,3,,Europe/Prague,0
czptt,-SR70S-CZ-73702,Třeboň lázně,49.007301,14.777784,train,0,,,,,CZ,,,,Europe/Prague,477
czptt,-SR70S-CZ-73705,Neznašovy,49.325612,13.299607,train,0,,,,,CZ,,,,Europe/Prague,306
czptt,-SR70S-CZ-73712-1,Třeboň,49.015286,14.760737,train,0,-SR70ST-CZ-73712,,,,CZ,,1,,Europe/Prague,313
czptt,-SR70S-CZ-73712-2,Třeboň,49.015286,14.760737,train,0,-SR70ST-CZ-73712,,,,CZ,,2,,Europe/Prague,160
czptt,-SR70S-CZ-73712-3,Třeboň,49.015286,14.760737,train,0,-SR70ST-CZ-73712,,,,CZ,,3,,Europe/Prague,5
czptt,-SR70S-CZ-73715,Vrhaveč,49.349258,13.299776,train,0,,,,,CZ,,,,Europe/Prague,306
czptt,-SR70S-CZ-73722,Lužnice,49.053674,14.750079,train,0,,,,,CZ,,,,Europe/Prague,280
czptt,-SR70S-CZ-73725,Luby u Klatov,49.36444,13.30566,train,0,,,,,CZ,,,,Europe/Prague,292
czptt,-SR70S-CZ-73732-1,Lomnice nad Lužnicí,49.091196,14.730274,train,0,-SR70ST-CZ-73732,,,,CZ,,1,,Europe/Prague,224
czptt,-SR70S-CZ-73732-3,Lomnice nad Lužnicí,49.091196,14.730274,train,0,-SR70ST-CZ-73732,,,,CZ,,3,,Europe/Prague,55
czptt,-SR70S-CZ-73735,Klatovy město,49.386075,13.295036,train,0,,,,,CZ,,,,Europe/Prague,306
czptt,-SR70S-CZ-73742,Frahelž,49.118571,14.736542,train,0,,,,,CZ,,,,Europe/Prague,279
czptt,-SR70S-CZ-73745-1,Klatovy,49.401471,13.27416,train,0,-SR70ST-CZ-73745,,,,CZ,,1,,Europe/Prague,805
czptt,-SR70S-CZ-73745-2,Klatovy,49.401471,13.27416,train,0,-SR70ST-CZ-73745,,,,CZ,,2,,Europe/Prague,523
czptt,-SR70S-CZ-73745-3,Klatovy,49.401471,13.27416,train,0,-SR70ST-CZ-73745,,,,CZ,,3,,Europe/Prague,258
czptt,-SR70S-CZ-73745-3c,Klatovy,49.401471,13.27416,train,0,-SR70ST-CZ-73745,,,,CZ,,3c,,Europe/Prague,0
czptt,-SR70S-CZ-73745-4,Klatovy,49.401471,13.27416,train,0,-SR70ST-CZ-73745,,,,CZ,,4,,Europe/Prague,52
czptt,-SR70S-CZ-73745-5,Klatovy,49.401471,13.27416,train,0,-SR70ST-CZ-73745,,,,CZ,,5,,Europe/Prague,154
czptt,-SR70S-CZ-73752,Vlkov nad Lužnicí,49.148054,14.72841,train,0,,,,,CZ,,,,Europe/Prague,279
czptt,-SR70S-CZ-73755,Bezděkov u Klatov,49.380566,13.236566,train,0,,,,,CZ,,,,Europe/Prague,520
czptt,-SR70S-CZ-73762-1,Vodňany,49.145139,14.180098,train,0,-SR70ST-CZ-73762,,,,CZ,,1,,Europe/Prague,241
czptt,-SR70S-CZ-73762-3,Vodňany,49.145139,14.180098,train,0,-SR70ST-CZ-73762,,,,CZ,,3,,Europe/Prague,170
czptt,-SR70S-CZ-73765-1,Janovice nad Úhlavou,49.352642,13.203806,train,0,-SR70ST-CZ-73765,,,,CZ,,1,,Europe/Prague,481
czptt,-SR70S-CZ-73765-3,Janovice nad Úhlavou,49.352642,13.203806,train,0,-SR70ST-CZ-73765,,,,CZ,,3,,Europe/Prague,48
czptt,-SR70S-CZ-73772,Pražák,49.147413,14.140607,train,0,,,,,CZ,,,,Europe/Prague,320
czptt,-SR70S-CZ-73775,Dubová Lhota,49.335409,13.177612,train,0,,,,,CZ,,,,Europe/Prague,171
czptt,-SR70S-CZ-73782,Svinětice,49.137978,14.103786,train,0,,,,,CZ,,,,Europe/Prague,320
czptt,-SR70S-CZ-73785,Úborsko,49.327623,13.157825,train,0,,,,,CZ,,,,Europe/Prague,171
czptt,-SR70S-CZ-73792-1,Bavorov,49.12641,14.083973,train,0,-SR70ST-CZ-73792,,,,CZ,,1,,Europe/Prague,165
czptt,-SR70S-CZ-73792-3,Bavorov,49.12641,14.083973,train,0,-SR70ST-CZ-73792,,,,CZ,,3,,Europe/Prague,156
czptt,-SR70S-CZ-73795-1,Pocinovice,49.346316,13.13562,train,0,-SR70ST-CZ-73795,,,,CZ,,1,,Europe/Prague,139
czptt,-SR70S-CZ-73795-2,Pocinovice,49.346316,13.13562,train,0,-SR70ST-CZ-73795,,,,CZ,,2,,Europe/Prague,32
czptt,-SR70S-CZ-73802,Blanice,49.096422,14.076092,train,0,,,,,CZ,,,,Europe/Prague,321
czptt,-SR70S-CZ-73805,Loučim,49.365795,13.115495,train,0,,,,,CZ,,,,Europe/Prague,171
czptt,-SR70S-CZ-73812-1,Strunkovice nad Blanicí,49.081185,14.061268,train,0,-SR70ST-CZ-73812,,,,CZ,,1,,Europe/Prague,165
czptt,-SR70S-CZ-73812-3,Strunkovice nad Blanicí,49.081185,14.061268,train,0,-SR70ST-CZ-73812,,,,CZ,,3,,Europe/Prague,157
czptt,-SR70S-CZ-73815,Dobříkov na Šumavě,49.371855,13.088242,train,0,,,,,CZ,,,,Europe/Prague,171
czptt,-SR70S-CZ-73822-1,Husinec,49.049901,14.026353,train,0,-SR70ST-CZ-73822,,,,CZ,,1,,Europe/Prague,322
czptt,-SR70S-CZ-73825,Chodská Lhota,49.36506,13.067537,train,0,,,,,CZ,,,,Europe/Prague,171
czptt,-SR70S-CZ-73832-1,Prachatice,49.015101,14.008707,train,0,-SR70ST-CZ-73832,,,,CZ,,1,,Europe/Prague,300
czptt,-SR70S-CZ-73832-3,Prachatice,49.015101,14.008707,train,0,-SR70ST-CZ-73832,,,,CZ,,3,,Europe/Prague,22
czptt,-SR70S-CZ-73832-5,Prachatice,49.015101,14.008707,train,0,-SR70ST-CZ-73832,,,,CZ,,5,,Europe/Prague,2
czptt,-SR70S-CZ-73835-1,Kdyně,49.383661,13.032418,train,0,-SR70ST-CZ-73835,,,,CZ,,1,,Europe/Prague,166
czptt,-SR70S-CZ-73835-2,Kdyně,49.383661,13.032418,train,0,-SR70ST-CZ-73835,,,,CZ,,2,,Europe/Prague,7
czptt,-SR70S-CZ-73842-1,Prachatice lázně,49.006011,13.997631,train,0,-SR70ST-CZ-73842,,,,CZ,,1,,Europe/Prague,251
czptt,-SR70S-CZ-73845-1,Kout na Šumavě,49.397106,13.012074,train,0,-SR70ST-CZ-73845,,,,CZ,,1,,Europe/Prague,173
czptt,-SR70S-CZ-73852,Rohanov,48.978043,14.038542,train,0,,,,,CZ,,,,Europe/Prague,247
czptt,-SR70S-CZ-73855,Spáňov,49.415887,12.986132,train,0,,,,,CZ,,,,Europe/Prague,171
czptt,-SR70S-CZ-73862-1,Chroboly,48.956319,14.055105,train,0,-SR70ST-CZ-73862,,,,CZ,,1,,Europe/Prague,127
czptt,-SR70S-CZ-73862-2,Chroboly,48.956319,14.055105,train,0,-SR70ST-CZ-73862,,,,CZ,,2,,Europe/Prague,121
czptt,-SR70S-CZ-73865-1,Horažďovice předměstí,49.331317,13.738921,train,0,-SR70ST-CZ-73865,,,,CZ,,1,,Europe/Prague,971
czptt,-SR70S-CZ-73865-3,Horažďovice předměstí,49.331317,13.738921,train,0,-SR70ST-CZ-73865,,,,CZ,,3,,Europe/Prague,258
czptt,-SR70S-CZ-73865-5,Horažďovice předměstí,49.331317,13.738921,train,0,-SR70ST-CZ-73865,,,,CZ,,5,,Europe/Prague,292
czptt,-SR70S-CZ-73865-7,Horažďovice předměstí,49.331317,13.738921,train,0,-SR70ST-CZ-73865,,,,CZ,,7,,Europe/Prague,157
czptt,-SR70S-CZ-73865-7a,Horažďovice předměstí,49.331317,13.738921,train,0,-SR70ST-CZ-73865,,,,CZ,,7a,,Europe/Prague,29
czptt,-SR70S-CZ-73872,Ovesné u Prachatic,48.940472,14.054201,train,0,,,,,CZ,,,,Europe/Prague,247
czptt,-SR70S-CZ-73875,Velký Bor,49.345851,13.700791,train,0,,,,,CZ,,,,Europe/Prague,137
czptt,-SR70S-CZ-73882,Skříněřov,48.947085,14.018109,train,0,,,,,CZ,,,,Europe/Prague,247
czptt,-SR70S-CZ-73885,Jetenovice,49.370174,13.66542,train,0,,,,,CZ,,,,Europe/Prague,146
czptt,-SR70S-CZ-73892-1,Zbytiny,48.93713,13.976944,train,0,-SR70ST-CZ-73892,,,,CZ,,1,,Europe/Prague,127
czptt,-SR70S-CZ-73892-2,Zbytiny,48.93713,13.976944,train,0,-SR70ST-CZ-73892,,,,CZ,,2,,Europe/Prague,121
czptt,-SR70S-CZ-73895-1,Pačejov,49.391283,13.62044,train,0,-SR70ST-CZ-73895,,,,CZ,,1,,Europe/Prague,144
czptt,-SR70S-CZ-73895-2,Pačejov,49.391283,13.62044,train,0,-SR70ST-CZ-73895,,,,CZ,,2,,Europe/Prague,141
czptt,-SR70S-CZ-73895-3,Pačejov,49.391283,13.62044,train,0,-SR70ST-CZ-73895,,,,CZ,,3,,Europe/Prague,0
czptt,-SR70S-CZ-73896,Kovčín,49.413862,13.612564,train,0,,,,,CZ,,,,Europe/Prague,284
czptt,-SR70S-CZ-73902,Spálenec,48.92619,13.969521,train,0,,,,,CZ,,,,Europe/Prague,203
czptt,-SR70S-CZ-73905,Nekvasovy,49.438462,13.610521,train,0,,,,,CZ,,,,Europe/Prague,284
czptt,-SR70S-CZ-73912-1,Volary,48.9071,13.883316,train,0,-SR70ST-CZ-73912,,,,CZ,,1,,Europe/Prague,345
czptt,-SR70S-CZ-73912-3,Volary,48.9071,13.883316,train,0,-SR70ST-CZ-73912,,,,CZ,,3,,Europe/Prague,177
czptt,-SR70S-CZ-73912-5,Volary,48.9071,13.883316,train,0,-SR70ST-CZ-73912,,,,CZ,,5,,Europe/Prague,131
czptt,-SR70S-CZ-73912-5a,Volary,48.9071,13.883316,train,0,-SR70ST-CZ-73912,,,,CZ,,5a,,Europe/Prague,3
czptt,-SR70S-CZ-73912-7,Volary,48.9071,13.883316,train,0,-SR70ST-CZ-73912,,,,CZ,,7,,Europe/Prague,6
czptt,-SR70S-CZ-73915,Mileč,49.461971,13.608297,train,0,,,,,CZ,,,,Europe/Prague,284
czptt,-SR70S-CZ-73922,Dobrá na Šumavě,48.877587,13.861451,train,0,,,,,CZ,,,,Europe/Prague,287
czptt,-SR70S-CZ-73925-1,Nepomuk,49.49747,13.608839,train,0,-SR70ST-CZ-73925,,,,CZ,,1,,Europe/Prague,679
czptt,-SR70S-CZ-73925-2,Nepomuk,49.49747,13.608839,train,0,-SR70ST-CZ-73925,,,,CZ,,2,,Europe/Prague,645
czptt,-SR70S-CZ-73925-3,Nepomuk,49.49747,13.608839,train,0,-SR70ST-CZ-73925,,,,CZ,,3,,Europe/Prague,229
czptt,-SR70S-CZ-73925-4,Nepomuk,49.49747,13.608839,train,0,-SR70ST-CZ-73925,,,,CZ,,4,,Europe/Prague,105
czptt,-SR70S-CZ-73925-6,Nepomuk,49.49747,13.608839,train,0,-SR70ST-CZ-73925,,,,CZ,,6,,Europe/Prague,51
czptt,-SR70S-CZ-73932-1,Černý Kříž,48.86069,13.861132,train,0,-SR70ST-CZ-73932,,,,CZ,,1,,Europe/Prague,205
czptt,-SR70S-CZ-73932-2,Černý Kříž,48.86069,13.861132,train,0,-SR70ST-CZ-73932,,,,CZ,,2,,Europe/Prague,6
czptt,-SR70S-CZ-73932-3,Černý Kříž,48.86069,13.861132,train,0,-SR70ST-CZ-73932,,,,CZ,,3,,Europe/Prague,160
czptt,-SR70S-CZ-73935,Srby,49.524621,13.591769,train,0,,,,,CZ,,,,Europe/Prague,455
czptt,-SR70S-CZ-73942-1,Stožec,48.859002,13.820792,train,0,-SR70ST-CZ-73942,,,,CZ,,1,,Europe/Prague,365
czptt,-SR70S-CZ-73945-1,Ždírec u Plzně,49.550641,13.574083,train,0,-SR70ST-CZ-73945,,,,CZ,,1,,Europe/Prague,441
czptt,-SR70S-CZ-73945-3,Ždírec u Plzně,49.550641,13.574083,train,0,-SR70ST-CZ-73945,,,,CZ,,3,,Europe/Prague,15
czptt,-SR70S-CZ-73952-1a,Nové Údolí,48.829371,13.7939,train,0,-SR70ST-CZ-73952,,,,CZ,,1a,,Europe/Prague,285
czptt,-SR70S-CZ-73955-1,Blovice,49.581111,13.531344,train,0,-SR70ST-CZ-73955,,,,CZ,,1,,Europe/Prague,460
czptt,-SR70S-CZ-73955-2,Blovice,49.581111,13.531344,train,0,-SR70ST-CZ-73955,,,,CZ,,2,,Europe/Prague,251
czptt,-SR70S-CZ-73955-3,Blovice,49.581111,13.531344,train,0,-SR70ST-CZ-73955,,,,CZ,,3,,Europe/Prague,15
czptt,-SR70S-CZ-73962,Majdalena zastávka,48.964832,14.857664,train,0,,,,,CZ,,,,Europe/Prague,287
czptt,-SR70S-CZ-73965,Zdemyslice,49.606246,13.517114,train,0,,,,,CZ,,,,Europe/Prague,485
czptt,-SR70S-CZ-73975,Šťáhlavy,49.66897,13.504082,train,0,,,,,CZ,,,,Europe/Prague,497
czptt,-SR70S-CZ-73985-1,Starý Plzenec,49.695247,13.478386,train,0,-SR70ST-CZ-73985,,,,CZ,,1,,Europe/Prague,403
czptt,-SR70S-CZ-73985-3,Starý Plzenec,49.695247,13.478386,train,0,-SR70ST-CZ-73985,,,,CZ,,3,,Europe/Prague,99
czptt,-SR70S-CZ-73992-1,Záboří u Číčenic,49.160499,14.273972,train,0,-SR70ST-CZ-73992,,,,CZ,,1,,Europe/Prague,3
czptt,-SR70S-CZ-73992-2,Záboří u Číčenic,49.160499,14.273972,train,0,-SR70ST-CZ-73992,,,,CZ,,2,,Europe/Prague,0
czptt,-SR70S-CZ-73996,Plzeň-Slovany,49.734914,13.407487,train,0,,,,,CZ,,,,Europe/Prague,520
czptt,-SR70S-CZ-74002,Újezdec u Číčenic,49.150689,14.243449,train,0,,,,,CZ,,,,Europe/Prague,5
czptt,-SR70S-CZ-74005-1,Františkovy Lázně,50.124364,12.355275,train,0,-SR70ST-CZ-74005,,,,CZ,,1,,Europe/Prague,260
czptt,-SR70S-CZ-74005-2,Františkovy Lázně,50.124364,12.355275,train,0,-SR70ST-CZ-74005,,,,CZ,,2,,Europe/Prague,9
czptt,-SR70S-CZ-74005-3,Františkovy Lázně,50.124364,12.355275,train,0,-SR70ST-CZ-74005,,,,CZ,,3,,Europe/Prague,298
czptt,-SR70S-CZ-74005-4,Františkovy Lázně,50.124364,12.355275,train,0,-SR70ST-CZ-74005,,,,CZ,,4,,Europe/Prague,0
czptt,-SR70S-CZ-74005-6,Františkovy Lázně,50.124364,12.355275,train,0,-SR70ST-CZ-74005,,,,CZ,,6,,Europe/Prague,0
czptt,-SR70S-CZ-74010,Františkovy Lázně-Aquaforum,50.117326,12.359013,train,0,,,,,CZ,,,,Europe/Prague,447
czptt,-SR70S-CZ-74012,Chvalešovice,49.164492,14.29274,train,0,,,,,CZ,,,,Europe/Prague,6
czptt,-SR70S-CZ-74015,Žírovice-Seníky,50.148231,12.335602,train,0,,,,,CZ,,,,Europe/Prague,117
czptt,-SR70S-CZ-74022,Lhota pod Horami,49.183383,14.310982,train,0,,,,,CZ,,,,Europe/Prague,6
czptt,-SR70S-CZ-74025-1,Vojtanov,50.167469,12.327701,train,0,-SR70ST-CZ-74025,,,,CZ,,1,,Europe/Prague,133
czptt,-SR70S-CZ-74025-2,Vojtanov,50.167469,12.327701,train,0,-SR70ST-CZ-74025,,,,CZ,,2,,Europe/Prague,8
czptt,-SR70S-CZ-74032-1,Temelín,49.195609,14.346411,train,0,-SR70ST-CZ-74032,,,,CZ,,1,,Europe/Prague,6
czptt,-SR70S-CZ-74032-2,Temelín,49.195609,14.346411,train,0,-SR70ST-CZ-74032,,,,CZ,,2,,Europe/Prague,0
czptt,-SR70S-CZ-74035,Plesná,50.211188,12.344697,train,0,,,,,CZ,,,,Europe/Prague,105
czptt,-SR70S-CZ-74042,Bohunice,49.213176,14.392551,train,0,,,,,CZ,,,,Europe/Prague,4
czptt,-SR70S-CZ-74052-1,Týn nad Vltavou,49.223057,14.408464,train,0,-SR70ST-CZ-74052,,,,CZ,,1,,Europe/Prague,6
czptt,-SR70S-CZ-74055-1,Chodov,50.231475,12.753659,train,0,-SR70ST-CZ-74055,,,,CZ,,1,,Europe/Prague,358
czptt,-SR70S-CZ-74055-2,Chodov,50.231475,12.753659,train,0,-SR70ST-CZ-74055,,,,CZ,,2,,Europe/Prague,127
czptt,-SR70S-CZ-74055-3,Chodov,50.231475,12.753659,train,0,-SR70ST-CZ-74055,,,,CZ,,3,,Europe/Prague,0
czptt,-SR70S-CZ-74055-4,Chodov,50.231475,12.753659,train,0,-SR70ST-CZ-74055,,,,CZ,,4,,Europe/Prague,131
czptt,-SR70S-CZ-74065,Mírová,50.239572,12.763953,train,0,,,,,CZ,,,,Europe/Prague,27
czptt,-SR70S-CZ-74072,Libějovice,49.105316,14.232581,train,0,,,,,CZ,,,,Europe/Prague,1
czptt,-SR70S-CZ-74075,Božičany,50.256356,12.775268,train,0,,,,,CZ,,,,Europe/Prague,27
czptt,-SR70S-CZ-74082,Malovice u Netolic,49.091955,14.218305,train,0,,,,,CZ,,,,Europe/Prague,2
czptt,-SR70S-CZ-74085-1,Nová Role,50.273633,12.780028,train,0,-SR70ST-CZ-74085,,,,CZ,,1,,Europe/Prague,210
czptt,-SR70S-CZ-74085-2,Nová Role,50.273633,12.780028,train,0,-SR70ST-CZ-74085,,,,CZ,,2,,Europe/Prague,213
czptt,-SR70S-CZ-74085-3,Nová Role,50.273633,12.780028,train,0,-SR70ST-CZ-74085,,,,CZ,,3,,Europe/Prague,15
czptt,-SR70S-CZ-74092,Holečkov,49.078513,14.209986,train,0,,,,,CZ,,,,Europe/Prague,1
czptt,-SR70S-CZ-74095,Dolní Stupno,49.816951,13.575085,train,0,,,,,CZ,,,,Europe/Prague,236
czptt,-SR70S-CZ-74102-1,Netolice,49.05412,14.189626,train,0,-SR70ST-CZ-74102,,,,CZ,,1,,Europe/Prague,2
czptt,-SR70S-CZ-74105,Chrást u Plzně zastávka,49.800038,13.496894,train,0,,,,,CZ,,,,Europe/Prague,138
czptt,-SR70S-CZ-74105-1,Chrást u Plzně zastávka,49.800038,13.496894,train,0,-SR70ST-CZ-74105,,,,CZ,,1,,Europe/Prague,152
czptt,-SR70S-CZ-74112,Vyšné,48.796346,14.86638,train,0,,,,,CZ,,,,Europe/Prague,243
czptt,-SR70S-CZ-74115,Sedlecko,49.806355,13.527553,train,0,,,,,CZ,,,,Europe/Prague,236
czptt,-SR70S-CZ-74122-1,Nové Hrady,48.822788,14.809579,train,0,-SR70ST-CZ-74122,,,,CZ,,1,,Europe/Prague,331
czptt,-SR70S-CZ-74122-2,Nové Hrady,48.822788,14.809579,train,0,-SR70ST-CZ-74122,,,,CZ,,2,,Europe/Prague,3
czptt,-SR70S-CZ-74122-3,Nové Hrady,48.822788,14.809579,train,0,-SR70ST-CZ-74122,,,,CZ,,3,,Europe/Prague,0
czptt,-SR70S-CZ-74125,Všenice,49.816038,13.564175,train,0,,,,,CZ,,,,Europe/Prague,236
czptt,-SR70S-CZ-74132,Petříkov,48.845634,14.755991,train,0,,,,,CZ,,,,Europe/Prague,224
czptt,-SR70S-CZ-74135-1,Stupno,49.826136,13.577014,train,0,-SR70ST-CZ-74135,,,,CZ,,1,,Europe/Prague,116
czptt,-SR70S-CZ-74135-2,Stupno,49.826136,13.577014,train,0,-SR70ST-CZ-74135,,,,CZ,,2,,Europe/Prague,123
czptt,-SR70S-CZ-74142-1,Jílovice,48.8771,14.705291,train,0,-SR70ST-CZ-74142,,,,CZ,,1,,Europe/Prague,220
czptt,-SR70S-CZ-74142-2,Jílovice,48.8771,14.705291,train,0,-SR70ST-CZ-74142,,,,CZ,,2,,Europe/Prague,17
czptt,-SR70S-CZ-74145,Bezděkov u Radnic,49.827658,13.595405,train,0,,,,,CZ,,,,Europe/Prague,224
czptt,-SR70S-CZ-74152,Hluboká u Borovan,48.895988,14.675449,train,0,,,,,CZ,,,,Europe/Prague,229
czptt,-SR70S-CZ-74155-1,Radnice,49.858041,13.596655,train,0,-SR70ST-CZ-74155,,,,CZ,,1,,Europe/Prague,224
czptt,-SR70S-CZ-74162-1,Borovany,48.891334,14.642616,train,0,-SR70ST-CZ-74162,,,,CZ,,1,,Europe/Prague,264
czptt,-SR70S-CZ-74162-2,Borovany,48.891334,14.642616,train,0,-SR70ST-CZ-74162,,,,CZ,,2,,Europe/Prague,84
czptt,-SR70S-CZ-74162-3,Borovany,48.891334,14.642616,train,0,-SR70ST-CZ-74162,,,,CZ,,3,,Europe/Prague,0
czptt,-SR70S-CZ-74165-1,Stará Role,50.245811,12.835781,train,0,-SR70ST-CZ-74165,,,,CZ,,1,,Europe/Prague,376
czptt,-SR70S-CZ-74165-3,Stará Role,50.245811,12.835781,train,0,-SR70ST-CZ-74165,,,,CZ,,3,,Europe/Prague,33
czptt,-SR70S-CZ-74172,Trocnov,48.902652,14.587412,train,0,,,,,CZ,,,,Europe/Prague,315
czptt,-SR70S-CZ-74175,Střapole,49.806303,13.543406,train,0,,,,,CZ,,,,Europe/Prague,236
czptt,-SR70S-CZ-74182-1,Nová Ves u Českých Budějovic,48.921128,14.529094,train,0,-SR70ST-CZ-74182,,,,CZ,,1,,Europe/Prague,312
czptt,-SR70S-CZ-74182-3,Nová Ves u Českých Budějovic,48.921128,14.529094,train,0,-SR70ST-CZ-74182,,,,CZ,,3,,Europe/Prague,0
czptt,-SR70S-CZ-74182-3a,Nová Ves u Českých Budějovic,48.921128,14.529094,train,0,-SR70ST-CZ-74182,,,,CZ,,3a,,Europe/Prague,1
czptt,-SR70S-CZ-74185,Nová Role zastávka,50.291147,12.755952,train,0,,,,,CZ,,,,Europe/Prague,376
czptt,-SR70S-CZ-74192,Nové Hodějovice,48.952215,14.498557,train,0,,,,,CZ,,,,Europe/Prague,315
czptt,-SR70S-CZ-74195,Nejdek-Suchá,50.310942,12.750095,train,0,,,,,CZ,,,,Europe/Prague,376
czptt,-SR70S-CZ-74202,Hříběcí,49.320961,15.309307,train,0,,,,,CZ,,,,Europe/Prague,374
czptt,-SR70S-CZ-74205-1,Nejdek,50.319077,12.727552,train,0,-SR70ST-CZ-74205,,,,CZ,,1,,Europe/Prague,318
czptt,-SR70S-CZ-74205-3,Nejdek,50.319077,12.727552,train,0,-SR70ST-CZ-74205,,,,CZ,,3,,Europe/Prague,135
czptt,-SR70S-CZ-74212,Nová Buková,49.341435,15.286603,train,0,,,,,CZ,,,,Europe/Prague,374
czptt,-SR70S-CZ-74215,Nejdek zastávka,50.329079,12.722311,train,0,,,,,CZ,,,,Europe/Prague,339
czptt,-SR70S-CZ-74222-1,Dobrá Voda u Pelhřimova,49.356609,15.274498,train,0,-SR70ST-CZ-74222,,,,CZ,,1,,Europe/Prague,393
czptt,-SR70S-CZ-74225,Vysoká Pec,50.341646,12.712374,train,0,,,,,CZ,,,,Europe/Prague,320
czptt,-SR70S-CZ-74232,Zajíčkov,49.379867,15.259382,train,0,,,,,CZ,,,,Europe/Prague,362
czptt,-SR70S-CZ-74233,Dýšina,49.778962,13.503068,train,0,,,,,CZ,,,,Europe/Prague,260
czptt,-SR70S-CZ-74235-1,Nové Hamry,50.357094,12.719411,train,0,-SR70ST-CZ-74235,,,,CZ,,1,,Europe/Prague,206
czptt,-SR70S-CZ-74235-3,Nové Hamry,50.357094,12.719411,train,0,-SR70ST-CZ-74235,,,,CZ,,3,,Europe/Prague,113
czptt,-SR70S-CZ-74242,Rynárec,49.394574,15.231614,train,0,,,,,CZ,,,,Europe/Prague,362
czptt,-SR70S-CZ-74245,Nejdek-Tisová,50.341289,12.730283,train,0,,,,,CZ,,,,Europe/Prague,237
czptt,-SR70S-CZ-74252-1,Pelhřimov,49.419759,15.222502,train,0,-SR70ST-CZ-74252,,,,CZ,,1,,Europe/Prague,420
czptt,-SR70S-CZ-74252-3,Pelhřimov,49.419759,15.222502,train,0,-SR70ST-CZ-74252,,,,CZ,,3,,Europe/Prague,24
czptt,-SR70S-CZ-74252-5,Pelhřimov,49.419759,15.222502,train,0,-SR70ST-CZ-74252,,,,CZ,,5,,Europe/Prague,21
czptt,-SR70S-CZ-74255,Nejdek-Sejfy,50.349168,12.751326,train,0,,,,,CZ,,,,Europe/Prague,125
czptt,-SR70S-CZ-74262,Vlásenice,49.415627,15.158621,train,0,,,,,CZ,,,,Europe/Prague,407
czptt,-SR70S-CZ-74265,Nejdek-Oldřichov,50.348145,12.769646,train,0,,,,,CZ,,,,Europe/Prague,243
czptt,-SR70S-CZ-74272-1,Nová Cerekev,49.42571,15.118042,train,0,-SR70ST-CZ-74272,,,,CZ,,1,,Europe/Prague,228
czptt,-SR70S-CZ-74272-2,Nová Cerekev,49.42571,15.118042,train,0,-SR70ST-CZ-74272,,,,CZ,,2,,Europe/Prague,197
czptt,-SR70S-CZ-74275-1,Pernink,50.365598,12.773347,train,0,-SR70ST-CZ-74275,,,,CZ,,1,,Europe/Prague,123
czptt,-SR70S-CZ-74275-2,Pernink,50.365598,12.773347,train,0,-SR70ST-CZ-74275,,,,CZ,,2,,Europe/Prague,31
czptt,-SR70S-CZ-74275-3,Pernink,50.365598,12.773347,train,0,-SR70ST-CZ-74275,,,,CZ,,3,,Europe/Prague,89
czptt,-SR70S-CZ-74282,Leskovice,49.429688,15.079326,train,0,,,,,CZ,,,,Europe/Prague,425
czptt,-SR70S-CZ-74285-1,Horní Blatná,50.388054,12.766634,train,0,-SR70ST-CZ-74285,,,,CZ,,1,,Europe/Prague,243
czptt,-SR70S-CZ-74292-1,Pacov,49.459897,15.01728,train,0,-SR70ST-CZ-74292,,,,CZ,,1,,Europe/Prague,460
czptt,-SR70S-CZ-74292-2,Pacov,49.459897,15.01728,train,0,-SR70ST-CZ-74292,,,,CZ,,2,,Europe/Prague,19
czptt,-SR70S-CZ-74292-3,Pacov,49.459897,15.01728,train,0,-SR70ST-CZ-74292,,,,CZ,,3,,Europe/Prague,1
czptt,-SR70S-CZ-74295,Potůčky zastávka,50.4191,12.734196,train,0,,,,,CZ,,,,Europe/Prague,243
czptt,-SR70S-CZ-74302,Šimpach,49.438008,14.974946,train,0,,,,,CZ,,,,Europe/Prague,461
czptt,-SR70S-CZ-74305-1,Potůčky,50.430215,12.738893,train,0,-SR70ST-CZ-74305,,,,CZ,,1,,Europe/Prague,303
czptt,-SR70S-CZ-74312,Pořín,49.421644,14.866522,train,0,,,,,CZ,,,,Europe/Prague,458
czptt,-SR70S-CZ-74315-1,Krásný Jez,50.11605,12.848147,train,0,-SR70ST-CZ-74315,,,,CZ,,1,,Europe/Prague,88
czptt,-SR70S-CZ-74315-2,Krásný Jez,50.11605,12.848147,train,0,-SR70ST-CZ-74315,,,,CZ,,2,,Europe/Prague,83
czptt,-SR70S-CZ-74315-3,Krásný Jez,50.11605,12.848147,train,0,-SR70ST-CZ-74315,,,,CZ,,3,,Europe/Prague,37
czptt,-SR70S-CZ-74316,Krásný Jez zastávka,50.124085,12.849077,train,0,,,,,CZ,,,,Europe/Prague,177
czptt,-SR70S-CZ-74322-1,Chýnov,49.415568,14.810689,train,0,-SR70ST-CZ-74322,,,,CZ,,1,,Europe/Prague,437
czptt,-SR70S-CZ-74322-2,Chýnov,49.415568,14.810689,train,0,-SR70ST-CZ-74322,,,,CZ,,2,,Europe/Prague,47
czptt,-SR70S-CZ-74325-1,Horní Slavkov-Kounice,50.136748,12.814416,train,0,-SR70ST-CZ-74325,,,,CZ,,1,,Europe/Prague,40
czptt,-SR70S-CZ-74332,Dobronice u Chýnova,49.420126,14.769798,train,0,,,,,CZ,,,,Europe/Prague,435
czptt,-SR70S-CZ-74342,Smyslov,49.418481,14.739942,train,0,,,,,CZ,,,,Europe/Prague,435
czptt,-SR70S-CZ-74352,Radostice u Trocnova,48.900918,14.611861,train,0,,,,,CZ,,,,Europe/Prague,315
czptt,-SR70S-CZ-74362-1,Jindřichův Hradec,49.155129,15.004196,train,0,-SR70ST-CZ-74362,,,,CZ,,1,,Europe/Prague,407
czptt,-SR70S-CZ-74362-3,Jindřichův Hradec,49.155129,15.004196,train,0,-SR70ST-CZ-74362,,,,CZ,,3,,Europe/Prague,488
czptt,-SR70S-CZ-74362-5,Jindřichův Hradec,49.155129,15.004196,train,0,-SR70ST-CZ-74362,,,,CZ,,5,,Europe/Prague,432
czptt,-SR70S-CZ-74365-1,Loket předměstí,50.185586,12.760206,train,0,-SR70ST-CZ-74365,,,,CZ,,1,,Europe/Prague,32
czptt,-SR70S-CZ-74372-1,Jindřiš,49.146277,15.058958,train,0,-SR70ST-CZ-74372,,,,CZ,,1,,Europe/Prague,12
czptt,-SR70S-CZ-74375,Loučky,50.204134,12.751839,train,0,,,,,CZ,,,,Europe/Prague,261
czptt,-SR70S-CZ-74395-1,Nové Sedlo u Lokte,50.214223,12.745638,train,0,-SR70ST-CZ-74395,,,,CZ,,1,,Europe/Prague,274
czptt,-SR70S-CZ-74395-2,Nové Sedlo u Lokte,50.214223,12.745638,train,0,-SR70ST-CZ-74395,,,,CZ,,2,,Europe/Prague,102
czptt,-SR70S-CZ-74395-3,Nové Sedlo u Lokte,50.214223,12.745638,train,0,-SR70ST-CZ-74395,,,,CZ,,3,,Europe/Prague,115
czptt,-SR70S-CZ-74395-4,Nové Sedlo u Lokte,50.214223,12.745638,train,0,-SR70ST-CZ-74395,,,,CZ,,4,,Europe/Prague,100
czptt,-SR70S-CZ-74405-1,Mariánské Lázně,49.956848,12.694608,train,0,-SR70ST-CZ-74405,,,,CZ,,1,,Europe/Prague,656
czptt,-SR70S-CZ-74405-2,Mariánské Lázně,49.956848,12.694608,train,0,-SR70ST-CZ-74405,,,,CZ,,2,,Europe/Prague,127
czptt,-SR70S-CZ-74405-2a,Mariánské Lázně,49.956848,12.694608,train,0,-SR70ST-CZ-74405,,,,CZ,,2a,,Europe/Prague,0
czptt,-SR70S-CZ-74405-4,Mariánské Lázně,49.956848,12.694608,train,0,-SR70ST-CZ-74405,,,,CZ,,4,,Europe/Prague,92
czptt,-SR70S-CZ-74415,Mariánské Lázně město,49.959005,12.703931,train,0,,,,,CZ,,,,Europe/Prague,116
czptt,-SR70S-CZ-74425-1,Vlkovice,49.946786,12.742649,train,0,-SR70ST-CZ-74425,,,,CZ,,1,,Europe/Prague,116
czptt,-SR70S-CZ-74435,Milhostov u Mariánských Lázní,49.960325,12.761626,train,0,,,,,CZ,,,,Europe/Prague,116
czptt,-SR70S-CZ-74445-1,Ovesné Kladruby,49.956619,12.785065,train,0,-SR70ST-CZ-74445,,,,CZ,,1,,Europe/Prague,57
czptt,-SR70S-CZ-74445-3,Ovesné Kladruby,49.956619,12.785065,train,0,-SR70ST-CZ-74445,,,,CZ,,3,,Europe/Prague,59
czptt,-SR70S-CZ-74455,Mrázov,49.963846,12.832504,train,0,,,,,CZ,,,,Europe/Prague,116
czptt,-SR70S-CZ-74465-1,Teplá,49.9756,12.860021,train,0,-SR70ST-CZ-74465,,,,CZ,,1,,Europe/Prague,59
czptt,-SR70S-CZ-74465-3,Teplá,49.9756,12.860021,train,0,-SR70ST-CZ-74465,,,,CZ,,3,,Europe/Prague,57
czptt,-SR70S-CZ-74472-1,Horní Skrýchov,49.170725,15.031642,train,0,-SR70ST-CZ-74472,,,,CZ,,1,,Europe/Prague,12
czptt,-SR70S-CZ-74475,Hoštěc,49.993156,12.844684,train,0,,,,,CZ,,,,Europe/Prague,116
czptt,-SR70S-CZ-74485-1,Poutnov,50.01825,12.822012,train,0,-SR70ST-CZ-74485,,,,CZ,,1,,Europe/Prague,116
czptt,-SR70S-CZ-74495,Louka u Mariánských Lázní,50.038682,12.827319,train,0,,,,,CZ,,,,Europe/Prague,116
czptt,-SR70S-CZ-74505-1a,Bečov nad Teplou,50.083031,12.831168,train,0,-SR70ST-CZ-74505,,,,CZ,,1a,,Europe/Prague,1
czptt,-SR70S-CZ-74505-2,Bečov nad Teplou,50.083031,12.831168,train,0,-SR70ST-CZ-74505,,,,CZ,,2,,Europe/Prague,249
czptt,-SR70S-CZ-74505-3,Bečov nad Teplou,50.083031,12.831168,train,0,-SR70ST-CZ-74505,,,,CZ,,3,,Europe/Prague,31
czptt,-SR70S-CZ-74505-4,Bečov nad Teplou,50.083031,12.831168,train,0,-SR70ST-CZ-74505,,,,CZ,,4,,Europe/Prague,0
czptt,-SR70S-CZ-74505-5,Bečov nad Teplou,50.083031,12.831168,train,0,-SR70ST-CZ-74505,,,,CZ,,5,,Europe/Prague,89
czptt,-SR70S-CZ-74515,Vodná,50.10329,12.845436,train,0,,,,,CZ,,,,Europe/Prague,168
czptt,-SR70S-CZ-74525-1,Loket,50.189839,12.752757,train,0,-SR70ST-CZ-74525,,,,CZ,,1,,Europe/Prague,262
czptt,-SR70S-CZ-74531,Dynín zastávka,49.140836,14.622412,train,0,,,,,CZ,,,,Europe/Prague,227
czptt,-SR70S-CZ-74535-1,Teplička u Karlových Varů,50.152214,12.847026,train,0,-SR70ST-CZ-74535,,,,CZ,,1,,Europe/Prague,30
czptt,-SR70S-CZ-74536,Teplička,50.149097,12.852757,train,0,,,,,CZ,,,,Europe/Prague,146
czptt,-SR70S-CZ-74545,Kfely,50.160217,12.838808,train,0,,,,,CZ,,,,Europe/Prague,177
czptt,-SR70S-CZ-74555,Cihelny,50.179122,12.841497,train,0,,,,,CZ,,,,Europe/Prague,177
czptt,-SR70S-CZ-74565-1,Karlovy Vary-Březová,50.201953,12.83756,train,0,-SR70ST-CZ-74565,,,,CZ,,1,,Europe/Prague,177
czptt,-SR70S-CZ-74571,Karlovy Vary-Aréna,50.222339,12.845161,train,0,,,,,CZ,,,,Europe/Prague,176
czptt,-SR70S-CZ-74575,Doubí u Karlových Varů,50.21164,12.831723,train,0,,,,,CZ,,,,Europe/Prague,176
czptt,-SR70S-CZ-74585-1,Karlovy Vary dolní n.,50.230204,12.862865,train,0,-SR70ST-CZ-74585,,,,CZ,,1,,Europe/Prague,502
czptt,-SR70S-CZ-74585-2,Karlovy Vary dolní n.,50.230204,12.862865,train,0,-SR70ST-CZ-74585,,,,CZ,,2,,Europe/Prague,98
czptt,-SR70S-CZ-74585-4,Karlovy Vary dolní n.,50.230204,12.862865,train,0,-SR70ST-CZ-74585,,,,CZ,,4,,Europe/Prague,3
czptt,-SR70S-CZ-74595-1,Nýřany,49.714949,13.209543,train,0,-SR70ST-CZ-74595,,,,CZ,,1,,Europe/Prague,441
czptt,-SR70S-CZ-74595-10,Nýřany,49.714949,13.209543,train,0,-SR70ST-CZ-74595,,,,CZ,,10,,Europe/Prague,159
czptt,-SR70S-CZ-74595-2,Nýřany,49.714949,13.209543,train,0,-SR70ST-CZ-74595,,,,CZ,,2,,Europe/Prague,34
czptt,-SR70S-CZ-74595-4,Nýřany,49.714949,13.209543,train,0,-SR70ST-CZ-74595,,,,CZ,,4,,Europe/Prague,17
czptt,-SR70S-CZ-74595-6,Nýřany,49.714949,13.209543,train,0,-SR70ST-CZ-74595,,,,CZ,,6,,Europe/Prague,0
czptt,-SR70S-CZ-74595-8,Nýřany,49.714949,13.209543,train,0,-SR70ST-CZ-74595,,,,CZ,,8,,Europe/Prague,0
czptt,-SR70S-CZ-74605,Kamenný Újezd u Nýřan,49.717132,13.192478,train,0,,,,,CZ,,,,Europe/Prague,159
czptt,-SR70S-CZ-74615,Blatnice u Nýřan,49.723058,13.159669,train,0,,,,,CZ,,,,Europe/Prague,159
czptt,-SR70S-CZ-74625,Rochlov,49.724146,13.141532,train,0,,,,,CZ,,,,Europe/Prague,159
czptt,-SR70S-CZ-74632-1,Obrataň,49.428911,14.953393,train,0,-SR70ST-CZ-74632,,,,CZ,,1,,Europe/Prague,460
czptt,-SR70S-CZ-74632-1a,Obrataň,49.428911,14.953393,train,0,-SR70ST-CZ-74632,,,,CZ,,1a,,Europe/Prague,0
czptt,-SR70S-CZ-74633,Kasejovice zastávka,49.463492,13.709222,train,0,,,,,CZ,,,,Europe/Prague,2
czptt,-SR70S-CZ-74635,Přehýšov,49.723609,13.125522,train,0,,,,,CZ,,,,Europe/Prague,155
czptt,-SR70S-CZ-74642,Netolice zastávka,49.06488,14.216306,train,0,,,,,CZ,,,,Europe/Prague,1
czptt,-SR70S-CZ-74643,Třebčice,49.481799,13.614441,train,0,,,,,CZ,,,,Europe/Prague,139
czptt,-SR70S-CZ-74645-1,Heřmanova Huť,49.710581,13.087765,train,0,-SR70ST-CZ-74645,,,,CZ,,1,,Europe/Prague,159
czptt,-SR70S-CZ-74653,Želvice,49.469043,13.630526,train,0,,,,,CZ,,,,Europe/Prague,92
czptt,-SR70S-CZ-74655-501,Plzeň-Jižní Předměstí,49.740114,13.36752,train,0,-SR70ST-CZ-74655,,,,CZ,,501,,Europe/Prague,414
czptt,-SR70S-CZ-74655-501a,Plzeň-Jižní Předměstí,49.740114,13.36752,train,0,-SR70ST-CZ-74655,,,,CZ,,501a,,Europe/Prague,0
czptt,-SR70S-CZ-74655-502,Plzeň-Jižní Předměstí,49.740114,13.36752,train,0,-SR70ST-CZ-74655,,,,CZ,,502,,Europe/Prague,254
czptt,-SR70S-CZ-74655-502a,Plzeň-Jižní Předměstí,49.740114,13.36752,train,0,-SR70ST-CZ-74655,,,,CZ,,502a,,Europe/Prague,19
czptt,-SR70S-CZ-74655-511,Plzeň-Jižní Předměstí,49.740114,13.36752,train,0,-SR70ST-CZ-74655,,,,CZ,,511,,Europe/Prague,709
czptt,-SR70S-CZ-74655-511a,Plzeň-Jižní Předměstí,49.740114,13.36752,train,0,-SR70ST-CZ-74655,,,,CZ,,511a,,Europe/Prague,71
czptt,-SR70S-CZ-74655-512,Plzeň-Jižní Předměstí,49.740114,13.36752,train,0,-SR70ST-CZ-74655,,,,CZ,,512,,Europe/Prague,385
czptt,-SR70S-CZ-74655-512a,Plzeň-Jižní Předměstí,49.740114,13.36752,train,0,-SR70ST-CZ-74655,,,,CZ,,512a,,Europe/Prague,38
czptt,-SR70S-CZ-74656,Plzeň-Zadní Skvrňany,49.747404,13.326514,train,0,,,,,CZ,,,,Europe/Prague,305
czptt,-SR70S-CZ-74662,Písek jih,49.302147,14.151728,train,0,,,,,CZ,,,,Europe/Prague,786
czptt,-SR70S-CZ-74663,Kotouň,49.462926,13.666009,train,0,,,,,CZ,,,,Europe/Prague,140
czptt,-SR70S-CZ-74665,Plzeň-Skvrňany,49.741424,13.345616,train,0,,,,,CZ,,,,Europe/Prague,468
czptt,-SR70S-CZ-74673,Životice,49.463416,13.691396,train,0,,,,,CZ,,,,Europe/Prague,139
czptt,-SR70S-CZ-74675-1,Vejprnice,49.729814,13.284627,train,0,-SR70ST-CZ-74675,,,,CZ,,1,,Europe/Prague,278
czptt,-SR70S-CZ-74675-2,Vejprnice,49.729814,13.284627,train,0,-SR70ST-CZ-74675,,,,CZ,,2,,Europe/Prague,0
czptt,-SR70S-CZ-74675-3,Vejprnice,49.729814,13.284627,train,0,-SR70ST-CZ-74675,,,,CZ,,3,,Europe/Prague,0
czptt,-SR70S-CZ-74675-4,Vejprnice,49.729814,13.284627,train,0,-SR70ST-CZ-74675,,,,CZ,,4,,Europe/Prague,202
czptt,-SR70S-CZ-74683-1,Kasejovice,49.457008,13.744106,train,0,-SR70ST-CZ-74683,,,,CZ,,1,,Europe/Prague,74
czptt,-SR70S-CZ-74683-3,Kasejovice,49.457008,13.744106,train,0,-SR70ST-CZ-74683,,,,CZ,,3,,Europe/Prague,73
czptt,-SR70S-CZ-74685,Tlučná,49.724391,13.241777,train,0,,,,,CZ,,,,Europe/Prague,479
czptt,-SR70S-CZ-74692,Hradiště u Blatné,49.449766,13.773228,train,0,,,,,CZ,,,,Europe/Prague,147
czptt,-SR70S-CZ-74695,Zbůch,49.680524,13.215722,train,0,,,,,CZ,,,,Europe/Prague,392
czptt,-SR70S-CZ-74702,Lnáře,49.443718,13.790108,train,0,,,,,CZ,,,,Europe/Prague,146
czptt,-SR70S-CZ-74705,Chotěšov u Stoda,49.657082,13.198289,train,0,,,,,CZ,,,,Europe/Prague,391
czptt,-SR70S-CZ-74712,Tchořovice,49.438788,13.809939,train,0,,,,,CZ,,,,Europe/Prague,147
czptt,-SR70S-CZ-74715-1,Stod,49.639715,13.155191,train,0,-SR70ST-CZ-74715,,,,CZ,,1,,Europe/Prague,452
czptt,-SR70S-CZ-74715-1a,Stod,49.639715,13.155191,train,0,-SR70ST-CZ-74715,,,,CZ,,1a,,Europe/Prague,0
czptt,-SR70S-CZ-74715-2,Stod,49.639715,13.155191,train,0,-SR70ST-CZ-74715,,,,CZ,,2,,Europe/Prague,0
czptt,-SR70S-CZ-74715-2a,Stod,49.639715,13.155191,train,0,-SR70ST-CZ-74715,,,,CZ,,2a,,Europe/Prague,1
czptt,-SR70S-CZ-74715-3,Stod,49.639715,13.155191,train,0,-SR70ST-CZ-74715,,,,CZ,,3,,Europe/Prague,11
czptt,-SR70S-CZ-74715-4,Stod,49.639715,13.155191,train,0,-SR70ST-CZ-74715,,,,CZ,,4,,Europe/Prague,0
czptt,-SR70S-CZ-74722-1,Blatná,49.431,13.872683,train,0,-SR70ST-CZ-74722,,,,CZ,,1,,Europe/Prague,375
czptt,-SR70S-CZ-74722-2,Blatná,49.431,13.872683,train,0,-SR70ST-CZ-74722,,,,CZ,,2,,Europe/Prague,215
czptt,-SR70S-CZ-74722-4,Blatná,49.431,13.872683,train,0,-SR70ST-CZ-74722,,,,CZ,,4,,Europe/Prague,157
czptt,-SR70S-CZ-74725,Hradec u Stoda,49.636204,13.122835,train,0,,,,,CZ,,,,Europe/Prague,332
czptt,-SR70S-CZ-74735-1,Holýšov,49.597268,13.101306,train,0,-SR70ST-CZ-74735,,,,CZ,,1,,Europe/Prague,655
czptt,-SR70S-CZ-74735-2,Holýšov,49.597268,13.101306,train,0,-SR70ST-CZ-74735,,,,CZ,,2,,Europe/Prague,2
czptt,-SR70S-CZ-74735-3,Holýšov,49.597268,13.101306,train,0,-SR70ST-CZ-74735,,,,CZ,,3,,Europe/Prague,225
czptt,-SR70S-CZ-74742-1,Rožmberk nad Vltavou,48.626417,14.363206,train,0,-SR70ST-CZ-74742,,,,CZ,,1,,Europe/Prague,217
czptt,-SR70S-CZ-74742-3,Rožmberk nad Vltavou,48.626417,14.363206,train,0,-SR70ST-CZ-74742,,,,CZ,,3,,Europe/Prague,217
czptt,-SR70S-CZ-74745,Dolní Kamenice,49.580394,13.093152,train,0,,,,,CZ,,,,Europe/Prague,231
czptt,-SR70S-CZ-74752,Herbertov,48.619245,14.349518,train,0,,,,,CZ,,,,Europe/Prague,420
czptt,-SR70S-CZ-74755,Osvračín,49.517661,13.042944,train,0,,,,,CZ,,,,Europe/Prague,354
czptt,-SR70S-CZ-74762,Těchoraz,48.619415,14.321498,train,0,,,,,CZ,,,,Europe/Prague,420
czptt,-SR70S-CZ-74765-1,Blížejov,49.501588,12.995066,train,0,-SR70ST-CZ-74765,,,,CZ,,1,,Europe/Prague,364
czptt,-SR70S-CZ-74765-2,Blížejov,49.501588,12.995066,train,0,-SR70ST-CZ-74765,,,,CZ,,2,,Europe/Prague,16
czptt,-SR70S-CZ-74765-3,Blížejov,49.501588,12.995066,train,0,-SR70ST-CZ-74765,,,,CZ,,3,,Europe/Prague,0
czptt,-SR70S-CZ-74772-1,Vyšší Brod klášter,48.62346,14.309183,train,0,-SR70ST-CZ-74772,,,,CZ,,1,,Europe/Prague,260
czptt,-SR70S-CZ-74772-2,Vyšší Brod klášter,48.62346,14.309183,train,0,-SR70ST-CZ-74772,,,,CZ,,2,,Europe/Prague,245
czptt,-SR70S-CZ-74775,Milavče,49.466564,12.984795,train,0,,,,,CZ,,,,Europe/Prague,361
czptt,-SR70S-CZ-74782,Čertova Stěna,48.644226,14.286315,train,0,,,,,CZ,,,,Europe/Prague,425
czptt,-SR70S-CZ-74785-1,Stříbro,49.741122,13.000607,train,0,-SR70ST-CZ-74785,,,,CZ,,1,,Europe/Prague,571
czptt,-SR70S-CZ-74785-2,Stříbro,49.741122,13.000607,train,0,-SR70ST-CZ-74785,,,,CZ,,2,,Europe/Prague,14
czptt,-SR70S-CZ-74785-3,Stříbro,49.741122,13.000607,train,0,-SR70ST-CZ-74785,,,,CZ,,3,,Europe/Prague,5
czptt,-SR70S-CZ-74785-4,Stříbro,49.741122,13.000607,train,0,-SR70ST-CZ-74785,,,,CZ,,4,,Europe/Prague,1
czptt,-SR70S-CZ-74792-1,Loučovice,48.620677,14.256741,train,0,-SR70ST-CZ-74792,,,,CZ,,1,,Europe/Prague,211
czptt,-SR70S-CZ-74792-2,Loučovice,48.620677,14.256741,train,0,-SR70ST-CZ-74792,,,,CZ,,2,,Europe/Prague,214
czptt,-SR70S-CZ-74795,Babylon,49.399215,12.868544,train,0,,,,,CZ,,,,Europe/Prague,20
czptt,-SR70S-CZ-74802,Loučovice zastávka,48.624697,14.245408,train,0,,,,,CZ,,,,Europe/Prague,425
czptt,-SR70S-CZ-74805-1,Česká Kubice,49.374277,12.865068,train,0,-SR70ST-CZ-74805,,,,CZ,,1,,Europe/Prague,17
czptt,-SR70S-CZ-74805-2a,Česká Kubice,49.374277,12.865068,train,0,-SR70ST-CZ-74805,,,,CZ,,2a,,Europe/Prague,1
czptt,-SR70S-CZ-74805-2b,Česká Kubice,49.374277,12.865068,train,0,-SR70ST-CZ-74805,,,,CZ,,2b,,Europe/Prague,4
czptt,-SR70S-CZ-74812-1,Lipno nad Vltavou,48.633829,14.243284,train,0,-SR70ST-CZ-74812,,,,CZ,,1,,Europe/Prague,425
czptt,-SR70S-CZ-74815-1,Plzeň-Křimice,49.751597,13.303594,train,0,-SR70ST-CZ-74815,,,,CZ,,1,,Europe/Prague,159
czptt,-SR70S-CZ-74815-2,Plzeň-Křimice,49.751597,13.303594,train,0,-SR70ST-CZ-74815,,,,CZ,,2,,Europe/Prague,175
czptt,-SR70S-CZ-74815-3,Plzeň-Křimice,49.751597,13.303594,train,0,-SR70ST-CZ-74815,,,,CZ,,3,,Europe/Prague,0
czptt,-SR70S-CZ-74815-4,Plzeň-Křimice,49.751597,13.303594,train,0,-SR70ST-CZ-74815,,,,CZ,,4,,Europe/Prague,0
czptt,-SR70S-CZ-74822-1,Slavonice,48.993821,15.349134,train,0,-SR70ST-CZ-74822,,,,CZ,,1,,Europe/Prague,391
czptt,-SR70S-CZ-74822-2,Slavonice,48.993821,15.349134,train,0,-SR70ST-CZ-74822,,,,CZ,,2,,Europe/Prague,22
czptt,-SR70S-CZ-74825,Vochov,49.760056,13.275926,train,0,,,,,CZ,,,,Europe/Prague,296
czptt,-SR70S-CZ-74832,Mutišov,49.015615,15.378088,train,0,,,,,CZ,,,,Europe/Prague,393
czptt,-SR70S-CZ-74835-1,Kozolupy,49.762264,13.244578,train,0,-SR70ST-CZ-74835,,,,CZ,,1,,Europe/Prague,98
czptt,-SR70S-CZ-74835-2,Kozolupy,49.762264,13.244578,train,0,-SR70ST-CZ-74835,,,,CZ,,2,,Europe/Prague,115
czptt,-SR70S-CZ-74835-3,Kozolupy,49.762264,13.244578,train,0,-SR70ST-CZ-74835,,,,CZ,,3,,Europe/Prague,19
czptt,-SR70S-CZ-74835-4,Kozolupy,49.762264,13.244578,train,0,-SR70ST-CZ-74835,,,,CZ,,4,,Europe/Prague,63
czptt,-SR70S-CZ-74842,Dolní Bolíkov,49.034301,15.374863,train,0,,,,,CZ,,,,Europe/Prague,392
czptt,-SR70S-CZ-74845,Břasy,49.842602,13.587442,train,0,,,,,CZ,,,,Europe/Prague,224
czptt,-SR70S-CZ-74852,Peč,49.044604,15.398021,train,0,,,,,CZ,,,,Europe/Prague,392
czptt,-SR70S-CZ-74855,Pňovany zastávka,49.786151,13.129756,train,0,,,,,CZ,,,,Europe/Prague,378
czptt,-SR70S-CZ-74862,Urbaneč,49.053578,15.419053,train,0,,,,,CZ,,,,Europe/Prague,393
czptt,-SR70S-CZ-74865,Sulislav,49.762659,13.062631,train,0,,,,,CZ,,,,Europe/Prague,14
czptt,-SR70S-CZ-74872,Dačice město,49.07854,15.439801,train,0,,,,,CZ,,,,Europe/Prague,511
czptt,-SR70S-CZ-74875-1,Vranov u Stříbra,49.762162,13.040952,train,0,-SR70ST-CZ-74875,,,,CZ,,1,,Europe/Prague,91
czptt,-SR70S-CZ-74875-2,Vranov u Stříbra,49.762162,13.040952,train,0,-SR70ST-CZ-74875,,,,CZ,,2,,Europe/Prague,77
czptt,-SR70S-CZ-74882-1,Dačice,49.086034,15.439268,train,0,-SR70ST-CZ-74882,,,,CZ,,1,,Europe/Prague,369
czptt,-SR70S-CZ-74882-2,Dačice,49.086034,15.439268,train,0,-SR70ST-CZ-74882,,,,CZ,,2,,Europe/Prague,280
czptt,-SR70S-CZ-74892,Malý Pěčín,49.108033,15.447577,train,0,,,,,CZ,,,,Europe/Prague,558
czptt,-SR70S-CZ-74895-1,Milíkov,49.743308,12.940424,train,0,-SR70ST-CZ-74895,,,,CZ,,1,,Europe/Prague,11
czptt,-SR70S-CZ-74895-2,Milíkov,49.743308,12.940424,train,0,-SR70ST-CZ-74895,,,,CZ,,2,,Europe/Prague,11
czptt,-SR70S-CZ-74900,Telč-Staré Město,49.174456,15.462369,train,0,,,,,CZ,,,,Europe/Prague,559
czptt,-SR70S-CZ-74902,Velký Pěčín,49.120423,15.447486,train,0,,,,,CZ,,,,Europe/Prague,558
czptt,-SR70S-CZ-74905-1,Svojšín,49.763072,12.9111,train,0,-SR70ST-CZ-74905,,,,CZ,,1,,Europe/Prague,148
czptt,-SR70S-CZ-74905-1a,Svojšín,49.763072,12.9111,train,0,-SR70ST-CZ-74905,,,,CZ,,1a,,Europe/Prague,0
czptt,-SR70S-CZ-74905-2,Svojšín,49.763072,12.9111,train,0,-SR70ST-CZ-74905,,,,CZ,,2,,Europe/Prague,5
czptt,-SR70S-CZ-74905-3,Svojšín,49.763072,12.9111,train,0,-SR70ST-CZ-74905,,,,CZ,,3,,Europe/Prague,18
czptt,-SR70S-CZ-74910,Slaviboř,49.131105,15.46244,train,0,,,,,CZ,,,,Europe/Prague,558
czptt,-SR70S-CZ-74915-1,Ošelín,49.786,12.846318,train,0,-SR70ST-CZ-74915,,,,CZ,,1,,Europe/Prague,68
czptt,-SR70S-CZ-74915-2,Ošelín,49.786,12.846318,train,0,-SR70ST-CZ-74915,,,,CZ,,2,,Europe/Prague,44
czptt,-SR70S-CZ-74920,Radkov,49.146156,15.471849,train,0,,,,,CZ,,,,Europe/Prague,559
czptt,-SR70S-CZ-74924,Tochovice zastávka,49.598092,13.994465,train,0,,,,,CZ,,,,Europe/Prague,353
czptt,-SR70S-CZ-74925-1,Pavlovice,49.821466,12.780456,train,0,-SR70ST-CZ-74925,,,,CZ,,1,,Europe/Prague,32
czptt,-SR70S-CZ-74925-1a,Pavlovice,49.821466,12.780456,train,0,-SR70ST-CZ-74925,,,,CZ,,1a,,Europe/Prague,67
czptt,-SR70S-CZ-74925-3,Pavlovice,49.821466,12.780456,train,0,-SR70ST-CZ-74925,,,,CZ,,3,,Europe/Prague,38
czptt,-SR70S-CZ-74925-3a,Pavlovice,49.821466,12.780456,train,0,-SR70ST-CZ-74925,,,,CZ,,3a,,Europe/Prague,0
czptt,-SR70S-CZ-74930-1,Telč,49.182572,15.464487,train,0,-SR70ST-CZ-74930,,,,CZ,,1,,Europe/Prague,488
czptt,-SR70S-CZ-74930-2,Telč,49.182572,15.464487,train,0,-SR70ST-CZ-74930,,,,CZ,,2,,Europe/Prague,220
czptt,-SR70S-CZ-74935-1,Brod nad Tichou,49.829078,12.741366,train,0,-SR70ST-CZ-74935,,,,CZ,,1,,Europe/Prague,92
czptt,-SR70S-CZ-74935-3,Brod nad Tichou,49.829078,12.741366,train,0,-SR70ST-CZ-74935,,,,CZ,,3,,Europe/Prague,50
czptt,-SR70S-CZ-74940,Mysliboř,49.207948,15.48639,train,0,,,,,CZ,,,,Europe/Prague,637
czptt,-SR70S-CZ-74945-1,Planá u M.L.,49.86173,12.730129,train,0,-SR70ST-CZ-74945,,,,CZ,,1,,Europe/Prague,602
czptt,-SR70S-CZ-74945-3,Planá u M.L.,49.86173,12.730129,train,0,-SR70ST-CZ-74945,,,,CZ,,3,,Europe/Prague,34
czptt,-SR70S-CZ-74945-3a,Planá u M.L.,49.86173,12.730129,train,0,-SR70ST-CZ-74945,,,,CZ,,3a,,Europe/Prague,183
czptt,-SR70S-CZ-74950-1,Sedlejov,49.224734,15.495807,train,0,-SR70ST-CZ-74950,,,,CZ,,1,,Europe/Prague,638
czptt,-SR70S-CZ-74953,Příbram sídliště,49.673897,14.000956,train,0,,,,,CZ,,,,Europe/Prague,475
czptt,-SR70S-CZ-74955-1,Chodová Planá,49.902697,12.725177,train,0,-SR70ST-CZ-74955,,,,CZ,,1,,Europe/Prague,243
czptt,-SR70S-CZ-74955-2,Chodová Planá,49.902697,12.725177,train,0,-SR70ST-CZ-74955,,,,CZ,,2,,Europe/Prague,23
czptt,-SR70S-CZ-74955-3,Chodová Planá,49.902697,12.725177,train,0,-SR70ST-CZ-74955,,,,CZ,,3,,Europe/Prague,1
czptt,-SR70S-CZ-74956,hr.VUSC 0320/0410 01,49.92486,12.713016,train,0,,,,,CZ,,,,Europe/Prague,1
czptt,-SR70S-CZ-74960-1,Hodice,49.271699,15.484137,train,0,-SR70ST-CZ-74960,,,,CZ,,1,,Europe/Prague,631
czptt,-SR70S-CZ-74965-1,Valy u Mariánských Lázní,49.977183,12.664722,train,0,-SR70ST-CZ-74965,,,,CZ,,1,,Europe/Prague,206
czptt,-SR70S-CZ-74965-3,Valy u Mariánských Lázní,49.977183,12.664722,train,0,-SR70ST-CZ-74965,,,,CZ,,3,,Europe/Prague,148
czptt,-SR70S-CZ-74970,Třešť město,49.287206,15.48205,train,0,,,,,CZ,,,,Europe/Prague,630
czptt,-SR70S-CZ-74975-1,Lázně Kynžvart,49.993329,12.614074,train,0,-SR70ST-CZ-74975,,,,CZ,,1,,Europe/Prague,375
czptt,-SR70S-CZ-74975-2,Lázně Kynžvart,49.993329,12.614074,train,0,-SR70ST-CZ-74975,,,,CZ,,2,,Europe/Prague,44
czptt,-SR70S-CZ-74980-1,Třešť,49.298128,15.476438,train,0,-SR70ST-CZ-74980,,,,CZ,,1,,Europe/Prague,355
czptt,-SR70S-CZ-74980-2,Třešť,49.298128,15.476438,train,0,-SR70ST-CZ-74980,,,,CZ,,2,,Europe/Prague,321
czptt,-SR70S-CZ-74985-1,Dolní Žandov,50.011759,12.539968,train,0,-SR70ST-CZ-74985,,,,CZ,,1,,Europe/Prague,299
czptt,-SR70S-CZ-74985-3,Dolní Žandov,50.011759,12.539968,train,0,-SR70ST-CZ-74985,,,,CZ,,3,,Europe/Prague,56
czptt,-SR70S-CZ-74990,Jezdovice,49.320798,15.481336,train,0,,,,,CZ,,,,Europe/Prague,629
czptt,-SR70S-CZ-74995,Salajna,50.02728,12.503212,train,0,,,,,CZ,,,,Europe/Prague,116
czptt,-SR70S-CZ-75000,Salavice,49.330138,15.484516,train,0,,,,,CZ,,,,Europe/Prague,629
czptt,-SR70S-CZ-75005-2,Lipová u Chebu,50.029198,12.457752,train,0,-SR70ST-CZ-75005,,,,CZ,,2,,Europe/Prague,163
czptt,-SR70S-CZ-75005-3,Lipová u Chebu,50.029198,12.457752,train,0,-SR70ST-CZ-75005,,,,CZ,,3,,Europe/Prague,157
czptt,-SR70S-CZ-75012,Radošovice,49.232263,13.901922,train,0,,,,,CZ,,,,Europe/Prague,281
czptt,-SR70S-CZ-75015,Stebnice,50.049513,12.441406,train,0,,,,,CZ,,,,Europe/Prague,115
czptt,-SR70S-CZ-75022,Přední Zborovice,49.218278,13.894039,train,0,,,,,CZ,,,,Europe/Prague,281
czptt,-SR70S-CZ-75025,Cheb-Všeboř,50.050769,12.409919,train,0,,,,,CZ,,,,Europe/Prague,116
czptt,-SR70S-CZ-75032-1,Strunkovice nad Volyňkou,49.203439,13.885809,train,0,-SR70ST-CZ-75032,,,,CZ,,1,,Europe/Prague,0
czptt,-SR70S-CZ-75032-3,Strunkovice nad Volyňkou,49.203439,13.885809,train,0,-SR70ST-CZ-75032,,,,CZ,,3,,Europe/Prague,0
czptt,-SR70S-CZ-75033,Strunkovice nad Volyňkou obec,49.210048,13.887408,train,0,,,,,CZ,,,,Europe/Prague,281
czptt,-SR70S-CZ-75035-1,Cheb,50.073768,12.380778,train,0,-SR70ST-CZ-75035,,,,CZ,,1,,Europe/Prague,1
czptt,-SR70S-CZ-75035-11,Cheb,50.073768,12.380778,train,0,-SR70ST-CZ-75035,,,,CZ,,11,,Europe/Prague,344
czptt,-SR70S-CZ-75035-12,Cheb,50.073768,12.380778,train,0,-SR70ST-CZ-75035,,,,CZ,,12,,Europe/Prague,0
czptt,-SR70S-CZ-75035-2,Cheb,50.073768,12.380778,train,0,-SR70ST-CZ-75035,,,,CZ,,2,,Europe/Prague,300
czptt,-SR70S-CZ-75035-3,Cheb,50.073768,12.380778,train,0,-SR70ST-CZ-75035,,,,CZ,,3,,Europe/Prague,503
czptt,-SR70S-CZ-75035-4a,Cheb,50.073768,12.380778,train,0,-SR70ST-CZ-75035,,,,CZ,,4a,,Europe/Prague,75
czptt,-SR70S-CZ-75035-4b,Cheb,50.073768,12.380778,train,0,-SR70ST-CZ-75035,,,,CZ,,4b,,Europe/Prague,8
czptt,-SR70S-CZ-75035-5,Cheb,50.073768,12.380778,train,0,-SR70ST-CZ-75035,,,,CZ,,5,,Europe/Prague,77
czptt,-SR70S-CZ-75035-6,Cheb,50.073768,12.380778,train,0,-SR70ST-CZ-75035,,,,CZ,,6,,Europe/Prague,126
czptt,-SR70S-CZ-75035-7a,Cheb,50.073768,12.380778,train,0,-SR70ST-CZ-75035,,,,CZ,,7a,,Europe/Prague,200
czptt,-SR70S-CZ-75035-7b,Cheb,50.073768,12.380778,train,0,-SR70ST-CZ-75035,,,,CZ,,7b,,Europe/Prague,252
czptt,-SR70S-CZ-75035-92S,Cheb,50.073768,12.380778,train,0,-SR70ST-CZ-75035,,,,CZ,,92S,,Europe/Prague,6
czptt,-SR70S-CZ-75036,Cheb-Skalka,50.074046,12.348166,train,0,,,,,CZ,,,,Europe/Prague,245
czptt,-SR70S-CZ-75037,Pomezí nad Ohří z,50.086173,12.271871,train,0,,,,,CZ,,,,Europe/Prague,246
czptt,-SR70S-CZ-75042,Hoštice u Volyně,49.187382,13.893156,train,0,,,,,CZ,,,,Europe/Prague,282
czptt,-SR70S-CZ-75045,Plzeň-Bílá Hora,49.768253,13.400311,train,0,,,,,CZ,,,,Europe/Prague,465
czptt,-SR70S-CZ-75046,Plzeň-Bolevec,49.786454,13.385408,train,0,,,,,CZ,,,,Europe/Prague,467
czptt,-SR70S-CZ-75052-1,Volyně,49.170253,13.89292,train,0,-SR70ST-CZ-75052,,,,CZ,,1,,Europe/Prague,130
czptt,-SR70S-CZ-75052-3,Volyně,49.170253,13.89292,train,0,-SR70ST-CZ-75052,,,,CZ,,3,,Europe/Prague,152
czptt,-SR70S-CZ-75055,Plzeň-Orlík,49.803906,13.396184,train,0,,,,,CZ,,,,Europe/Prague,466
czptt,-SR70S-CZ-75062,Nišovice,49.150342,13.90598,train,0,,,,,CZ,,,,Europe/Prague,278
czptt,-SR70S-CZ-75065-1,Třemošná u Plzně,49.819143,13.39459,train,0,-SR70ST-CZ-75065,,,,CZ,,1,,Europe/Prague,269
czptt,-SR70S-CZ-75065-2,Třemošná u Plzně,49.819143,13.39459,train,0,-SR70ST-CZ-75065,,,,CZ,,2,,Europe/Prague,199
czptt,-SR70S-CZ-75065-3,Třemošná u Plzně,49.819143,13.39459,train,0,-SR70ST-CZ-75065,,,,CZ,,3,,Europe/Prague,1
czptt,-SR70S-CZ-75072,Malenice nad Volyňkou,49.123783,13.88318,train,0,,,,,CZ,,,,Europe/Prague,283
czptt,-SR70S-CZ-75075,Horní Bříza zastávka,49.838143,13.358984,train,0,,,,,CZ,,,,Europe/Prague,466
czptt,-SR70S-CZ-75082,Lčovice,49.108928,13.86558,train,0,,,,,CZ,,,,Europe/Prague,246
czptt,-SR70S-CZ-75085-1,Horní Bříza,49.850917,13.379648,train,0,-SR70ST-CZ-75085,,,,CZ,,1,,Europe/Prague,288
czptt,-SR70S-CZ-75085-1a,Horní Bříza,49.850917,13.379648,train,0,-SR70ST-CZ-75085,,,,CZ,,1a,,Europe/Prague,0
czptt,-SR70S-CZ-75085-2,Horní Bříza,49.850917,13.379648,train,0,-SR70ST-CZ-75085,,,,CZ,,2,,Europe/Prague,179
czptt,-SR70S-CZ-75085-3,Horní Bříza,49.850917,13.379648,train,0,-SR70ST-CZ-75085,,,,CZ,,3,,Europe/Prague,0
czptt,-SR70S-CZ-75092-1,Čkyně,49.111155,13.829106,train,0,-SR70ST-CZ-75092,,,,CZ,,1,,Europe/Prague,131
czptt,-SR70S-CZ-75092-3,Čkyně,49.111155,13.829106,train,0,-SR70ST-CZ-75092,,,,CZ,,3,,Europe/Prague,152
czptt,-SR70S-CZ-75095,Obora u Kaznějova,49.871535,13.402654,train,0,,,,,CZ,,,,Europe/Prague,154
czptt,-SR70S-CZ-75102,Bohumilice v Čechách zastávka,49.097644,13.814072,train,0,,,,,CZ,,,,Europe/Prague,246
czptt,-SR70S-CZ-75105-1,Kaznějov,49.893768,13.37501,train,0,-SR70ST-CZ-75105,,,,CZ,,1,,Europe/Prague,828
czptt,-SR70S-CZ-75105-3,Kaznějov,49.893768,13.37501,train,0,-SR70ST-CZ-75105,,,,CZ,,3,,Europe/Prague,33
czptt,-SR70S-CZ-75112-1,Bohumilice v Čechách,49.092715,13.801226,train,0,-SR70ST-CZ-75112,,,,CZ,,1,,Europe/Prague,152
czptt,-SR70S-CZ-75112-2,Bohumilice v Čechách,49.092715,13.801226,train,0,-SR70ST-CZ-75112,,,,CZ,,2,,Europe/Prague,131
czptt,-SR70S-CZ-75115-1,Plasy,49.930898,13.379641,train,0,-SR70ST-CZ-75115,,,,CZ,,1,,Europe/Prague,739
czptt,-SR70S-CZ-75115-2,Plasy,49.930898,13.379641,train,0,-SR70ST-CZ-75115,,,,CZ,,2,,Europe/Prague,124
czptt,-SR70S-CZ-75115-3,Plasy,49.930898,13.379641,train,0,-SR70ST-CZ-75115,,,,CZ,,3,,Europe/Prague,6
czptt,-SR70S-CZ-75122-1,Vimperk,49.055544,13.790796,train,0,-SR70ST-CZ-75122,,,,CZ,,1,,Europe/Prague,151
czptt,-SR70S-CZ-75122-2,Vimperk,49.055544,13.790796,train,0,-SR70ST-CZ-75122,,,,CZ,,2,,Europe/Prague,128
czptt,-SR70S-CZ-75122-4,Vimperk,49.055544,13.790796,train,0,-SR70ST-CZ-75122,,,,CZ,,4,,Europe/Prague,6
czptt,-SR70S-CZ-75125,Horní Hradiště,49.947272,13.362996,train,0,,,,,CZ,,,,Europe/Prague,287
czptt,-SR70S-CZ-75132,Vimperk zastávka,49.048719,13.763906,train,0,,,,,CZ,,,,Europe/Prague,217
czptt,-SR70S-CZ-75135,Mladotice zastávka,49.971864,13.346291,train,0,,,,,CZ,,,,Europe/Prague,130
czptt,-SR70S-CZ-75142-1,Lipka,49.020156,13.735621,train,0,-SR70ST-CZ-75142,,,,CZ,,1,,Europe/Prague,236
czptt,-SR70S-CZ-75142-3,Lipka,49.020156,13.735621,train,0,-SR70ST-CZ-75142,,,,CZ,,3,,Europe/Prague,0
czptt,-SR70S-CZ-75145-1,Mladotice,49.98671,13.364014,train,0,-SR70ST-CZ-75145,,,,CZ,,1,,Europe/Prague,249
czptt,-SR70S-CZ-75145-3,Mladotice,49.98671,13.364014,train,0,-SR70ST-CZ-75145,,,,CZ,,3,,Europe/Prague,46
czptt,-SR70S-CZ-75152,Lenora zastávka,48.923239,13.803304,train,0,,,,,CZ,,,,Europe/Prague,269
czptt,-SR70S-CZ-75155,Potvorov,50.023999,13.374909,train,0,,,,,CZ,,,,Europe/Prague,148
czptt,-SR70S-CZ-75162-1,Kubova Huť,48.982983,13.774752,train,0,-SR70ST-CZ-75162,,,,CZ,,1,,Europe/Prague,137
czptt,-SR70S-CZ-75162-3,Kubova Huť,48.982983,13.774752,train,0,-SR70ST-CZ-75162,,,,CZ,,3,,Europe/Prague,99
czptt,-SR70S-CZ-75165-1,Žihle,50.046725,13.362878,train,0,-SR70ST-CZ-75165,,,,CZ,,1,,Europe/Prague,353
czptt,-SR70S-CZ-75165-3,Žihle,50.046725,13.362878,train,0,-SR70ST-CZ-75165,,,,CZ,,3,,Europe/Prague,187
czptt,-SR70S-CZ-75172,Horní Vltavice,48.962594,13.774618,train,0,,,,,CZ,,,,Europe/Prague,234
czptt,-SR70S-CZ-75176,hr.VUSC 0320/0420 01,50.084434,13.402472,train,0,,,,,CZ,,,,Europe/Prague,4
czptt,-SR70S-CZ-75182,Zátoň,48.950722,13.802726,train,0,,,,,CZ,,,,Europe/Prague,205
czptt,-SR70S-CZ-75186-1,Blatno u Jesenice,50.100015,13.390018,train,0,-SR70ST-CZ-75186,,,,CZ,,1,,Europe/Prague,890
czptt,-SR70S-CZ-75186-2,Blatno u Jesenice,50.100015,13.390018,train,0,-SR70ST-CZ-75186,,,,CZ,,2,,Europe/Prague,5
czptt,-SR70S-CZ-75186-3,Blatno u Jesenice,50.100015,13.390018,train,0,-SR70ST-CZ-75186,,,,CZ,,3,,Europe/Prague,35
czptt,-SR70S-CZ-75192,Zátoň-Boubín,48.95156,13.822485,train,0,,,,,CZ,,,,Europe/Prague,132
czptt,-SR70S-CZ-75196,Stebno,50.119852,13.412993,train,0,,,,,CZ,,,,Europe/Prague,4
czptt,-SR70S-CZ-75202-1,Lenora,48.928387,13.796929,train,0,-SR70ST-CZ-75202,,,,CZ,,1,,Europe/Prague,164
czptt,-SR70S-CZ-75202-2,Lenora,48.928387,13.796929,train,0,-SR70ST-CZ-75202,,,,CZ,,2,,Europe/Prague,107
czptt,-SR70S-CZ-75206-1,Petrohrad,50.135256,13.434022,train,0,-SR70ST-CZ-75206,,,,CZ,,1,,Europe/Prague,28
czptt,-SR70S-CZ-75206-3,Petrohrad,50.135256,13.434022,train,0,-SR70ST-CZ-75206,,,,CZ,,3,,Europe/Prague,0
czptt,-SR70S-CZ-75212,Soumarský Most,48.907979,13.829128,train,0,,,,,CZ,,,,Europe/Prague,269
czptt,-SR70S-CZ-75216-1,Kryry,50.168862,13.422875,train,0,-SR70ST-CZ-75216,,,,CZ,,1,,Europe/Prague,355
czptt,-SR70S-CZ-75222-1,Horní Dvořiště,48.602468,14.420923,train,0,-SR70ST-CZ-75222,,,,CZ,,1,,Europe/Prague,2
czptt,-SR70S-CZ-75222-1b,Horní Dvořiště,48.602468,14.420923,train,0,-SR70ST-CZ-75222,,,,CZ,,1b,,Europe/Prague,0
czptt,-SR70S-CZ-75222-2b,Horní Dvořiště,48.602468,14.420923,train,0,-SR70ST-CZ-75222,,,,CZ,,2b,,Europe/Prague,20
czptt,-SR70S-CZ-75222-3,Horní Dvořiště,48.602468,14.420923,train,0,-SR70ST-CZ-75222,,,,CZ,,3,,Europe/Prague,129
czptt,-SR70S-CZ-75222-3a,Horní Dvořiště,48.602468,14.420923,train,0,-SR70ST-CZ-75222,,,,CZ,,3a,,Europe/Prague,0
czptt,-SR70S-CZ-75222-5,Horní Dvořiště,48.602468,14.420923,train,0,-SR70ST-CZ-75222,,,,CZ,,5,,Europe/Prague,67
czptt,-SR70S-CZ-75226-1,Vroutek,50.183969,13.374018,train,0,-SR70ST-CZ-75226,,,,CZ,,1,,Europe/Prague,355
czptt,-SR70S-CZ-75232-1,Rybník,48.649456,14.431826,train,0,-SR70ST-CZ-75232,,,,CZ,,1,,Europe/Prague,409
czptt,-SR70S-CZ-75232-11,Rybník,48.649456,14.431826,train,0,-SR70ST-CZ-75232,,,,CZ,,11,,Europe/Prague,19
czptt,-SR70S-CZ-75232-2,Rybník,48.649456,14.431826,train,0,-SR70ST-CZ-75232,,,,CZ,,2,,Europe/Prague,47
czptt,-SR70S-CZ-75232-2a,Rybník,48.649456,14.431826,train,0,-SR70ST-CZ-75232,,,,CZ,,2a,,Europe/Prague,18
czptt,-SR70S-CZ-75232-7,Rybník,48.649456,14.431826,train,0,-SR70ST-CZ-75232,,,,CZ,,7,,Europe/Prague,395
czptt,-SR70S-CZ-75232-9,Rybník,48.649456,14.431826,train,0,-SR70ST-CZ-75232,,,,CZ,,9,,Europe/Prague,72
czptt,-SR70S-CZ-75236-1,Podbořany,50.223563,13.404553,train,0,-SR70ST-CZ-75236,,,,CZ,,1,,Europe/Prague,407
czptt,-SR70S-CZ-75236-2,Podbořany,50.223563,13.404553,train,0,-SR70ST-CZ-75236,,,,CZ,,2,,Europe/Prague,27
czptt,-SR70S-CZ-75236-5,Podbořany,50.223563,13.404553,train,0,-SR70ST-CZ-75236,,,,CZ,,5,,Europe/Prague,3
czptt,-SR70S-CZ-75242,Pšenice,48.68112,14.444183,train,0,,,,,CZ,,,,Europe/Prague,229
czptt,-SR70S-CZ-75246-3,Kaštice,50.261721,13.417975,train,0,-SR70ST-CZ-75246,,,,CZ,,3,,Europe/Prague,37
czptt,-SR70S-CZ-75252,Bujanov,48.702183,14.432257,train,0,,,,,CZ,,,,Europe/Prague,341
czptt,-SR70S-CZ-75256,Kněžice,50.289588,13.426726,train,0,,,,,CZ,,,,Europe/Prague,0
czptt,-SR70S-CZ-75262-1,Omlenice,48.725222,14.447555,train,0,-SR70ST-CZ-75262,,,,CZ,,1,,Europe/Prague,331
czptt,-SR70S-CZ-75262-3,Omlenice,48.725222,14.447555,train,0,-SR70ST-CZ-75262,,,,CZ,,3,,Europe/Prague,8
czptt,-SR70S-CZ-75272-1,Kaplice,48.775139,14.468693,train,0,-SR70ST-CZ-75272,,,,CZ,,1,,Europe/Prague,581
czptt,-SR70S-CZ-75272-2,Kaplice,48.775139,14.468693,train,0,-SR70ST-CZ-75272,,,,CZ,,2,,Europe/Prague,7
czptt,-SR70S-CZ-75272-3,Kaplice,48.775139,14.468693,train,0,-SR70ST-CZ-75272,,,,CZ,,3,,Europe/Prague,0
czptt,-SR70S-CZ-75282,Výheň,48.788615,14.472942,train,0,,,,,CZ,,,,Europe/Prague,333
czptt,-SR70S-CZ-75292-1,Velešín,48.819997,14.436373,train,0,-SR70ST-CZ-75292,,,,CZ,,1,,Europe/Prague,217
czptt,-SR70S-CZ-75292-2,Velešín,48.819997,14.436373,train,0,-SR70ST-CZ-75292,,,,CZ,,2,,Europe/Prague,121
czptt,-SR70S-CZ-75295-6d,Plzeň zastávka,49.736793,13.374871,train,0,-SR70ST-CZ-75295,,,,CZ,,6d,,Europe/Prague,1447
czptt,-SR70S-CZ-75302,Velešín město,48.836443,14.453205,train,0,,,,,CZ,,,,Europe/Prague,559
czptt,-SR70S-CZ-75305,Plzeň-Doudlevce,49.721732,13.383115,train,0,,,,,CZ,,,,Europe/Prague,285
czptt,-SR70S-CZ-75312-1,Holkov,48.851566,14.447967,train,0,-SR70ST-CZ-75312,,,,CZ,,1,,Europe/Prague,334
czptt,-SR70S-CZ-75312-2,Holkov,48.851566,14.447967,train,0,-SR70ST-CZ-75312,,,,CZ,,2,,Europe/Prague,13
czptt,-SR70S-CZ-75312-3,Holkov,48.851566,14.447967,train,0,-SR70ST-CZ-75312,,,,CZ,,3,,Europe/Prague,7
czptt,-SR70S-CZ-75315-1,Plzeň-Valcha,49.713098,13.336891,train,0,-SR70ST-CZ-75315,,,,CZ,,1,,Europe/Prague,12
czptt,-SR70S-CZ-75322,Chlumec u Českých Budějovic,48.870165,14.41958,train,0,,,,,CZ,,,,Europe/Prague,209
czptt,-SR70S-CZ-75325-1,Dobřany,49.656503,13.303382,train,0,-SR70ST-CZ-75325,,,,CZ,,1,,Europe/Prague,1302
czptt,-SR70S-CZ-75325-2,Dobřany,49.656503,13.303382,train,0,-SR70ST-CZ-75325,,,,CZ,,2,,Europe/Prague,15
czptt,-SR70S-CZ-75332-1,Kamenný Újezd u Českých Budějovic,48.891169,14.448996,train,0,-SR70ST-CZ-75332,,,,CZ,,1,,Europe/Prague,370
czptt,-SR70S-CZ-75332-3,Kamenný Újezd u Českých Budějovic,48.891169,14.448996,train,0,-SR70ST-CZ-75332,,,,CZ,,3,,Europe/Prague,13
czptt,-SR70S-CZ-75335-1a,Chlumčany u Dobřan,49.622922,13.292072,train,0,-SR70ST-CZ-75335,,,,CZ,,1a,,Europe/Prague,701
czptt,-SR70S-CZ-75335-1c,Chlumčany u Dobřan,49.622922,13.292072,train,0,-SR70ST-CZ-75335,,,,CZ,,1c,,Europe/Prague,87
czptt,-SR70S-CZ-75335-3c,Chlumčany u Dobřan,49.622922,13.292072,train,0,-SR70ST-CZ-75335,,,,CZ,,3c,,Europe/Prague,442
czptt,-SR70S-CZ-75342,Kamenný Újezd u Č. Budějovic zast.,48.909429,14.451162,train,0,,,,,CZ,,,,Europe/Prague,1
czptt,-SR70S-CZ-75345,Přeštice-Zastávka,49.600778,13.299091,train,0,,,,,CZ,,,,Europe/Prague,307
czptt,-SR70S-CZ-75352-1,Včelná,48.924434,14.449564,train,0,-SR70ST-CZ-75352,,,,CZ,,1,,Europe/Prague,251
czptt,-SR70S-CZ-75352-1a,Včelná,48.924434,14.449564,train,0,-SR70ST-CZ-75352,,,,CZ,,1a,,Europe/Prague,16
czptt,-SR70S-CZ-75352-2,Včelná,48.924434,14.449564,train,0,-SR70ST-CZ-75352,,,,CZ,,2,,Europe/Prague,0
czptt,-SR70S-CZ-75355-1,Přeštice,49.575183,13.322532,train,0,-SR70ST-CZ-75355,,,,CZ,,1,,Europe/Prague,1032
czptt,-SR70S-CZ-75355-2,Přeštice,49.575183,13.322532,train,0,-SR70ST-CZ-75355,,,,CZ,,2,,Europe/Prague,172
czptt,-SR70S-CZ-75355-3,Přeštice,49.575183,13.322532,train,0,-SR70ST-CZ-75355,,,,CZ,,3,,Europe/Prague,184
czptt,-SR70S-CZ-75355-3a,Přeštice,49.575183,13.322532,train,0,-SR70ST-CZ-75355,,,,CZ,,3a,,Europe/Prague,60
czptt,-SR70S-CZ-75362,České Budějovice jižní zastávka,48.959304,14.475594,train,0,,,,,CZ,,,,Europe/Prague,679
czptt,-SR70S-CZ-75365,Lužany,49.54837,13.314575,train,0,,,,,CZ,,,,Europe/Prague,665
czptt,-SR70S-CZ-75372,Horky u Tábora,49.395431,14.642377,train,0,,,,,CZ,,,,Europe/Prague,174
czptt,-SR70S-CZ-75375,Borovy,49.526758,13.299355,train,0,,,,,CZ,,,,Europe/Prague,665
czptt,-SR70S-CZ-75382-1,Slapy,49.38461,14.62865,train,0,-SR70ST-CZ-75382,,,,CZ,,1,,Europe/Prague,180
czptt,-SR70S-CZ-75382-3,Slapy,49.38461,14.62865,train,0,-SR70ST-CZ-75382,,,,CZ,,3,,Europe/Prague,6
czptt,-SR70S-CZ-75385,Červené Poříčí,49.495752,13.304902,train,0,,,,,CZ,,,,Europe/Prague,56
czptt,-SR70S-CZ-75392,Libějice,49.381622,14.619869,train,0,,,,,CZ,,,,Europe/Prague,166
czptt,-SR70S-CZ-75395-1,Švihov u Klatov,49.473749,13.29077,train,0,-SR70ST-CZ-75395,,,,CZ,,1,,Europe/Prague,1131
czptt,-SR70S-CZ-75395-1a,Švihov u Klatov,49.473749,13.29077,train,0,-SR70ST-CZ-75395,,,,CZ,,1a,,Europe/Prague,0
czptt,-SR70S-CZ-75395-2,Švihov u Klatov,49.473749,13.29077,train,0,-SR70ST-CZ-75395,,,,CZ,,2,,Europe/Prague,28
czptt,-SR70S-CZ-75395-3,Švihov u Klatov,49.473749,13.29077,train,0,-SR70ST-CZ-75395,,,,CZ,,3,,Europe/Prague,9
czptt,-SR70S-CZ-75402-1,Malšice,49.360474,14.586046,train,0,-SR70ST-CZ-75402,,,,CZ,,1,,Europe/Prague,94
czptt,-SR70S-CZ-75402-3,Malšice,49.360474,14.586046,train,0,-SR70ST-CZ-75402,,,,CZ,,3,,Europe/Prague,93
czptt,-SR70S-CZ-75405,Dehtín,49.450159,13.286662,train,0,,,,,CZ,,,,Europe/Prague,55
czptt,-SR70S-CZ-75412,Čenkov u Malšic,49.349098,14.579897,train,0,,,,,CZ,,,,Europe/Prague,174
czptt,-SR70S-CZ-75415-1,Točník,49.429435,13.309333,train,0,-SR70ST-CZ-75415,,,,CZ,,1,,Europe/Prague,55
czptt,-SR70S-CZ-75422,Třebelice,49.333547,14.572733,train,0,,,,,CZ,,,,Europe/Prague,166
czptt,-SR70S-CZ-75425-1,Pňovany,49.788654,13.09049,train,0,-SR70ST-CZ-75425,,,,CZ,,1,,Europe/Prague,29
czptt,-SR70S-CZ-75425-2,Pňovany,49.788654,13.09049,train,0,-SR70ST-CZ-75425,,,,CZ,,2,,Europe/Prague,33
czptt,-SR70S-CZ-75425-3,Pňovany,49.788654,13.09049,train,0,-SR70ST-CZ-75425,,,,CZ,,3,,Europe/Prague,23
czptt,-SR70S-CZ-75425-4,Pňovany,49.788654,13.09049,train,0,-SR70ST-CZ-75425,,,,CZ,,4,,Europe/Prague,154
czptt,-SR70S-CZ-75425-6,Pňovany,49.788654,13.09049,train,0,-SR70ST-CZ-75425,,,,CZ,,6,,Europe/Prague,1
czptt,-SR70S-CZ-75432,Všechlapy,49.324635,14.56639,train,0,,,,,CZ,,,,Europe/Prague,146
czptt,-SR70S-CZ-75435,Blahousty,49.797699,13.073717,train,0,,,,,CZ,,,,Europe/Prague,133
czptt,-SR70S-CZ-75442,Bechyňská Smoleč,49.309938,14.553858,train,0,,,,,CZ,,,,Europe/Prague,174
czptt,-SR70S-CZ-75445-1,Trpísty,49.815464,13.046976,train,0,-SR70ST-CZ-75445,,,,CZ,,1,,Europe/Prague,127
czptt,-SR70S-CZ-75452-1,Sudoměřice u Bechyně,49.2956,14.541647,train,0,-SR70ST-CZ-75452,,,,CZ,,1,,Europe/Prague,174
czptt,-SR70S-CZ-75452-2,Sudoměřice u Bechyně,49.2956,14.541647,train,0,-SR70ST-CZ-75452,,,,CZ,,2,,Europe/Prague,12
czptt,-SR70S-CZ-75455,Lomnička,49.822072,13.016155,train,0,,,,,CZ,,,,Europe/Prague,133
czptt,-SR70S-CZ-75462,Bežerovice,49.292358,14.511148,train,0,,,,,CZ,,,,Europe/Prague,138
czptt,-SR70S-CZ-75465-1,Cebiv,49.831289,12.981299,train,0,-SR70ST-CZ-75465,,,,CZ,,1,,Europe/Prague,183
czptt,-SR70S-CZ-75472,Bechyně zastávka,49.293316,14.482826,train,0,,,,,CZ,,,,Europe/Prague,138
czptt,-SR70S-CZ-75475,Strahov,49.851512,12.979079,train,0,,,,,CZ,,,,Europe/Prague,183
czptt,-SR70S-CZ-75482-1,Bechyně,49.300467,14.477282,train,0,-SR70ST-CZ-75482,,,,CZ,,1,,Europe/Prague,174
czptt,-SR70S-CZ-75482-2,Bechyně,49.300467,14.477282,train,0,-SR70ST-CZ-75482,,,,CZ,,2,,Europe/Prague,12
czptt,-SR70S-CZ-75485,Břetislav,49.873108,12.967624,train,0,,,,,CZ,,,,Europe/Prague,128
czptt,-SR70S-CZ-75492,Nasavrky,49.450421,14.63948,train,0,,,,,CZ,,,,Europe/Prague,405
czptt,-SR70S-CZ-75495-1,Kokašice,49.882437,12.964296,train,0,-SR70ST-CZ-75495,,,,CZ,,1,,Europe/Prague,192
czptt,-SR70S-CZ-75502-1,Balkova Lhota,49.44595,14.598225,train,0,-SR70ST-CZ-75502,,,,CZ,,1,,Europe/Prague,395
czptt,-SR70S-CZ-75502-2,Balkova Lhota,49.44595,14.598225,train,0,-SR70ST-CZ-75502,,,,CZ,,2,,Europe/Prague,13
czptt,-SR70S-CZ-75505,Konstantinovy Lázně,49.884873,12.975679,train,0,,,,,CZ,,,,Europe/Prague,192
czptt,-SR70S-CZ-75512,Meziříčí,49.447827,14.580536,train,0,,,,,CZ,,,,Europe/Prague,405
czptt,-SR70S-CZ-75515-1,Bezdružice,49.903175,12.969448,train,0,-SR70ST-CZ-75515,,,,CZ,,1,,Europe/Prague,192
czptt,-SR70S-CZ-75522,Padařov,49.44775,14.535074,train,0,,,,,CZ,,,,Europe/Prague,418
czptt,-SR70S-CZ-75525-1,Poběžovice,49.513474,12.811605,train,0,-SR70ST-CZ-75525,,,,CZ,,1,,Europe/Prague,404
czptt,-SR70S-CZ-75525-2,Poběžovice,49.513474,12.811605,train,0,-SR70ST-CZ-75525,,,,CZ,,2,,Europe/Prague,89
czptt,-SR70S-CZ-75525-4,Poběžovice,49.513474,12.811605,train,0,-SR70ST-CZ-75525,,,,CZ,,4,,Europe/Prague,17
czptt,-SR70S-CZ-75532-1,Božejovice,49.447655,14.494704,train,0,-SR70ST-CZ-75532,,,,CZ,,1,,Europe/Prague,445
czptt,-SR70S-CZ-75532-2,Božejovice,49.447655,14.494704,train,0,-SR70ST-CZ-75532,,,,CZ,,2,,Europe/Prague,270
czptt,-SR70S-CZ-75535-1,Mutěnín,49.544936,12.773316,train,0,-SR70ST-CZ-75535,,,,CZ,,1,,Europe/Prague,312
czptt,-SR70S-CZ-75542,Sepekov,49.440669,14.420099,train,0,,,,,CZ,,,,Europe/Prague,801
czptt,-SR70S-CZ-75545-1,Hostouň,49.560491,12.777961,train,0,-SR70ST-CZ-75545,,,,CZ,,1,,Europe/Prague,291
czptt,-SR70S-CZ-75545-2,Hostouň,49.560491,12.777961,train,0,-SR70ST-CZ-75545,,,,CZ,,2,,Europe/Prague,20
czptt,-SR70S-CZ-75552-1,Milevsko,49.441497,14.377689,train,0,-SR70ST-CZ-75552,,,,CZ,,1,,Europe/Prague,764
czptt,-SR70S-CZ-75552-2,Milevsko,49.441497,14.377689,train,0,-SR70ST-CZ-75552,,,,CZ,,2,,Europe/Prague,104
czptt,-SR70S-CZ-75552-3,Milevsko,49.441497,14.377689,train,0,-SR70ST-CZ-75552,,,,CZ,,3,,Europe/Prague,2
czptt,-SR70S-CZ-75555,Svržno,49.574228,12.769683,train,0,,,,,CZ,,,,Europe/Prague,312
czptt,-SR70S-CZ-75562,Líšnice,49.421237,14.371216,train,0,,,,,CZ,,,,Europe/Prague,391
czptt,-SR70S-CZ-75565,Újezd Svatého Kříže,49.577949,12.749156,train,0,,,,,CZ,,,,Europe/Prague,312
czptt,-SR70S-CZ-75572-1,Branice,49.402743,14.345372,train,0,-SR70ST-CZ-75572,,,,CZ,,1,,Europe/Prague,658
czptt,-SR70S-CZ-75572-3,Branice,49.402743,14.345372,train,0,-SR70ST-CZ-75572,,,,CZ,,3,,Europe/Prague,104
czptt,-SR70S-CZ-75575-1,Bělá nad Radbuzou,49.588661,12.720743,train,0,-SR70ST-CZ-75575,,,,CZ,,1,,Europe/Prague,361
czptt,-SR70S-CZ-75575-3,Bělá nad Radbuzou,49.588661,12.720743,train,0,-SR70ST-CZ-75575,,,,CZ,,3,,Europe/Prague,19
czptt,-SR70S-CZ-75582,Stehlovice,49.392813,14.324994,train,0,,,,,CZ,,,,Europe/Prague,462
czptt,-SR70S-CZ-75585,Bělá nad Radbuzou zastávka,49.592114,12.708823,train,0,,,,,CZ,,,,Europe/Prague,241
czptt,-SR70S-CZ-75592,Jetětice,49.381988,14.290958,train,0,,,,,CZ,,,,Europe/Prague,473
czptt,-SR70S-CZ-75595-1,Třemešné pod Přimdou,49.625481,12.701394,train,0,-SR70ST-CZ-75595,,,,CZ,,1,,Europe/Prague,187
czptt,-SR70S-CZ-75595-2,Třemešné pod Přimdou,49.625481,12.701394,train,0,-SR70ST-CZ-75595,,,,CZ,,2,,Europe/Prague,5
czptt,-SR70S-CZ-75602-1,Červená nad Vltavou,49.371933,14.273039,train,0,-SR70ST-CZ-75602,,,,CZ,,1,,Europe/Prague,307
czptt,-SR70S-CZ-75602-2,Červená nad Vltavou,49.371933,14.273039,train,0,-SR70ST-CZ-75602,,,,CZ,,2,,Europe/Prague,65
czptt,-SR70S-CZ-75605,Dubec,49.629156,12.721954,train,0,,,,,CZ,,,,Europe/Prague,192
czptt,-SR70S-CZ-75612-1,Vlastec,49.369163,14.223254,train,0,-SR70ST-CZ-75612,,,,CZ,,1,,Europe/Prague,298
czptt,-SR70S-CZ-75612-3,Vlastec,49.369163,14.223254,train,0,-SR70ST-CZ-75612,,,,CZ,,3,,Europe/Prague,34
czptt,-SR70S-CZ-75615,Borek u Tachova,49.635247,12.76874,train,0,,,,,CZ,,,,Europe/Prague,243
czptt,-SR70S-CZ-75622-1,Záhoří,49.343202,14.203446,train,0,-SR70ST-CZ-75622,,,,CZ,,1,,Europe/Prague,493
czptt,-SR70S-CZ-75622-3,Záhoří,49.343202,14.203446,train,0,-SR70ST-CZ-75622,,,,CZ,,3,,Europe/Prague,5
czptt,-SR70S-CZ-75625-1,Stráž u Tachova,49.665381,12.772708,train,0,-SR70ST-CZ-75625,,,,CZ,,1,,Europe/Prague,244
czptt,-SR70S-CZ-75632,Vrcovice,49.340224,14.170981,train,0,,,,,CZ,,,,Europe/Prague,443
czptt,-SR70S-CZ-75635,Doly,49.735379,12.739216,train,0,,,,,CZ,,,,Europe/Prague,263
czptt,-SR70S-CZ-75642-1,Písek město,49.313743,14.161561,train,0,-SR70ST-CZ-75642,,,,CZ,,1,,Europe/Prague,761
czptt,-SR70S-CZ-75642-3,Písek město,49.313743,14.161561,train,0,-SR70ST-CZ-75642,,,,CZ,,3,,Europe/Prague,28
czptt,-SR70S-CZ-75645-1,Staré Sedliště,49.739748,12.701278,train,0,-SR70ST-CZ-75645,,,,CZ,,1,,Europe/Prague,252
czptt,-SR70S-CZ-75645-2,Staré Sedliště,49.739748,12.701278,train,0,-SR70ST-CZ-75645,,,,CZ,,2,,Europe/Prague,11
czptt,-SR70S-CZ-75652-1,Písek,49.296359,14.143109,train,0,-SR70ST-CZ-75652,,,,CZ,,1,,Europe/Prague,889
czptt,-SR70S-CZ-75652-1b,Písek,49.296359,14.143109,train,0,-SR70ST-CZ-75652,,,,CZ,,1b,,Europe/Prague,57
czptt,-SR70S-CZ-75652-2,Písek,49.296359,14.143109,train,0,-SR70ST-CZ-75652,,,,CZ,,2,,Europe/Prague,194
czptt,-SR70S-CZ-75652-3,Písek,49.296359,14.143109,train,0,-SR70ST-CZ-75652,,,,CZ,,3,,Europe/Prague,817
czptt,-SR70S-CZ-75652-4,Písek,49.296359,14.143109,train,0,-SR70ST-CZ-75652,,,,CZ,,4,,Europe/Prague,35
czptt,-SR70S-CZ-75652-6,Písek,49.296359,14.143109,train,0,-SR70ST-CZ-75652,,,,CZ,,6,,Europe/Prague,20
czptt,-SR70S-CZ-75653,Písek-Dobešice,49.327051,14.110459,train,0,,,,,CZ,,,,Europe/Prague,344
czptt,-SR70S-CZ-75655,Pernolec,49.770877,12.6795,train,0,,,,,CZ,,,,Europe/Prague,263
czptt,-SR70S-CZ-75662-1,Putim,49.263541,14.131178,train,0,-SR70ST-CZ-75662,,,,CZ,,1,,Europe/Prague,1014
czptt,-SR70S-CZ-75662-2,Putim,49.263541,14.131178,train,0,-SR70ST-CZ-75662,,,,CZ,,2,,Europe/Prague,71
czptt,-SR70S-CZ-75662-3,Putim,49.263541,14.131178,train,0,-SR70ST-CZ-75662,,,,CZ,,3,,Europe/Prague,15
czptt,-SR70S-CZ-75665,Malý Rapotín,49.787207,12.65802,train,0,,,,,CZ,,,,Europe/Prague,263
czptt,-SR70S-CZ-75672-1,Doňov,49.208252,14.799755,train,0,-SR70ST-CZ-75672,,,,CZ,,1,,Europe/Prague,265
czptt,-SR70S-CZ-75672-3,Doňov,49.208252,14.799755,train,0,-SR70ST-CZ-75672,,,,CZ,,3,,Europe/Prague,16
czptt,-SR70S-CZ-75675,Tachov zastávka,49.794033,12.642529,train,0,,,,,CZ,,,,Europe/Prague,263
czptt,-SR70S-CZ-75682-1,Kardašova Řečice,49.183571,14.860462,train,0,-SR70ST-CZ-75682,,,,CZ,,1,,Europe/Prague,1162
czptt,-SR70S-CZ-75682-3,Kardašova Řečice,49.183571,14.860462,train,0,-SR70ST-CZ-75682,,,,CZ,,3,,Europe/Prague,137
czptt,-SR70S-CZ-75685-1,Tachov,49.802209,12.638859,train,0,-SR70ST-CZ-75685,,,,CZ,,1,,Europe/Prague,264
czptt,-SR70S-CZ-75685-2,Tachov,49.802209,12.638859,train,0,-SR70ST-CZ-75685,,,,CZ,,2,,Europe/Prague,159
czptt,-SR70S-CZ-75685-4,Tachov,49.802209,12.638859,train,0,-SR70ST-CZ-75685,,,,CZ,,4,,Europe/Prague,4
czptt,-SR70S-CZ-75692,Mnich,49.169254,14.8828,train,0,,,,,CZ,,,,Europe/Prague,210
czptt,-SR70S-CZ-75702,Děbolín,49.164424,14.951268,train,0,,,,,CZ,,,,Europe/Prague,276
czptt,-SR70S-CZ-75705,Lom u Tachova,49.817496,12.685477,train,0,,,,,CZ,,,,Europe/Prague,187
czptt,-SR70S-CZ-75712,Rodvínov,49.16815,15.052734,train,0,,,,,CZ,,,,Europe/Prague,2
czptt,-SR70S-CZ-75722-1,Jarošov nad Nežárkou,49.181665,15.078826,train,0,-SR70ST-CZ-75722,,,,CZ,,1,,Europe/Prague,3
czptt,-SR70S-CZ-75732,Bednárec,49.194509,15.091968,train,0,,,,,CZ,,,,Europe/Prague,2
czptt,-SR70S-CZ-75742,Bednáreček,49.208952,15.150234,train,0,,,,,CZ,,,,Europe/Prague,2
czptt,-SR70S-CZ-75752-1,Popelín,49.220304,15.178502,train,0,-SR70ST-CZ-75752,,,,CZ,,1,,Europe/Prague,3
czptt,-SR70S-CZ-75752-3,Popelín,49.220304,15.178502,train,0,-SR70ST-CZ-75752,,,,CZ,,3,,Europe/Prague,0
czptt,-SR70S-CZ-75762-1,Počátky-Žirovnice,49.236994,15.212418,train,0,-SR70ST-CZ-75762,,,,CZ,,1,,Europe/Prague,1023
czptt,-SR70S-CZ-75762-2,Počátky-Žirovnice,49.236994,15.212418,train,0,-SR70ST-CZ-75762,,,,CZ,,2,,Europe/Prague,2
czptt,-SR70S-CZ-75772,Horní Vilímeč,49.234566,15.258761,train,0,,,,,CZ,,,,Europe/Prague,2
czptt,-SR70S-CZ-75775-1,Bochov,50.154754,13.045366,train,0,-SR70ST-CZ-75775,,,,CZ,,1,,Europe/Prague,11
czptt,-SR70S-CZ-75792,Horní Ves,49.290852,15.311924,train,0,,,,,CZ,,,,Europe/Prague,2
czptt,-SR70S-CZ-75802-1,Horní Cerekev,49.311349,15.324708,train,0,-SR70ST-CZ-75802,,,,CZ,,1,,Europe/Prague,1045
czptt,-SR70S-CZ-75802-2,Horní Cerekev,49.311349,15.324708,train,0,-SR70ST-CZ-75802,,,,CZ,,2,,Europe/Prague,82
czptt,-SR70S-CZ-75802-3,Horní Cerekev,49.311349,15.324708,train,0,-SR70ST-CZ-75802,,,,CZ,,3,,Europe/Prague,402
czptt,-SR70S-CZ-75802-5a,Horní Cerekev,49.311349,15.324708,train,0,-SR70ST-CZ-75802,,,,CZ,,5a,,Europe/Prague,95
czptt,-SR70S-CZ-75802-7,Horní Cerekev,49.311349,15.324708,train,0,-SR70ST-CZ-75802,,,,CZ,,7,,Europe/Prague,2
czptt,-SR70S-CZ-75806,Kotvina,50.366942,13.155069,train,0,,,,,CZ,,,,Europe/Prague,201
czptt,-SR70S-CZ-75810,Švábov,49.313893,15.355878,train,0,,,,,CZ,,,,Europe/Prague,394
czptt,-SR70S-CZ-75816-1,Perštejn,50.367589,13.112837,train,0,-SR70ST-CZ-75816,,,,CZ,,1,,Europe/Prague,109
czptt,-SR70S-CZ-75816-2,Perštejn,50.367589,13.112837,train,0,-SR70ST-CZ-75816,,,,CZ,,2,,Europe/Prague,113
czptt,-SR70S-CZ-75820-1,Batelov,49.317506,15.398129,train,0,-SR70ST-CZ-75820,,,,CZ,,1,,Europe/Prague,1428
czptt,-SR70S-CZ-75820-3,Batelov,49.317506,15.398129,train,0,-SR70ST-CZ-75820,,,,CZ,,3,,Europe/Prague,205
czptt,-SR70S-CZ-75825,Boč,50.359427,13.082595,train,0,,,,,CZ,,,,Europe/Prague,221
czptt,-SR70S-CZ-75830,Dolní Cerekev,49.343012,15.461851,train,0,,,,,CZ,,,,Europe/Prague,1589
czptt,-SR70S-CZ-75835-1,Stráž nad Ohří,50.340461,13.059173,train,0,-SR70ST-CZ-75835,,,,CZ,,1,,Europe/Prague,3
czptt,-SR70S-CZ-75835-2,Stráž nad Ohří,50.340461,13.059173,train,0,-SR70ST-CZ-75835,,,,CZ,,2,,Europe/Prague,160
czptt,-SR70S-CZ-75835-2a,Stráž nad Ohří,50.340461,13.059173,train,0,-SR70ST-CZ-75835,,,,CZ,,2a,,Europe/Prague,0
czptt,-SR70S-CZ-75835-4,Stráž nad Ohří,50.340461,13.059173,train,0,-SR70ST-CZ-75835,,,,CZ,,4,,Europe/Prague,57
czptt,-SR70S-CZ-75840-1,Kostelec u Jihlavy,49.356996,15.481502,train,0,-SR70ST-CZ-75840,,,,CZ,,1,,Europe/Prague,170
czptt,-SR70S-CZ-75840-1a,Kostelec u Jihlavy,49.356996,15.481502,train,0,-SR70ST-CZ-75840,,,,CZ,,1a,,Europe/Prague,2
czptt,-SR70S-CZ-75840-2,Kostelec u Jihlavy,49.356996,15.481502,train,0,-SR70ST-CZ-75840,,,,CZ,,2,,Europe/Prague,155
czptt,-SR70S-CZ-75840-3,Kostelec u Jihlavy,49.356996,15.481502,train,0,-SR70ST-CZ-75840,,,,CZ,,3,,Europe/Prague,15
czptt,-SR70S-CZ-75840-4,Kostelec u Jihlavy,49.356996,15.481502,train,0,-SR70ST-CZ-75840,,,,CZ,,4,,Europe/Prague,643
czptt,-SR70S-CZ-75840-5,Kostelec u Jihlavy,49.356996,15.481502,train,0,-SR70ST-CZ-75840,,,,CZ,,5,,Europe/Prague,153
czptt,-SR70S-CZ-75841,Kostelec u Jihlavy masna,49.355252,15.488905,train,0,,,,,CZ,,,,Europe/Prague,629
czptt,-SR70S-CZ-75845-1,Vojkovice nad Ohří,50.307508,13.016184,train,0,-SR70ST-CZ-75845,,,,CZ,,1,,Europe/Prague,108
czptt,-SR70S-CZ-75845-2,Vojkovice nad Ohří,50.307508,13.016184,train,0,-SR70ST-CZ-75845,,,,CZ,,2,,Europe/Prague,113
czptt,-SR70S-CZ-75845-3,Vojkovice nad Ohří,50.307508,13.016184,train,0,-SR70ST-CZ-75845,,,,CZ,,3,,Europe/Prague,0
czptt,-SR70S-CZ-75850,Dvorce,49.384252,15.498497,train,0,,,,,CZ,,,,Europe/Prague,380
czptt,-SR70S-CZ-75855-1,Ostrov nad Ohří,50.301689,12.957714,train,0,-SR70ST-CZ-75855,,,,CZ,,1,,Europe/Prague,180
czptt,-SR70S-CZ-75855-2,Ostrov nad Ohří,50.301689,12.957714,train,0,-SR70ST-CZ-75855,,,,CZ,,2,,Europe/Prague,184
czptt,-SR70S-CZ-75860-1,Rantířov,49.406743,15.513208,train,0,-SR70ST-CZ-75860,,,,CZ,,1,,Europe/Prague,377
czptt,-SR70S-CZ-75860-2,Rantířov,49.406743,15.513208,train,0,-SR70ST-CZ-75860,,,,CZ,,2,,Europe/Prague,22
czptt,-SR70S-CZ-75862,Horní Planá zastávka,48.752262,14.044,train,0,,,,,CZ,,,,Europe/Prague,217
czptt,-SR70S-CZ-75865-1,Hájek,50.280088,12.937848,train,0,-SR70ST-CZ-75865,,,,CZ,,1,,Europe/Prague,108
czptt,-SR70S-CZ-75865-2,Hájek,50.280088,12.937848,train,0,-SR70ST-CZ-75865,,,,CZ,,2,,Europe/Prague,112
czptt,-SR70S-CZ-75872,Pěkná,48.84889,13.910123,train,0,,,,,CZ,,,,Europe/Prague,208
czptt,-SR70S-CZ-75875-1,Karlovy Vary,50.235452,12.866757,train,0,-SR70ST-CZ-75875,,,,CZ,,1,,Europe/Prague,396
czptt,-SR70S-CZ-75875-1a,Karlovy Vary,50.235452,12.866757,train,0,-SR70ST-CZ-75875,,,,CZ,,1a,,Europe/Prague,0
czptt,-SR70S-CZ-75875-2,Karlovy Vary,50.235452,12.866757,train,0,-SR70ST-CZ-75875,,,,CZ,,2,,Europe/Prague,390
czptt,-SR70S-CZ-75875-3,Karlovy Vary,50.235452,12.866757,train,0,-SR70ST-CZ-75875,,,,CZ,,3,,Europe/Prague,32
czptt,-SR70S-CZ-75875-4,Karlovy Vary,50.235452,12.866757,train,0,-SR70ST-CZ-75875,,,,CZ,,4,,Europe/Prague,315
czptt,-SR70S-CZ-75875-4a,Karlovy Vary,50.235452,12.866757,train,0,-SR70ST-CZ-75875,,,,CZ,,4a,,Europe/Prague,88
czptt,-SR70S-CZ-75875-6,Karlovy Vary,50.235452,12.866757,train,0,-SR70ST-CZ-75875,,,,CZ,,6,,Europe/Prague,3
czptt,-SR70S-CZ-75875-6a,Karlovy Vary,50.235452,12.866757,train,0,-SR70ST-CZ-75875,,,,CZ,,6a,,Europe/Prague,5
czptt,-SR70S-CZ-75875-8,Karlovy Vary,50.235452,12.866757,train,0,-SR70ST-CZ-75875,,,,CZ,,8,,Europe/Prague,0
czptt,-SR70S-CZ-75882,Ovesná,48.806528,13.938944,train,0,,,,,CZ,,,,Europe/Prague,199
czptt,-SR70S-CZ-75885-1,Karlovy Vary-Dvory,50.228979,12.832501,train,0,-SR70ST-CZ-75885,,,,CZ,,1,,Europe/Prague,195
czptt,-SR70S-CZ-75885-2,Karlovy Vary-Dvory,50.228979,12.832501,train,0,-SR70ST-CZ-75885,,,,CZ,,2,,Europe/Prague,164
czptt,-SR70S-CZ-75892-1,Nová Pec,48.789906,13.953137,train,0,-SR70ST-CZ-75892,,,,CZ,,1,,Europe/Prague,185
czptt,-SR70S-CZ-75892-3,Nová Pec,48.789906,13.953137,train,0,-SR70ST-CZ-75892,,,,CZ,,3,,Europe/Prague,38
czptt,-SR70S-CZ-75895,Královské Poříčí,50.189273,12.675048,train,0,,,,,CZ,,,,Europe/Prague,331
czptt,-SR70S-CZ-75902,Pernek-Hory,48.783549,13.986499,train,0,,,,,CZ,,,,Europe/Prague,208
czptt,-SR70S-CZ-75905-1,Citice,50.164534,12.615659,train,0,-SR70ST-CZ-75905,,,,CZ,,1,,Europe/Prague,173
czptt,-SR70S-CZ-75905-2,Citice,50.164534,12.615659,train,0,-SR70ST-CZ-75905,,,,CZ,,2,,Europe/Prague,154
czptt,-SR70S-CZ-75912-1,Horní Planá,48.764988,14.026345,train,0,-SR70ST-CZ-75912,,,,CZ,,1,,Europe/Prague,157
czptt,-SR70S-CZ-75912-2,Horní Planá,48.764988,14.026345,train,0,-SR70ST-CZ-75912,,,,CZ,,2,,Europe/Prague,65
czptt,-SR70S-CZ-75915,Hlavno,50.154001,12.607711,train,0,,,,,CZ,,,,Europe/Prague,269
czptt,-SR70S-CZ-75922-1,Černá v Pošumaví,48.742829,14.086768,train,0,-SR70ST-CZ-75922,,,,CZ,,1,,Europe/Prague,208
czptt,-SR70S-CZ-75922-2,Černá v Pošumaví,48.742829,14.086768,train,0,-SR70ST-CZ-75922,,,,CZ,,2,,Europe/Prague,15
czptt,-SR70S-CZ-75925-1,Dasnice,50.1394,12.567186,train,0,-SR70ST-CZ-75925,,,,CZ,,1,,Europe/Prague,177
czptt,-SR70S-CZ-75925-2,Dasnice,50.1394,12.567186,train,0,-SR70ST-CZ-75925,,,,CZ,,2,,Europe/Prague,158
czptt,-SR70S-CZ-75932,Žlábek,48.763852,14.100942,train,0,,,,,CZ,,,,Europe/Prague,193
czptt,-SR70S-CZ-75935-1,Kynšperk n.O.,50.125746,12.519509,train,0,-SR70ST-CZ-75935,,,,CZ,,1,,Europe/Prague,249
czptt,-SR70S-CZ-75935-2,Kynšperk n.O.,50.125746,12.519509,train,0,-SR70ST-CZ-75935,,,,CZ,,2,,Europe/Prague,229
czptt,-SR70S-CZ-75942,Hodňov,48.778905,14.104364,train,0,,,,,CZ,,,,Europe/Prague,204
czptt,-SR70S-CZ-75945-1,Nebanice,50.117446,12.47857,train,0,-SR70ST-CZ-75945,,,,CZ,,1,,Europe/Prague,177
czptt,-SR70S-CZ-75945-2,Nebanice,50.117446,12.47857,train,0,-SR70ST-CZ-75945,,,,CZ,,2,,Europe/Prague,158
czptt,-SR70S-CZ-75952-1,Polečnice,48.799453,14.120351,train,0,-SR70ST-CZ-75952,,,,CZ,,1,,Europe/Prague,193
czptt,-SR70S-CZ-75955-1,Tršnice,50.114144,12.39987,train,0,-SR70ST-CZ-75955,,,,CZ,,1,,Europe/Prague,178
czptt,-SR70S-CZ-75955-10,Tršnice,50.114144,12.39987,train,0,-SR70ST-CZ-75955,,,,CZ,,10,,Europe/Prague,0
czptt,-SR70S-CZ-75955-2,Tršnice,50.114144,12.39987,train,0,-SR70ST-CZ-75955,,,,CZ,,2,,Europe/Prague,159
czptt,-SR70S-CZ-75955-4,Tršnice,50.114144,12.39987,train,0,-SR70ST-CZ-75955,,,,CZ,,4,,Europe/Prague,160
czptt,-SR70S-CZ-75955-6,Tršnice,50.114144,12.39987,train,0,-SR70ST-CZ-75955,,,,CZ,,6,,Europe/Prague,6
czptt,-SR70S-CZ-75955-8,Tršnice,50.114144,12.39987,train,0,-SR70ST-CZ-75955,,,,CZ,,8,,Europe/Prague,0
czptt,-SR70S-CZ-75962-1,Polná na Šumavě,48.798617,14.147697,train,0,-SR70ST-CZ-75962,,,,CZ,,1,,Europe/Prague,203
czptt,-SR70S-CZ-75962-3,Polná na Šumavě,48.798617,14.147697,train,0,-SR70ST-CZ-75962,,,,CZ,,3,,Europe/Prague,0
czptt,-SR70S-CZ-75964,Chlum u Rakovníka,50.076054,13.777402,train,0,,,,,CZ,,,,Europe/Prague,273
czptt,-SR70S-CZ-75972-1,Hořice na Šumavě,48.771457,14.183012,train,0,-SR70ST-CZ-75972,,,,CZ,,1,,Europe/Prague,218
czptt,-SR70S-CZ-75972-2,Hořice na Šumavě,48.771457,14.183012,train,0,-SR70ST-CZ-75972,,,,CZ,,2,,Europe/Prague,0
czptt,-SR70S-CZ-75974-1,Lašovice,50.065505,13.800009,train,0,-SR70ST-CZ-75974,,,,CZ,,1,,Europe/Prague,284
czptt,-SR70S-CZ-75974-3,Lašovice,50.065505,13.800009,train,0,-SR70ST-CZ-75974,,,,CZ,,3,,Europe/Prague,0
czptt,-SR70S-CZ-75982,Mezipotočí,48.788804,14.241159,train,0,,,,,CZ,,,,Europe/Prague,208
czptt,-SR70S-CZ-75984,Pustověty,50.055001,13.816906,train,0,,,,,CZ,,,,Europe/Prague,285
czptt,-SR70S-CZ-75992-1,Kájov,48.812954,14.265166,train,0,-SR70ST-CZ-75992,,,,CZ,,1,,Europe/Prague,233
czptt,-SR70S-CZ-75992-3,Kájov,48.812954,14.265166,train,0,-SR70ST-CZ-75992,,,,CZ,,3,,Europe/Prague,2
czptt,-SR70S-CZ-75992-5,Kájov,48.812954,14.265166,train,0,-SR70ST-CZ-75992,,,,CZ,,5,,Europe/Prague,0
czptt,-SR70S-CZ-75994,Městečko u Křivoklátu,50.050219,13.857141,train,0,,,,,CZ,,,,Europe/Prague,283
czptt,-SR70S-CZ-76002-1,Český Krumlov,48.822373,14.317062,train,0,-SR70ST-CZ-76002,,,,CZ,,1,,Europe/Prague,242
czptt,-SR70S-CZ-76002-3,Český Krumlov,48.822373,14.317062,train,0,-SR70ST-CZ-76002,,,,CZ,,3,,Europe/Prague,88
czptt,-SR70S-CZ-76004,Křivoklát,50.038296,13.86871,train,0,,,,,CZ,,,,Europe/Prague,313
czptt,-SR70S-CZ-76012,Přísečná,48.828649,14.340755,train,0,,,,,CZ,,,,Europe/Prague,257
czptt,-SR70S-CZ-76014-1,Roztoky u Křivoklátu,50.023524,13.873895,train,0,-SR70ST-CZ-76014,,,,CZ,,1,,Europe/Prague,308
czptt,-SR70S-CZ-76014-3,Roztoky u Křivoklátu,50.023524,13.873895,train,0,-SR70ST-CZ-76014,,,,CZ,,3,,Europe/Prague,6
czptt,-SR70S-CZ-76022-1,Zlatá Koruna,48.850709,14.351897,train,0,-SR70ST-CZ-76022,,,,CZ,,1,,Europe/Prague,268
czptt,-SR70S-CZ-76022-3,Zlatá Koruna,48.850709,14.351897,train,0,-SR70ST-CZ-76022,,,,CZ,,3,,Europe/Prague,26
czptt,-SR70S-CZ-76024,Újezd nad Zbečnem,50.045781,13.892577,train,0,,,,,CZ,,,,Europe/Prague,246
czptt,-SR70S-CZ-76032,Plešovice,48.863993,14.350891,train,0,,,,,CZ,,,,Europe/Prague,275
czptt,-SR70S-CZ-76034-1,Zbečno,50.035732,13.918236,train,0,-SR70ST-CZ-76034,,,,CZ,,1,,Europe/Prague,276
czptt,-SR70S-CZ-76034-2,Zbečno,50.035732,13.918236,train,0,-SR70ST-CZ-76034,,,,CZ,,2,,Europe/Prague,30
czptt,-SR70S-CZ-76035,Plešnice,49.777079,13.165575,train,0,,,,,CZ,,,,Europe/Prague,246
czptt,-SR70S-CZ-76042,Třísov,48.883344,14.348632,train,0,,,,,CZ,,,,Europe/Prague,294
czptt,-SR70S-CZ-76044,Račice nad Berounkou,50.024887,13.923151,train,0,,,,,CZ,,,,Europe/Prague,237
czptt,-SR70S-CZ-76052,Holubov,48.893177,14.32461,train,0,,,,,CZ,,,,Europe/Prague,295
czptt,-SR70S-CZ-76054,Žloukovice,50.01592,13.956008,train,0,,,,,CZ,,,,Europe/Prague,237
czptt,-SR70S-CZ-76062-1,Křemže,48.904632,14.331082,train,0,-SR70ST-CZ-76062,,,,CZ,,1,,Europe/Prague,263
czptt,-SR70S-CZ-76062-3,Křemže,48.904632,14.331082,train,0,-SR70ST-CZ-76062,,,,CZ,,3,,Europe/Prague,32
czptt,-SR70S-CZ-76064-1,Nižbor,50.003354,13.998362,train,0,-SR70ST-CZ-76064,,,,CZ,,1,,Europe/Prague,340
czptt,-SR70S-CZ-76064-3,Nižbor,50.003354,13.998362,train,0,-SR70ST-CZ-76064,,,,CZ,,3,,Europe/Prague,7
czptt,-SR70S-CZ-76072,Vrábče,48.917467,14.357388,train,0,,,,,CZ,,,,Europe/Prague,294
czptt,-SR70S-CZ-76073,Hradce,48.926591,14.365669,train,0,,,,,CZ,,,,Europe/Prague,273
czptt,-SR70S-CZ-76074-1,Hýskov,49.988852,14.044678,train,0,-SR70ST-CZ-76074,,,,CZ,,1,,Europe/Prague,311
czptt,-SR70S-CZ-76074-3,Hýskov,49.988852,14.044678,train,0,-SR70ST-CZ-76074,,,,CZ,,3,,Europe/Prague,6
czptt,-SR70S-CZ-76082,Černý Dub,48.926574,14.405666,train,0,,,,,CZ,,,,Europe/Prague,291
czptt,-SR70S-CZ-76084-1,Beroun-Závodí,49.967193,14.083565,train,0,-SR70ST-CZ-76084,,,,CZ,,1,,Europe/Prague,313
czptt,-SR70S-CZ-76084-1a,Beroun-Závodí,49.967193,14.083565,train,0,-SR70ST-CZ-76084,,,,CZ,,1a,,Europe/Prague,0
czptt,-SR70S-CZ-76084-3,Beroun-Závodí,49.967193,14.083565,train,0,-SR70ST-CZ-76084,,,,CZ,,3,,Europe/Prague,360
czptt,-SR70S-CZ-76084-5,Beroun-Závodí,49.967193,14.083565,train,0,-SR70ST-CZ-76084,,,,CZ,,5,,Europe/Prague,4
czptt,-SR70S-CZ-76092-1,Boršov nad Vltavou,48.926756,14.443559,train,0,-SR70ST-CZ-76092,,,,CZ,,1,,Europe/Prague,261
czptt,-SR70S-CZ-76092-3,Boršov nad Vltavou,48.926756,14.443559,train,0,-SR70ST-CZ-76092,,,,CZ,,3,,Europe/Prague,35
czptt,-SR70S-CZ-76094-1,Rakovník,50.099007,13.736038,train,0,-SR70ST-CZ-76094,,,,CZ,,1,,Europe/Prague,1619
czptt,-SR70S-CZ-76094-2,Rakovník,50.099007,13.736038,train,0,-SR70ST-CZ-76094,,,,CZ,,2,,Europe/Prague,538
czptt,-SR70S-CZ-76094-3,Rakovník,50.099007,13.736038,train,0,-SR70ST-CZ-76094,,,,CZ,,3,,Europe/Prague,44
czptt,-SR70S-CZ-76094-5,Rakovník,50.099007,13.736038,train,0,-SR70ST-CZ-76094,,,,CZ,,5,,Europe/Prague,136
czptt,-SR70S-CZ-76094-6,Rakovník,50.099007,13.736038,train,0,-SR70ST-CZ-76094,,,,CZ,,6,,Europe/Prague,12
czptt,-SR70S-CZ-76094-8,Rakovník,50.099007,13.736038,train,0,-SR70ST-CZ-76094,,,,CZ,,8,,Europe/Prague,0
czptt,-SR70S-CZ-76102-1,Strakonice,49.255041,13.915584,train,0,-SR70ST-CZ-76102,,,,CZ,,1,,Europe/Prague,800
czptt,-SR70S-CZ-76102-2,Strakonice,49.255041,13.915584,train,0,-SR70ST-CZ-76102,,,,CZ,,2,,Europe/Prague,678
czptt,-SR70S-CZ-76102-4,Strakonice,49.255041,13.915584,train,0,-SR70ST-CZ-76102,,,,CZ,,4,,Europe/Prague,265
czptt,-SR70S-CZ-76102-4a,Strakonice,49.255041,13.915584,train,0,-SR70ST-CZ-76102,,,,CZ,,4a,,Europe/Prague,282
czptt,-SR70S-CZ-76102-5,Strakonice,49.255041,13.915584,train,0,-SR70ST-CZ-76102,,,,CZ,,5,,Europe/Prague,312
czptt,-SR70S-CZ-76102-7,Strakonice,49.255041,13.915584,train,0,-SR70ST-CZ-76102,,,,CZ,,7,,Europe/Prague,0
czptt,-SR70S-CZ-76104-1,Senomaty,50.095553,13.646679,train,0,-SR70ST-CZ-76104,,,,CZ,,1,,Europe/Prague,254
czptt,-SR70S-CZ-76104-3,Senomaty,50.095553,13.646679,train,0,-SR70ST-CZ-76104,,,,CZ,,3,,Europe/Prague,234
czptt,-SR70S-CZ-76114,Šanov,50.09191,13.629692,train,0,,,,,CZ,,,,Europe/Prague,486
czptt,-SR70S-CZ-76122,Pracejovice,49.258181,13.84909,train,0,,,,,CZ,,,,Europe/Prague,83
czptt,-SR70S-CZ-76124-1,Pšovlky,50.104337,13.598088,train,0,-SR70ST-CZ-76124,,,,CZ,,1,,Europe/Prague,254
czptt,-SR70S-CZ-76124-2,Pšovlky,50.104337,13.598088,train,0,-SR70ST-CZ-76124,,,,CZ,,2,,Europe/Prague,234
czptt,-SR70S-CZ-76132-1,Katovice,49.269197,13.823606,train,0,-SR70ST-CZ-76132,,,,CZ,,1,,Europe/Prague,85
czptt,-SR70S-CZ-76132-2,Katovice,49.269197,13.823606,train,0,-SR70ST-CZ-76132,,,,CZ,,2,,Europe/Prague,1
czptt,-SR70S-CZ-76134,Švihov u Jesenice,50.107251,13.567018,train,0,,,,,CZ,,,,Europe/Prague,485
czptt,-SR70S-CZ-76142,Dolní Poříčí,49.288107,13.800879,train,0,,,,,CZ,,,,Europe/Prague,86
czptt,-SR70S-CZ-76144-1,Oráčov,50.107212,13.544556,train,0,-SR70ST-CZ-76144,,,,CZ,,1,,Europe/Prague,431
czptt,-SR70S-CZ-76144-2,Oráčov,50.107212,13.544556,train,0,-SR70ST-CZ-76144,,,,CZ,,2,,Europe/Prague,55
czptt,-SR70S-CZ-76152-1,Střelské Hoštice,49.305123,13.779057,train,0,-SR70ST-CZ-76152,,,,CZ,,1,,Europe/Prague,85
czptt,-SR70S-CZ-76154,Kosobody,50.107339,13.518762,train,0,,,,,CZ,,,,Europe/Prague,399
czptt,-SR70S-CZ-76164-1,Jesenice,50.093118,13.471791,train,0,-SR70ST-CZ-76164,,,,CZ,,1,,Europe/Prague,501
czptt,-SR70S-CZ-76164-2,Jesenice,50.093118,13.471791,train,0,-SR70ST-CZ-76164,,,,CZ,,2,,Europe/Prague,2
czptt,-SR70S-CZ-76174,Krty,50.09032,13.434138,train,0,,,,,CZ,,,,Europe/Prague,481
czptt,-SR70S-CZ-76184-1,Lubná,50.078552,13.696012,train,0,-SR70ST-CZ-76184,,,,CZ,,1,,Europe/Prague,61
czptt,-SR70S-CZ-76194,Příčina,50.071364,13.677848,train,0,,,,,CZ,,,,Europe/Prague,56
czptt,-SR70S-CZ-76204,Zavidov,50.05636,13.629239,train,0,,,,,CZ,,,,Europe/Prague,61
czptt,-SR70S-CZ-76214,Všesulov,50.041593,13.602534,train,0,,,,,CZ,,,,Europe/Prague,56
czptt,-SR70S-CZ-76224-1,Čistá,50.033058,13.568941,train,0,-SR70ST-CZ-76224,,,,CZ,,1,,Europe/Prague,62
czptt,-SR70S-CZ-76234,Strachovice,50.014371,13.527221,train,0,,,,,CZ,,,,Europe/Prague,57
czptt,-SR70S-CZ-76245,Kožlany,49.993662,13.51906,train,0,,,,,CZ,,,,Europe/Prague,62
czptt,-SR70S-CZ-76254-2d,Rakovník západ,50.101687,13.714037,train,0,-SR70ST-CZ-76254,,,,CZ,,2d,,Europe/Prague,614
czptt,-SR70S-CZ-76255-1,Kralovice u Rakovníka,49.988794,13.489667,train,0,-SR70ST-CZ-76255,,,,CZ,,1,,Europe/Prague,62
czptt,-SR70S-CZ-76275,Rokycany předměstí,49.732285,13.603551,train,0,,,,,CZ,,,,Europe/Prague,186
czptt,-SR70S-CZ-76285,Kamenný Újezd u Rokycan,49.722064,13.618163,train,0,,,,,CZ,,,,Europe/Prague,187
czptt,-SR70S-CZ-76295,Nová Huť,49.717141,13.637808,train,0,,,,,CZ,,,,Europe/Prague,188
czptt,-SR70S-CZ-76305,Hrádek u Rokycan,49.71347,13.653624,train,0,,,,,CZ,,,,Europe/Prague,187
czptt,-SR70S-CZ-76315-1,Mirošov,49.700027,13.666118,train,0,-SR70ST-CZ-76315,,,,CZ,,1,,Europe/Prague,173
czptt,-SR70S-CZ-76315-2,Mirošov,49.700027,13.666118,train,0,-SR70ST-CZ-76315,,,,CZ,,2,,Europe/Prague,1
czptt,-SR70S-CZ-76315-3,Mirošov,49.700027,13.666118,train,0,-SR70ST-CZ-76315,,,,CZ,,3,,Europe/Prague,33
czptt,-SR70S-CZ-76325-1a,Mirošov město,49.689834,13.663001,train,0,-SR70ST-CZ-76325,,,,CZ,,1a,,Europe/Prague,203
czptt,-SR70S-CZ-76335,Příkosice zastávka,49.670373,13.665708,train,0,,,,,CZ,,,,Europe/Prague,147
czptt,-SR70S-CZ-76345-1,Příkosice,49.66298,13.650832,train,0,-SR70ST-CZ-76345,,,,CZ,,1,,Europe/Prague,144
czptt,-SR70S-CZ-76345-3,Příkosice,49.66298,13.650832,train,0,-SR70ST-CZ-76345,,,,CZ,,3,,Europe/Prague,170
czptt,-SR70S-CZ-76355,Mešno,49.6549,13.623031,train,0,,,,,CZ,,,,Europe/Prague,180
czptt,-SR70S-CZ-76365,Lipnice,49.644896,13.609551,train,0,,,,,CZ,,,,Europe/Prague,84
czptt,-SR70S-CZ-76365-1,Lipnice,49.644896,13.609551,train,0,-SR70ST-CZ-76365,,,,CZ,,1,,Europe/Prague,96
czptt,-SR70S-CZ-76375,Kornatice,49.655456,13.588628,train,0,,,,,CZ,,,,Europe/Prague,181
czptt,-SR70S-CZ-76385,Kornatice rybník,49.664088,13.568303,train,0,,,,,CZ,,,,Europe/Prague,151
czptt,-SR70S-CZ-76395,Šťáhlavice,49.657463,13.537024,train,0,,,,,CZ,,,,Europe/Prague,151
czptt,-SR70S-CZ-76405-1,Nezvěstice,49.642476,13.516606,train,0,-SR70ST-CZ-76405,,,,CZ,,1,,Europe/Prague,314
czptt,-SR70S-CZ-76405-2,Nezvěstice,49.642476,13.516606,train,0,-SR70ST-CZ-76405,,,,CZ,,2,,Europe/Prague,210
czptt,-SR70S-CZ-76405-4,Nezvěstice,49.642476,13.516606,train,0,-SR70ST-CZ-76405,,,,CZ,,4,,Europe/Prague,0
czptt,-SR70S-CZ-76405-6,Nezvěstice,49.642476,13.516606,train,0,-SR70ST-CZ-76405,,,,CZ,,6,,Europe/Prague,181
czptt,-SR70S-CZ-76414,Zadní Poříčí,49.585292,13.940233,train,0,,,,,CZ,,,,Europe/Prague,43
czptt,-SR70S-CZ-76424,Oslí,49.596758,13.926476,train,0,,,,,CZ,,,,Europe/Prague,43
czptt,-SR70S-CZ-76434,Skuhrov pod Třemšínem,49.597574,13.904922,train,0,,,,,CZ,,,,Europe/Prague,43
czptt,-SR70S-CZ-76444-1,Rožmitál p.Třemšínem,49.602014,13.882192,train,0,-SR70ST-CZ-76444,,,,CZ,,1,,Europe/Prague,48
czptt,-SR70S-CZ-76455-1,Sokolov,50.186084,12.644588,train,0,-SR70ST-CZ-76455,,,,CZ,,1,,Europe/Prague,474
czptt,-SR70S-CZ-76455-2,Sokolov,50.186084,12.644588,train,0,-SR70ST-CZ-76455,,,,CZ,,2,,Europe/Prague,390
czptt,-SR70S-CZ-76455-3,Sokolov,50.186084,12.644588,train,0,-SR70ST-CZ-76455,,,,CZ,,3,,Europe/Prague,1
czptt,-SR70S-CZ-76465-1,Svatava,50.19015,12.624817,train,0,-SR70ST-CZ-76465,,,,CZ,,1,,Europe/Prague,334
czptt,-SR70S-CZ-76475,Svatava zastávka z,50.197437,12.607094,train,0,,,,,CZ,,,,Europe/Prague,330
czptt,-SR70S-CZ-76485,Luh nad Svatavou z,50.217847,12.587573,train,0,,,,,CZ,,,,Europe/Prague,330
czptt,-SR70S-CZ-76495-1,Hřebeny,50.221805,12.580862,train,0,-SR70ST-CZ-76495,,,,CZ,,1,,Europe/Prague,334
czptt,-SR70S-CZ-76505-1,Oloví,50.254741,12.558172,train,0,-SR70ST-CZ-76505,,,,CZ,,1,,Europe/Prague,202
czptt,-SR70S-CZ-76505-1b,Oloví,50.254741,12.558172,train,0,-SR70ST-CZ-76505,,,,CZ,,1b,,Europe/Prague,20
czptt,-SR70S-CZ-76505-4,Oloví,50.254741,12.558172,train,0,-SR70ST-CZ-76505,,,,CZ,,4,,Europe/Prague,108
czptt,-SR70S-CZ-76515-1,Rotava,50.287057,12.535434,train,0,-SR70ST-CZ-76515,,,,CZ,,1,,Europe/Prague,272
czptt,-SR70S-CZ-76515-2,Rotava,50.287057,12.535434,train,0,-SR70ST-CZ-76515,,,,CZ,,2,,Europe/Prague,58
czptt,-SR70S-CZ-76525-1,Kraslice př. nz,50.311646,12.518667,train,0,-SR70ST-CZ-76525,,,,CZ,,1,,Europe/Prague,331
czptt,-SR70S-CZ-76534,Kraslice-P.vlekem z,50.33948,12.497404,train,0,,,,,CZ,,,,Europe/Prague,225
czptt,-SR70S-CZ-76535-1,Kraslice,50.330742,12.502363,train,0,-SR70ST-CZ-76535,,,,CZ,,1,,Europe/Prague,383
czptt,-SR70S-CZ-76535-4,Kraslice,50.330742,12.502363,train,0,-SR70ST-CZ-76535,,,,CZ,,4,,Europe/Prague,76
czptt,-SR70S-CZ-76535-4a,Kraslice,50.330742,12.502363,train,0,-SR70ST-CZ-76535,,,,CZ,,4a,,Europe/Prague,0
czptt,-SR70S-CZ-76555,Holostřevy,49.717984,12.8627,train,0,,,,,CZ,,,,Europe/Prague,10
czptt,-SR70S-CZ-76565,Skviřín,49.713171,12.813638,train,0,,,,,CZ,,,,Europe/Prague,10
czptt,-SR70S-CZ-76575-1,Bor,49.717529,12.778526,train,0,-SR70ST-CZ-76575,,,,CZ,,1,,Europe/Prague,242
czptt,-SR70S-CZ-76575-2,Bor,49.717529,12.778526,train,0,-SR70ST-CZ-76575,,,,CZ,,2,,Europe/Prague,18
czptt,-SR70S-CZ-76575-4,Bor,49.717529,12.778526,train,0,-SR70ST-CZ-76575,,,,CZ,,4,,Europe/Prague,27
czptt,-SR70S-CZ-76585-1,Staňkov,49.547649,13.071886,train,0,-SR70ST-CZ-76585,,,,CZ,,1,,Europe/Prague,447
czptt,-SR70S-CZ-76585-2,Staňkov,49.547649,13.071886,train,0,-SR70ST-CZ-76585,,,,CZ,,2,,Europe/Prague,138
czptt,-SR70S-CZ-76585-3,Staňkov,49.547649,13.071886,train,0,-SR70ST-CZ-76585,,,,CZ,,3,,Europe/Prague,5
czptt,-SR70S-CZ-76587,Staňkov-Vránov,49.53224,13.05106,train,0,,,,,CZ,,,,Europe/Prague,1
czptt,-SR70S-CZ-76595-1,Křenovy,49.535326,13.025093,train,0,-SR70ST-CZ-76595,,,,CZ,,1,,Europe/Prague,151
czptt,-SR70S-CZ-76605,Semošice-Peřina,49.530447,12.999978,train,0,,,,,CZ,,,,Europe/Prague,1
czptt,-SR70S-CZ-76615,Semošice,49.534226,12.983812,train,0,,,,,CZ,,,,Europe/Prague,151
czptt,-SR70S-CZ-76625-1,Horšovský Týn,49.524363,12.93764,train,0,-SR70ST-CZ-76625,,,,CZ,,1,,Europe/Prague,140
czptt,-SR70S-CZ-76625-3,Horšovský Týn,49.524363,12.93764,train,0,-SR70ST-CZ-76625,,,,CZ,,3,,Europe/Prague,11
czptt,-SR70S-CZ-76635,Mašovice,49.51836,12.897821,train,0,,,,,CZ,,,,Europe/Prague,149
czptt,-SR70S-CZ-76645-1,Meclov,49.51012,12.875246,train,0,-SR70ST-CZ-76645,,,,CZ,,1,,Europe/Prague,149
czptt,-SR70S-CZ-76655,Ohnišťovice,49.513272,12.849956,train,0,,,,,CZ,,,,Europe/Prague,149
czptt,-SR70S-CZ-76665,Zámělíč,49.516222,12.832851,train,0,,,,,CZ,,,,Europe/Prague,149
czptt,-SR70S-CZ-76675,Třebeň,50.131565,12.404024,train,0,,,,,CZ,,,,Europe/Prague,165
czptt,-SR70S-CZ-76685,Nový Drahov,50.146954,12.399367,train,0,,,,,CZ,,,,Europe/Prague,165
czptt,-SR70S-CZ-76695-1,Vonšov,50.155993,12.379602,train,0,-SR70ST-CZ-76695,,,,CZ,,1,,Europe/Prague,165
czptt,-SR70S-CZ-76705-1,Skalná,50.166159,12.368683,train,0,-SR70ST-CZ-76705,,,,CZ,,1,,Europe/Prague,164
czptt,-SR70S-CZ-76705-2,Skalná,50.166159,12.368683,train,0,-SR70ST-CZ-76705,,,,CZ,,2,,Europe/Prague,0
czptt,-SR70S-CZ-76715,Velký Luh,50.196744,12.372534,train,0,,,,,CZ,,,,Europe/Prague,165
czptt,-SR70S-CZ-76725,Nový Kostel,50.220308,12.420984,train,0,,,,,CZ,,,,Europe/Prague,165
czptt,-SR70S-CZ-76735,Dolní Luby,50.239438,12.412639,train,0,,,,,CZ,,,,Europe/Prague,165
czptt,-SR70S-CZ-76745-1,Luby u Chebu,50.253392,12.400968,train,0,-SR70ST-CZ-76745,,,,CZ,,1,,Europe/Prague,165
czptt,-SR70S-CZ-76754,Běleč,49.909525,14.178408,train,0,,,,,CZ,,,,Europe/Prague,481
czptt,-SR70S-CZ-76755,Bor zastávka,49.688052,12.781237,train,0,,,,,CZ,,,,Europe/Prague,232
czptt,-SR70S-CZ-76764-1,Liteň,49.903408,14.155308,train,0,-SR70ST-CZ-76764,,,,CZ,,1,,Europe/Prague,520
czptt,-SR70S-CZ-76764-2,Liteň,49.903408,14.155308,train,0,-SR70ST-CZ-76764,,,,CZ,,2,,Europe/Prague,75
czptt,-SR70S-CZ-76774,Skuhrov pod Brdy,49.888576,14.147683,train,0,,,,,CZ,,,,Europe/Prague,388
czptt,-SR70S-CZ-76784,Nesvačily,49.875061,14.128869,train,0,,,,,CZ,,,,Europe/Prague,388
czptt,-SR70S-CZ-76794-1,Všeradice,49.867516,14.107369,train,0,-SR70ST-CZ-76794,,,,CZ,,1,,Europe/Prague,195
czptt,-SR70S-CZ-76794-3,Všeradice,49.867516,14.107369,train,0,-SR70ST-CZ-76794,,,,CZ,,3,,Europe/Prague,193
czptt,-SR70S-CZ-76804,Vižina,49.85482,14.100244,train,0,,,,,CZ,,,,Europe/Prague,388
czptt,-SR70S-CZ-76814,Osov,49.837326,14.084255,train,0,,,,,CZ,,,,Europe/Prague,388
czptt,-SR70S-CZ-76824-1,Hostomice pod Brdy,49.83141,14.047232,train,0,-SR70ST-CZ-76824,,,,CZ,,1,,Europe/Prague,388
czptt,-SR70S-CZ-76824-2,Hostomice pod Brdy,49.83141,14.047232,train,0,-SR70ST-CZ-76824,,,,CZ,,2,,Europe/Prague,20
czptt,-SR70S-CZ-76834,Radouš,49.838251,14.017509,train,0,,,,,CZ,,,,Europe/Prague,407
czptt,-SR70S-CZ-76844-1,Neumětely,49.850044,14.011898,train,0,-SR70ST-CZ-76844,,,,CZ,,1,,Europe/Prague,407
czptt,-SR70S-CZ-76854-1,Lochovice,49.846406,13.974275,train,0,-SR70ST-CZ-76854,,,,CZ,,1,,Europe/Prague,544
czptt,-SR70S-CZ-76854-2,Lochovice,49.846406,13.974275,train,0,-SR70ST-CZ-76854,,,,CZ,,2,,Europe/Prague,227
czptt,-SR70S-CZ-76854-3,Lochovice,49.846406,13.974275,train,0,-SR70ST-CZ-76854,,,,CZ,,3,,Europe/Prague,420
czptt,-SR70S-CZ-76854-5,Lochovice,49.846406,13.974275,train,0,-SR70ST-CZ-76854,,,,CZ,,5,,Europe/Prague,58
czptt,-SR70S-CZ-76864,Libomyšl,49.875547,13.991847,train,0,,,,,CZ,,,,Europe/Prague,357
czptt,-SR70S-CZ-76874,Rejkovice,49.809029,13.970544,train,0,,,,,CZ,,,,Europe/Prague,413
czptt,-SR70S-CZ-76884-1,Jince,49.782231,13.987282,train,0,-SR70ST-CZ-76884,,,,CZ,,1,,Europe/Prague,886
czptt,-SR70S-CZ-76884-2,Jince,49.782231,13.987282,train,0,-SR70ST-CZ-76884,,,,CZ,,2,,Europe/Prague,13
czptt,-SR70S-CZ-76894-1,Bratkovice,49.738552,14.003024,train,0,-SR70ST-CZ-76894,,,,CZ,,1,,Europe/Prague,328
czptt,-SR70S-CZ-76904-1,Příbram,49.688932,14.003268,train,0,-SR70ST-CZ-76904,,,,CZ,,1,,Europe/Prague,628
czptt,-SR70S-CZ-76904-2,Příbram,49.688932,14.003268,train,0,-SR70ST-CZ-76904,,,,CZ,,2,,Europe/Prague,38
czptt,-SR70S-CZ-76904-3,Příbram,49.688932,14.003268,train,0,-SR70ST-CZ-76904,,,,CZ,,3,,Europe/Prague,292
czptt,-SR70S-CZ-76904-4,Příbram,49.688932,14.003268,train,0,-SR70ST-CZ-76904,,,,CZ,,4,,Europe/Prague,16
czptt,-SR70S-CZ-76905,Starec,49.384234,13.010579,train,0,,,,,CZ,,,,Europe/Prague,171
czptt,-SR70S-CZ-76914-1,Milín,49.632392,14.021981,train,0,-SR70ST-CZ-76914,,,,CZ,,1,,Europe/Prague,302
czptt,-SR70S-CZ-76914-3,Milín,49.632392,14.021981,train,0,-SR70ST-CZ-76914,,,,CZ,,3,,Europe/Prague,150
czptt,-SR70S-CZ-76924-1,Tochovice,49.588682,13.987669,train,0,-SR70ST-CZ-76924,,,,CZ,,1,,Europe/Prague,405
czptt,-SR70S-CZ-76924-3,Tochovice,49.588682,13.987669,train,0,-SR70ST-CZ-76924,,,,CZ,,3,,Europe/Prague,21
czptt,-SR70S-CZ-76934-1,Březnice,49.55835,13.964039,train,0,-SR70ST-CZ-76934,,,,CZ,,1,,Europe/Prague,791
czptt,-SR70S-CZ-76934-2,Březnice,49.55835,13.964039,train,0,-SR70ST-CZ-76934,,,,CZ,,2,,Europe/Prague,512
czptt,-SR70S-CZ-76934-3,Březnice,49.55835,13.964039,train,0,-SR70ST-CZ-76934,,,,CZ,,3,,Europe/Prague,19
czptt,-SR70S-CZ-76934-4,Březnice,49.55835,13.964039,train,0,-SR70ST-CZ-76934,,,,CZ,,4,,Europe/Prague,63
czptt,-SR70S-CZ-76934-7,Březnice,49.55835,13.964039,train,0,-SR70ST-CZ-76934,,,,CZ,,7,,Europe/Prague,17
czptt,-SR70S-CZ-76935,Dobřany zastávka,49.681638,13.324078,train,0,,,,,CZ,,,,Europe/Prague,41
czptt,-SR70S-CZ-76944,Ostrov u Tochovic,49.614955,14.008668,train,0,,,,,CZ,,,,Europe/Prague,426
czptt,-SR70S-CZ-76945,Petrovice nad Úhlavou,49.320844,13.179431,train,0,,,,,CZ,,,,Europe/Prague,131
czptt,-SR70S-CZ-76955-1,Nýrsko,49.296961,13.153168,train,0,-SR70ST-CZ-76955,,,,CZ,,1,,Europe/Prague,241
czptt,-SR70S-CZ-76955-2,Nýrsko,49.296961,13.153168,train,0,-SR70ST-CZ-76955,,,,CZ,,2,,Europe/Prague,147
czptt,-SR70S-CZ-76955-3,Nýrsko,49.296961,13.153168,train,0,-SR70ST-CZ-76955,,,,CZ,,3,,Europe/Prague,0
czptt,-SR70S-CZ-76965,Dešenice,49.277372,13.175109,train,0,,,,,CZ,,,,Europe/Prague,346
czptt,-SR70S-CZ-76975-1,Zelená Lhota,49.249219,13.178962,train,0,-SR70ST-CZ-76975,,,,CZ,,1,,Europe/Prague,355
czptt,-SR70S-CZ-76975-2,Zelená Lhota,49.249219,13.178962,train,0,-SR70ST-CZ-76975,,,,CZ,,2,,Europe/Prague,6
czptt,-SR70S-CZ-76985-1,Hamry-Hojsova Stráž,49.211326,13.175142,train,0,-SR70ST-CZ-76985,,,,CZ,,1,,Europe/Prague,333
czptt,-SR70S-CZ-76985-3,Hamry-Hojsova Stráž,49.211326,13.175142,train,0,-SR70ST-CZ-76985,,,,CZ,,3,,Europe/Prague,22
czptt,-SR70S-CZ-76995,Hojsova Stráž-Brčálník,49.191416,13.222606,train,0,,,,,CZ,,,,Europe/Prague,350
czptt,-SR70S-CZ-77005-1,Špičák,49.161629,13.222619,train,0,-SR70ST-CZ-77005,,,,CZ,,1,,Europe/Prague,302
czptt,-SR70S-CZ-77005-3,Špičák,49.161629,13.222619,train,0,-SR70ST-CZ-77005,,,,CZ,,3,,Europe/Prague,55
czptt,-SR70S-CZ-77012,Domoradice,48.827909,14.335136,train,0,,,,,CZ,,,,Europe/Prague,290
czptt,-SR70S-CZ-77015,Železná Ruda město,49.143281,13.229376,train,0,,,,,CZ,,,,Europe/Prague,357
czptt,-SR70S-CZ-77025-4,Ž. Ruda-Alžbětín,49.12192,13.210179,train,0,-SR70ST-CZ-77025,,,,CZ,,4,,Europe/Prague,287
czptt,-SR70S-CZ-77025-5,Ž. Ruda-Alžbětín,49.12192,13.210179,train,0,-SR70ST-CZ-77025,,,,CZ,,5,,Europe/Prague,18
czptt,-SR70S-CZ-77025-7,Ž. Ruda-Alžbětín,49.12192,13.210179,train,0,-SR70ST-CZ-77025,,,,CZ,,7,,Europe/Prague,51
czptt,-SR70S-CZ-77035,Železná Ruda centrum,49.136336,13.236904,train,0,,,,,CZ,,,,Europe/Prague,357
czptt,-SR70S-CZ-78027,Sedlec odbočka,50.244969,12.853138,train,0,,,,,CZ,,,,Europe/Prague,13
czptt,-SR70S-CZ-78035-1,Výh Nemanice I,49.009034,14.479586,train,0,-SR70ST-CZ-78035,,,,CZ,,1,,Europe/Prague,7
czptt,-SR70S-CZ-78035-2,Výh Nemanice I,49.009034,14.479586,train,0,-SR70ST-CZ-78035,,,,CZ,,2,,Europe/Prague,55
czptt,-SR70S-CZ-78036,Nemanice I-buděj.zhl,49.004026,14.477667,train,0,,,,,CZ,,,,Europe/Prague,36
czptt,-SR70S-CZ-78056,AHr Netřebice,48.798098,14.459048,train,0,,,,,CZ,,,,Europe/Prague,1
czptt,-SR70S-CZ-78063-201,Výh Nemanice II,49.014034,14.468532,train,0,-SR70ST-CZ-78063,,,,CZ,,201,,Europe/Prague,0
czptt,-SR70S-CZ-78063-202,Výh Nemanice,49.014034,14.468532,train,0,-SR70ST-CZ-78063,,,,CZ,,202,,Europe/Prague,0
czptt,-SR70S-CZ-78065-2,Radonice výhybna,49.461226,12.988398,train,0,-SR70ST-CZ-78065,,,,CZ,,2,,Europe/Prague,0
czptt,-SR70S-CZ-78087,Plzeň hl.n.N.Hospoda,49.738952,13.331192,train,0,,,,,CZ,,,,Europe/Prague,22
czptt,-SR70S-CZ-78105-2,Chotěšov výhybna,49.663719,13.201866,train,0,-SR70ST-CZ-78105,,,,CZ,,2,,Europe/Prague,0
czptt,-SR70S-CZ-78127,"Pomezí náv.Lo,So",50.086524,12.270916,train,0,,,,,CZ,,,,Europe/Prague,1
czptt,-SR70S-CZ-78155,Březnice odb.výh.101,49.575519,13.95222,train,0,,,,,CZ,,,,Europe/Prague,0
czptt,-SR70ST-CZ-00701,Jindř.Hradec JHMD,49.154878,15.005179,train,1,,,,,CZ,,,,Europe/Prague,25
czptt,-SR70ST-CZ-33005,Bojkovice město,49.035337,17.811044,train,1,,,,,CZ,,,,Europe/Prague,755
czptt,-SR70ST-CZ-33012,Blatec,49.525464,17.246139,train,1,,,,,CZ,,,,Europe/Prague,691
czptt,-SR70ST-CZ-33014,Albrechtice u Českého Těšína,49.792761,18.524387,train,1,,,,,CZ,,,,Europe/Prague,1147
czptt,-SR70ST-CZ-33015,Adamov,49.295415,16.663198,train,1,,,,,CZ,,,,Europe/Prague,1492
czptt,-SR70ST-CZ-33024,Baška,49.651064,18.369132,train,1,,,,,CZ,,,,Europe/Prague,1066
czptt,-SR70ST-CZ-33042,Bludov,49.928012,16.939166,train,1,,,,,CZ,,,,Europe/Prague,1559
czptt,-SR70ST-CZ-33045,Bedihošť,49.441677,17.166581,train,1,,,,,CZ,,,,Europe/Prague,707
czptt,-SR70ST-CZ-33064,Bílovec,49.753319,18.013968,train,1,,,,,CZ,,,,Europe/Prague,166
czptt,-SR70ST-CZ-33072,Bohdíkov,50.027139,16.902121,train,1,,,,,CZ,,,,Europe/Prague,406
czptt,-SR70ST-CZ-33075,Pivín,49.38749,17.18875,train,1,,,,,CZ,,,,Europe/Prague,740
czptt,-SR70ST-CZ-33084,Budišov nad Budišovkou,49.795759,17.614053,train,1,,,,,CZ,,,,Europe/Prague,176
czptt,-SR70ST-CZ-33092,Bohuňovice,49.662491,17.281087,train,1,,,,,CZ,,,,Europe/Prague,964
czptt,-SR70ST-CZ-33094,Svatoňovice,49.799332,17.667952,train,1,,,,,CZ,,,,Europe/Prague,176
czptt,-SR70ST-CZ-33095,Blansko,49.353212,16.646189,train,1,,,,,CZ,,,,Europe/Prague,1933
czptt,-SR70ST-CZ-33104,Bystřice,49.636568,18.71693,train,1,,,,,CZ,,,,Europe/Prague,537
czptt,-SR70ST-CZ-33112,Branná,50.147748,17.014822,train,1,,,,,CZ,,,,Europe/Prague,523
czptt,-SR70ST-CZ-33115,Blansko město,49.361175,16.639289,train,1,,,,,CZ,,,,Europe/Prague,592
czptt,-SR70ST-CZ-33122,Brantice,50.052048,17.611626,train,1,,,,,CZ,,,,Europe/Prague,385
czptt,-SR70ST-CZ-33125,Blažovice,49.163685,16.798251,train,1,,,,,CZ,,,,Europe/Prague,338
czptt,-SR70ST-CZ-33142,Brodek u Přerova,49.482046,17.337388,train,1,,,,,CZ,,,,Europe/Prague,1136
czptt,-SR70ST-CZ-33145,Bohuslavice nad Vláří,49.096204,17.926159,train,1,,,,,CZ,,,,Europe/Prague,357
czptt,-SR70ST-CZ-33162,Bruntál,49.993579,17.47449,train,1,,,,,CZ,,,,Europe/Prague,935
czptt,-SR70ST-CZ-33172,Malá Morávka,50.010144,17.317287,train,1,,,,,CZ,,,,Europe/Prague,41
czptt,-SR70ST-CZ-33185,Bojkovice,49.036112,17.795359,train,1,,,,,CZ,,,,Europe/Prague,878
czptt,-SR70ST-CZ-33202,Světlá Hora,50.043068,17.394421,train,1,,,,,CZ,,,,Europe/Prague,41
czptt,-SR70ST-CZ-33205,Boskovice,49.491529,16.651713,train,1,,,,,CZ,,,,Europe/Prague,365
czptt,-SR70ST-CZ-33215,Boří les,48.737944,16.867058,train,1,,,,,CZ,,,,Europe/Prague,363
czptt,-SR70ST-CZ-33225,Božice u Znojma,48.823278,16.287761,train,1,,,,,CZ,,,,Europe/Prague,467
czptt,-SR70ST-CZ-33232,Břidličná,49.913311,17.382609,train,1,,,,,CZ,,,,Europe/Prague,253
czptt,-SR70ST-CZ-33234,Český Těšín,49.743197,18.62236,train,1,,,,,CZ,,,,Europe/Prague,2490
czptt,-SR70ST-CZ-33236,Branky na Moravě,49.459375,17.905613,train,1,,,,,CZ,,,,Europe/Prague,389
czptt,-SR70ST-CZ-33255,Bransouze,49.305693,15.74934,train,1,,,,,CZ,,,,Europe/Prague,387
czptt,-SR70ST-CZ-33264,Děhylov,49.880559,18.171021,train,1,,,,,CZ,,,,Europe/Prague,592
czptt,-SR70ST-CZ-33274,Dětmarovice,49.900134,18.466528,train,1,,,,,CZ,,,,Europe/Prague,363
czptt,-SR70ST-CZ-33284,Dobrá u Frýdku-Místku,49.670887,18.414222,train,1,,,,,CZ,,,,Europe/Prague,589
czptt,-SR70ST-CZ-33292,Čelechovice na Hané,49.513387,17.09654,train,1,,,,,CZ,,,,Europe/Prague,307
czptt,-SR70ST-CZ-33295,Brno hl. n.,49.189992,16.611046,train,1,,,,,CZ,,,,Europe/Prague,12723
czptt,-SR70ST-CZ-33304,Dolní Benešov,49.923152,18.119003,train,1,,,,,CZ,,,,Europe/Prague,306
czptt,-SR70ST-CZ-33305,Brno-Horní Heršpice,49.167048,16.606879,train,1,,,,,CZ,,,,Europe/Prague,2364
czptt,-SR70ST-CZ-33312,Červenka,49.724049,17.091105,train,1,,,,,CZ,,,,Europe/Prague,1841
czptt,-SR70ST-CZ-33315,Brno-Kr. Pole,49.231486,16.596195,train,1,,,,,CZ,,,,Europe/Prague,3050
czptt,-SR70ST-CZ-33322,Dětřichov nad Bystřicí,49.838449,17.394923,train,1,,,,,CZ,,,,Europe/Prague,574
czptt,-SR70ST-CZ-33334,Frenštát p.R.,49.541931,18.224185,train,1,,,,,CZ,,,,Europe/Prague,1108
czptt,-SR70ST-CZ-33344,Frýdek-Místek,49.677742,18.353696,train,1,,,,,CZ,,,,Europe/Prague,2021
czptt,-SR70ST-CZ-33354,Frýdlant nad Ostravicí,49.588841,18.354704,train,1,,,,,CZ,,,,Europe/Prague,2057
czptt,-SR70ST-CZ-33355,Brno-Maloměřice,49.21686,16.647632,train,1,,,,,CZ,,,,Europe/Prague,2
czptt,-SR70ST-CZ-33365,Brno-Slatina,49.169513,16.682041,train,1,,,,,CZ,,,,Europe/Prague,395
czptt,-SR70ST-CZ-33394,Pržno,49.617065,18.361892,train,1,,,,,CZ,,,,Europe/Prague,1066
czptt,-SR70ST-CZ-33395,Brno-Židenice,49.20193,16.635224,train,1,,,,,CZ,,,,Europe/Prague,4156
czptt,-SR70ST-CZ-33404,Fulnek,49.713541,17.912787,train,1,,,,,CZ,,,,Europe/Prague,117
czptt,-SR70ST-CZ-33405,Brumov,49.094285,18.036758,train,1,,,,,CZ,,,,Europe/Prague,358
czptt,-SR70ST-CZ-33422,Domašov nad Bystřicí,49.740303,17.44474,train,1,,,,,CZ,,,,Europe/Prague,603
czptt,-SR70ST-CZ-33424,Háj ve Slezsku,49.901266,18.092978,train,1,,,,,CZ,,,,Europe/Prague,966
czptt,-SR70ST-CZ-33425,Břeclav,48.754384,16.893605,train,1,,,,,CZ,,,,Europe/Prague,3116
czptt,-SR70ST-CZ-33437,Březová n. Svit.,49.633501,16.520171,train,1,,,,,CZ,,,,Europe/Prague,612
czptt,-SR70ST-CZ-33452,Drahanovice,49.583345,17.07924,train,1,,,,,CZ,,,,Europe/Prague,538
czptt,-SR70ST-CZ-33454,Havířov,49.791557,18.411566,train,1,,,,,CZ,,,,Europe/Prague,1675
czptt,-SR70ST-CZ-33461,Havířov střed,49.788329,18.439544,train,1,,,,,CZ,,,,Europe/Prague,407
czptt,-SR70ST-CZ-33472,Drahotuše,49.552401,17.682328,train,1,,,,,CZ,,,,Europe/Prague,732
czptt,-SR70ST-CZ-33482,Grygov,49.533995,17.305286,train,1,,,,,CZ,,,,Europe/Prague,1137
czptt,-SR70ST-CZ-33492,Halenkov,49.322353,18.153943,train,1,,,,,CZ,,,,Europe/Prague,367
czptt,-SR70ST-CZ-33504,Hlučín,49.901008,18.19382,train,1,,,,,CZ,,,,Europe/Prague,300
czptt,-SR70ST-CZ-33505,Bučovice,49.145367,16.99993,train,1,,,,,CZ,,,,Europe/Prague,621
czptt,-SR70ST-CZ-33514,Hnojník,49.678509,18.539612,train,1,,,,,CZ,,,,Europe/Prague,593
czptt,-SR70ST-CZ-33522,Nový Hrozenkov,49.34075,18.204118,train,1,,,,,CZ,,,,Europe/Prague,367
czptt,-SR70ST-CZ-33535,Bylnice,49.06774,18.013452,train,1,,,,,CZ,,,,Europe/Prague,798
czptt,-SR70ST-CZ-33542,Hanušovice,50.071686,16.929454,train,1,,,,,CZ,,,,Europe/Prague,999
czptt,-SR70ST-CZ-33554,Jakartovice,49.917308,17.691489,train,1,,,,,CZ,,,,Europe/Prague,47
czptt,-SR70ST-CZ-33555,Bystřice nad Pernštejnem,49.513236,16.248296,train,1,,,,,CZ,,,,Europe/Prague,305
czptt,-SR70ST-CZ-33564,Svobodné Heřmanice,49.943253,17.654144,train,1,,,,,CZ,,,,Europe/Prague,47
czptt,-SR70ST-CZ-33574,Hradec nad Moravicí,49.877512,17.875961,train,1,,,,,CZ,,,,Europe/Prague,179
czptt,-SR70ST-CZ-33585,Bystřice pod Hostýnem,49.392896,17.665097,train,1,,,,,CZ,,,,Europe/Prague,577
czptt,-SR70ST-CZ-33592,Hlubočky,49.647203,17.40809,train,1,,,,,CZ,,,,Europe/Prague,502
czptt,-SR70ST-CZ-33594,Chuchelná,49.98873,18.11312,train,1,,,,,CZ,,,,Europe/Prague,231
czptt,-SR70ST-CZ-33595,Hlinsko pod Hostýnem,49.370859,17.631807,train,1,,,,,CZ,,,,Europe/Prague,552
czptt,-SR70ST-CZ-33602,Hlubočky-Mariánské Údolí,49.613313,17.394849,train,1,,,,,CZ,,,,Europe/Prague,844
czptt,-SR70ST-CZ-33615,Bzenec,48.969047,17.263038,train,1,,,,,CZ,,,,Europe/Prague,951
czptt,-SR70ST-CZ-33622,Hostašovice,49.520939,18.016757,train,1,,,,,CZ,,,,Europe/Prague,475
czptt,-SR70ST-CZ-33624,Návsí,49.589478,18.754954,train,1,,,,,CZ,,,,Europe/Prague,750
czptt,-SR70ST-CZ-33635,Čejč,48.942117,16.958845,train,1,,,,,CZ,,,,Europe/Prague,283
czptt,-SR70ST-CZ-33642,Horka nad Moravou,49.638219,17.200965,train,1,,,,,CZ,,,,Europe/Prague,591
czptt,-SR70ST-CZ-33644,Jindřichov ve Slezsku,50.248255,17.539612,train,1,,,,,CZ,,,,Europe/Prague,343
czptt,-SR70ST-CZ-33652,Horní Lideč,49.18992,18.058311,train,1,,,,,CZ,,,,Europe/Prague,838
czptt,-SR70ST-CZ-33654,Jistebník,49.749522,18.151775,train,1,,,,,CZ,,,,Europe/Prague,830
czptt,-SR70ST-CZ-33655,Dobronín,49.478223,15.641659,train,1,,,,,CZ,,,,Europe/Prague,592
czptt,-SR70ST-CZ-33662,Mořkov hlavní trať,49.528793,18.068223,train,1,,,,,CZ,,,,Europe/Prague,471
czptt,-SR70ST-CZ-33674,Karviná hl. n.,49.855921,18.526541,train,1,,,,,CZ,,,,Europe/Prague,566
czptt,-SR70ST-CZ-33702,Horní Lipová,50.224588,17.084588,train,1,,,,,CZ,,,,Europe/Prague,523
czptt,-SR70ST-CZ-33704,Kopřivnice,49.595393,18.147455,train,1,,,,,CZ,,,,Europe/Prague,882
czptt,-SR70ST-CZ-33715,Dzbel,49.610194,16.848208,train,1,,,,,CZ,,,,Europe/Prague,374
czptt,-SR70ST-CZ-33722,Hranice na Moravě,49.56543,17.741332,train,1,,,,,CZ,,,,Europe/Prague,3899
czptt,-SR70ST-CZ-33732,Hranice na Moravě město,49.545783,17.741824,train,1,,,,,CZ,,,,Europe/Prague,694
czptt,-SR70ST-CZ-33735,Konice,49.591483,16.883782,train,1,,,,,CZ,,,,Europe/Prague,319
czptt,-SR70ST-CZ-33745,Zlín-Malenovice,49.2098,17.599658,train,1,,,,,CZ,,,,Europe/Prague,358
czptt,-SR70ST-CZ-33752,Hrubá Voda,49.66963,17.438411,train,1,,,,,CZ,,,,Europe/Prague,479
czptt,-SR70ST-CZ-33754,Kravaře ve Slezsku,49.935079,18.010185,train,1,,,,,CZ,,,,Europe/Prague,537
czptt,-SR70ST-CZ-33755,Zlín střed,49.226527,17.658513,train,1,,,,,CZ,,,,Europe/Prague,423
czptt,-SR70ST-CZ-33772,Velká Kraš,50.362372,17.126906,train,1,,,,,CZ,,,,Europe/Prague,374
czptt,-SR70ST-CZ-33805,Grešlové Mýto,48.984427,15.874282,train,1,,,,,CZ,,,,Europe/Prague,455
czptt,-SR70ST-CZ-33812,Hustopeče nad Bečvou,49.523513,17.86416,train,1,,,,,CZ,,,,Europe/Prague,624
czptt,-SR70ST-CZ-33825,Hodonice,48.84143,16.164524,train,1,,,,,CZ,,,,Europe/Prague,529
czptt,-SR70ST-CZ-33842,Jablůnka,49.37701,17.947307,train,1,,,,,CZ,,,,Europe/Prague,639
czptt,-SR70ST-CZ-33845,Hodonín,48.855759,17.120943,train,1,,,,,CZ,,,,Europe/Prague,1227
czptt,-SR70ST-CZ-33852,Bystřička,49.417244,17.958769,train,1,,,,,CZ,,,,Europe/Prague,637
czptt,-SR70ST-CZ-33855,Holešov,49.32679,17.569954,train,1,,,,,CZ,,,,Europe/Prague,609
czptt,-SR70ST-CZ-33862,Javorník ve Sl.,50.394792,17.01563,train,1,,,,,CZ,,,,Europe/Prague,374
czptt,-SR70ST-CZ-33872,Bernartice u Javorníka,50.396634,17.081583,train,1,,,,,CZ,,,,Europe/Prague,374
czptt,-SR70ST-CZ-33885,Holubice,49.180174,16.825379,train,1,,,,,CZ,,,,Europe/Prague,131
czptt,-SR70ST-CZ-33892,Jeseník,50.227403,17.192479,train,1,,,,,CZ,,,,Europe/Prague,826
czptt,-SR70ST-CZ-33895,Hradčovice,49.044252,17.573359,train,1,,,,,CZ,,,,Europe/Prague,517
czptt,-SR70ST-CZ-33902,Jindřichov na Moravě,50.098634,16.988671,train,1,,,,,CZ,,,,Europe/Prague,519
czptt,-SR70ST-CZ-33904,Krnov,50.089817,17.683295,train,1,,,,,CZ,,,,Europe/Prague,1388
czptt,-SR70ST-CZ-33905,Hrušky,48.78381,16.938769,train,1,,,,,CZ,,,,Europe/Prague,0
czptt,-SR70ST-CZ-33925,Hrušovany nad Jevišovkou-Šanov,48.810435,16.382428,train,1,,,,,CZ,,,,Europe/Prague,712
czptt,-SR70ST-CZ-33934,Kunčice pod Ondřejníkem,49.534811,18.295188,train,1,,,,,CZ,,,,Europe/Prague,948
czptt,-SR70ST-CZ-33952,Kouty nad Desnou,50.09881,17.104341,train,1,,,,,CZ,,,,Europe/Prague,853
czptt,-SR70ST-CZ-33955,Hrušovany u Brna,49.0346,16.591231,train,1,,,,,CZ,,,,Europe/Prague,2363
czptt,-SR70ST-CZ-33962,Loučná nad Desnou,50.071301,17.086414,train,1,,,,,CZ,,,,Europe/Prague,852
czptt,-SR70ST-CZ-33972,Loučná n.Des.-R. nz,50.088466,17.090775,train,1,,,,,CZ,,,,Europe/Prague,853
czptt,-SR70ST-CZ-33974,Lískovec u Frýdku,49.698131,18.328492,train,1,,,,,CZ,,,,Europe/Prague,1049
czptt,-SR70ST-CZ-33982,Libina,49.8789,17.061874,train,1,,,,,CZ,,,,Europe/Prague,499
czptt,-SR70ST-CZ-33984,Louky nad Olší,49.794666,18.587209,train,1,,,,,CZ,,,,Europe/Prague,277
czptt,-SR70ST-CZ-33985,Hulín,49.31678,17.476183,train,1,,,,,CZ,,,,Europe/Prague,1455
czptt,-SR70ST-CZ-34005,Třebětice,49.317731,17.521189,train,1,,,,,CZ,,,,Europe/Prague,570
czptt,-SR70ST-CZ-34015,Hustopeče u Brna,48.936773,16.736953,train,1,,,,,CZ,,,,Europe/Prague,1123
czptt,-SR70ST-CZ-34025,Huštěnovice,49.114805,17.464944,train,1,,,,,CZ,,,,Europe/Prague,183
czptt,-SR70ST-CZ-34034,Město Albrechtice,50.168108,17.578718,train,1,,,,,CZ,,,,Europe/Prague,343
czptt,-SR70ST-CZ-34037,Chornice,49.677135,16.745038,train,1,,,,,CZ,,,,Europe/Prague,70
czptt,-SR70ST-CZ-34042,Lipník nad Bečvou,49.529294,17.573036,train,1,,,,,CZ,,,,Europe/Prague,1779
czptt,-SR70ST-CZ-34044,Krásné Loučky,50.125258,17.638504,train,1,,,,,CZ,,,,Europe/Prague,343
czptt,-SR70ST-CZ-34052,Lipová Lázně,50.228462,17.131088,train,1,,,,,CZ,,,,Europe/Prague,932
czptt,-SR70ST-CZ-34064,Mladecko,49.894658,17.712517,train,1,,,,,CZ,,,,Europe/Prague,47
czptt,-SR70ST-CZ-34074,Dolní Životice,49.894955,17.774065,train,1,,,,,CZ,,,,Europe/Prague,47
czptt,-SR70ST-CZ-34075,Brno-Chrlice,49.132229,16.657198,train,1,,,,,CZ,,,,Europe/Prague,1107
czptt,-SR70ST-CZ-34082,Litovel,49.712856,17.074605,train,1,,,,,CZ,,,,Europe/Prague,603
czptt,-SR70ST-CZ-34092,Litovel předměstí,49.694258,17.07134,train,1,,,,,CZ,,,,Europe/Prague,616
czptt,-SR70ST-CZ-34104,Mosty u Jablunkova,49.524012,18.751183,train,1,,,,,CZ,,,,Europe/Prague,285
czptt,-SR70ST-CZ-34105,Chropyně,49.369551,17.361111,train,1,,,,,CZ,,,,Europe/Prague,885
czptt,-SR70ST-CZ-34112,Chudobín,49.694572,17.039004,train,1,,,,,CZ,,,,Europe/Prague,49
czptt,-SR70ST-CZ-34115,Věžky,49.408377,17.416271,train,1,,,,,CZ,,,,Europe/Prague,880
czptt,-SR70ST-CZ-34124,Bohumín,49.90101,18.36015,train,1,,,,,CZ,,,,Europe/Prague,2770
czptt,-SR70ST-CZ-34125,Ivančice,49.098248,16.372796,train,1,,,,,CZ,,,,Europe/Prague,811
czptt,-SR70ST-CZ-34132,Mladeč,49.703957,17.002991,train,1,,,,,CZ,,,,Europe/Prague,48
czptt,-SR70ST-CZ-34144,Nový Jičín město,49.598932,18.008604,train,1,,,,,CZ,,,,Europe/Prague,180
czptt,-SR70ST-CZ-34145,Ivanovice na Hané,49.306271,17.087033,train,1,,,,,CZ,,,,Europe/Prague,1023
czptt,-SR70ST-CZ-34162,Lukavice na Moravě,49.825084,16.916646,train,1,,,,,CZ,,,,Europe/Prague,859
czptt,-SR70ST-CZ-34164,Odry,49.669853,17.833393,train,1,,,,,CZ,,,,Europe/Prague,391
czptt,-SR70ST-CZ-34165,Jaroměřice nad Rokytnou,49.094115,15.86542,train,1,,,,,CZ,,,,Europe/Prague,441
czptt,-SR70ST-CZ-34174,Heřmánky,49.713493,17.758298,train,1,,,,,CZ,,,,Europe/Prague,317
czptt,-SR70ST-CZ-34185,Jemnice,49.016009,15.581161,train,1,,,,,CZ,,,,Europe/Prague,62
czptt,-SR70ST-CZ-34194,Opava východ,49.934254,17.909198,train,1,,,,,CZ,,,,Europe/Prague,2580
czptt,-SR70ST-CZ-34197,Jevíčko,49.630926,16.73082,train,1,,,,,CZ,,,,Europe/Prague,0
czptt,-SR70ST-CZ-34204,Opava-Komárov,49.917829,17.959713,train,1,,,,,CZ,,,,Europe/Prague,621
czptt,-SR70ST-CZ-34215,Jihlava,49.415912,15.598971,train,1,,,,,CZ,,,,Europe/Prague,3398
czptt,-SR70ST-CZ-34225,Jihlava město,49.403735,15.582789,train,1,,,,,CZ,,,,Europe/Prague,1840
czptt,-SR70ST-CZ-34232,Mikulovice,50.302146,17.319686,train,1,,,,,CZ,,,,Europe/Prague,328
czptt,-SR70ST-CZ-34234,Opava západ,49.93864,17.88848,train,1,,,,,CZ,,,,Europe/Prague,870
czptt,-SR70ST-CZ-34252,Milotice nad Opavou,50.014205,17.5574,train,1,,,,,CZ,,,,Europe/Prague,836
czptt,-SR70ST-CZ-34262,Kunov,50.037363,17.515899,train,1,,,,,CZ,,,,Europe/Prague,241
czptt,-SR70ST-CZ-34275,Kobylí na Moravě,48.934106,16.881316,train,1,,,,,CZ,,,,Europe/Prague,509
czptt,-SR70ST-CZ-34282,Mohelnice,49.776758,16.942979,train,1,,,,,CZ,,,,Europe/Prague,1697
czptt,-SR70ST-CZ-34292,Moravičany,49.758301,16.968436,train,1,,,,,CZ,,,,Europe/Prague,857
czptt,-SR70ST-CZ-34294,Osoblaha,50.268121,17.722469,train,1,,,,,CZ,,,,Europe/Prague,76
czptt,-SR70ST-CZ-34295,Kojetice na Moravě,49.149447,15.825886,train,1,,,,,CZ,,,,Europe/Prague,365
czptt,-SR70ST-CZ-34302,Moravský Beroun,49.784418,17.432432,train,1,,,,,CZ,,,,Europe/Prague,770
czptt,-SR70ST-CZ-34306,Kojetín,49.345429,17.304819,train,1,,,,,CZ,,,,Europe/Prague,2499
czptt,-SR70ST-CZ-34314,Bohušov,50.24021,17.714956,train,1,,,,,CZ,,,,Europe/Prague,77
czptt,-SR70ST-CZ-34316,Lobodice,49.400394,17.287416,train,1,,,,,CZ,,,,Europe/Prague,65
czptt,-SR70ST-CZ-34354,Slezské Rudoltice,50.212089,17.683391,train,1,,,,,CZ,,,,Europe/Prague,79
czptt,-SR70ST-CZ-34362,Olomouc hl. n.,49.592615,17.278486,train,1,,,,,CZ,,,,Europe/Prague,7214
czptt,-SR70ST-CZ-34364,Ostrava hl. n.,49.85173,18.266873,train,1,,,,,CZ,,,,Europe/Prague,2940
czptt,-SR70ST-CZ-34385,Kostelec na Hané,49.509016,17.065009,train,1,,,,,CZ,,,,Europe/Prague,626
czptt,-SR70ST-CZ-34392,Olomouc-Řepčín,49.616707,17.223894,train,1,,,,,CZ,,,,Europe/Prague,597
czptt,-SR70ST-CZ-34393,Ostrava-Stodolní,49.835112,18.280438,train,1,,,,,CZ,,,,Europe/Prague,1014
czptt,-SR70ST-CZ-34394,Ostrava střed,49.829006,18.282951,train,1,,,,,CZ,,,,Europe/Prague,2160
czptt,-SR70ST-CZ-34402,Olomouc-Nová Ulice,49.587184,17.244585,train,1,,,,,CZ,,,,Europe/Prague,583
czptt,-SR70ST-CZ-34414,Ostrava-Kunčice,49.790262,18.291522,train,1,,,,,CZ,,,,Europe/Prague,2471
czptt,-SR70ST-CZ-34424,Ostrava-Bartovice,49.778968,18.340095,train,1,,,,,CZ,,,,Europe/Prague,678
czptt,-SR70ST-CZ-34434,Ostrava-Svinov,49.820807,18.210158,train,1,,,,,CZ,,,,Europe/Prague,6004
czptt,-SR70ST-CZ-34444,Ostrava-Třebovice,49.842066,18.195734,train,1,,,,,CZ,,,,Europe/Prague,589
czptt,-SR70ST-CZ-34455,Krahulov,49.215255,15.804474,train,1,,,,,CZ,,,,Europe/Prague,403
czptt,-SR70ST-CZ-34464,Ostravice,49.537754,18.393591,train,1,,,,,CZ,,,,Europe/Prague,484
czptt,-SR70ST-CZ-34465,Kralice nad Oslavou,49.192433,16.203678,train,1,,,,,CZ,,,,Europe/Prague,468
czptt,-SR70ST-CZ-34472,Ostružná,50.182961,17.051049,train,1,,,,,CZ,,,,Europe/Prague,523
czptt,-SR70ST-CZ-34475,Kroměříž,49.302111,17.404742,train,1,,,,,CZ,,,,Europe/Prague,895
czptt,-SR70ST-CZ-34514,Paskov,49.736383,18.303272,train,1,,,,,CZ,,,,Europe/Prague,1047
czptt,-SR70ST-CZ-34522,Petrov nad Desnou,50.000756,17.030366,train,1,,,,,CZ,,,,Europe/Prague,994
czptt,-SR70ST-CZ-34524,Petrovice u Karviné,49.893975,18.550339,train,1,,,,,CZ,,,,Europe/Prague,79
czptt,-SR70ST-CZ-34542,Velké Losiny,50.031793,17.042658,train,1,,,,,CZ,,,,Europe/Prague,912
czptt,-SR70ST-CZ-34544,Polom,49.574206,17.856505,train,1,,,,,CZ,,,,Europe/Prague,325
czptt,-SR70ST-CZ-34545,Křenovice hor.n.,49.14357,16.82459,train,1,,,,,CZ,,,,Europe/Prague,640
czptt,-SR70ST-CZ-34562,Písečná,50.278813,17.259921,train,1,,,,,CZ,,,,Europe/Prague,237
czptt,-SR70ST-CZ-34574,Příbor,49.635933,18.142237,train,1,,,,,CZ,,,,Europe/Prague,766
czptt,-SR70ST-CZ-34575,Křižanov,49.385134,16.080264,train,1,,,,,CZ,,,,Europe/Prague,1671
czptt,-SR70ST-CZ-34595,Kunovice,49.051887,17.470267,train,1,,,,,CZ,,,,Europe/Prague,705
czptt,-SR70ST-CZ-34603,"Mošnov, Ostrava Airport",49.693361,18.118666,train,1,,,,,CZ,,,,Europe/Prague,318
czptt,-SR70ST-CZ-34604,Sedlnice,49.672876,18.103485,train,1,,,,,CZ,,,,Europe/Prague,7
czptt,-SR70ST-CZ-34636,Kunovice-Loučka,49.439644,17.818298,train,1,,,,,CZ,,,,Europe/Prague,390
czptt,-SR70ST-CZ-34646,Podhradní Lhota,49.431873,17.797384,train,1,,,,,CZ,,,,Europe/Prague,348
czptt,-SR70ST-CZ-34652,Prosenice,49.503024,17.484967,train,1,,,,,CZ,,,,Europe/Prague,803
czptt,-SR70ST-CZ-34655,Kuřim,49.300968,16.534797,train,1,,,,,CZ,,,,Europe/Prague,2184
czptt,-SR70ST-CZ-34662,Přerov,49.447115,17.445299,train,1,,,,,CZ,,,,Europe/Prague,3994
czptt,-SR70ST-CZ-34664,Skrochovice,50.018253,17.777105,train,1,,,,,CZ,,,,Europe/Prague,458
czptt,-SR70ST-CZ-34675,Kyjov,49.016465,17.122979,train,1,,,,,CZ,,,,Europe/Prague,633
czptt,-SR70ST-CZ-34693,Studénka nákl.n.,49.705025,18.051981,train,1,,,,,CZ,,,,Europe/Prague,3
czptt,-SR70ST-CZ-34694,Studénka,49.707484,18.06624,train,1,,,,,CZ,,,,Europe/Prague,2775
czptt,-SR70ST-CZ-34695,Lanžhot,48.732828,16.962579,train,1,,,,,CZ,,,,Europe/Prague,0
czptt,-SR70ST-CZ-34702,Příkazy,49.638563,17.144405,train,1,,,,,CZ,,,,Europe/Prague,591
czptt,-SR70ST-CZ-34705,Lednice,48.794076,16.801837,train,1,,,,,CZ,,,,Europe/Prague,58
czptt,-SR70ST-CZ-34725,Letovice,49.556091,16.57084,train,1,,,,,CZ,,,,Europe/Prague,1476
czptt,-SR70ST-CZ-34755,Luhačovice,49.09875,17.751453,train,1,,,,,CZ,,,,Europe/Prague,481
czptt,-SR70ST-CZ-34782,Rožnov p.R.,49.460536,18.134551,train,1,,,,,CZ,,,,Europe/Prague,572
czptt,-SR70ST-CZ-34785,Luka nad Jihlavou,49.369641,15.709813,train,1,,,,,CZ,,,,Europe/Prague,387
czptt,-SR70ST-CZ-34792,Střítež nad Bečvou,49.465451,18.064076,train,1,,,,,CZ,,,,Europe/Prague,1
czptt,-SR70ST-CZ-34804,Suchdol nad Odrou,49.641659,17.937537,train,1,,,,,CZ,,,,Europe/Prague,2439
czptt,-SR70ST-CZ-34812,Ruda nad Moravou,49.983886,16.888829,train,1,,,,,CZ,,,,Europe/Prague,671
czptt,-SR70ST-CZ-34815,Luleč,49.248549,16.922839,train,1,,,,,CZ,,,,Europe/Prague,31
czptt,-SR70ST-CZ-34825,Lužice,48.827625,17.062182,train,1,,,,,CZ,,,,Europe/Prague,212
czptt,-SR70ST-CZ-34832,Rýmařov,49.929712,17.284331,train,1,,,,,CZ,,,,Europe/Prague,253
czptt,-SR70ST-CZ-34837,Městečko Trnávka,49.715206,16.724522,train,1,,,,,CZ,,,,Europe/Prague,63
czptt,-SR70ST-CZ-34854,Štítina,49.912571,18.008628,train,1,,,,,CZ,,,,Europe/Prague,954
czptt,-SR70ST-CZ-34855,Mikulov na Moravě,48.802162,16.625374,train,1,,,,,CZ,,,,Europe/Prague,703
czptt,-SR70ST-CZ-34862,Senice na Hané,49.620735,17.099155,train,1,,,,,CZ,,,,Europe/Prague,973
czptt,-SR70ST-CZ-34874,Štramberk,49.582988,18.132517,train,1,,,,,CZ,,,,Europe/Prague,863
czptt,-SR70ST-CZ-34875,Miroslav,48.935235,16.362521,train,1,,,,,CZ,,,,Europe/Prague,266
czptt,-SR70ST-CZ-34892,Sobotín,50.017702,17.06678,train,1,,,,,CZ,,,,Europe/Prague,81
czptt,-SR70ST-CZ-34894,Třemešná ve Slezsku,50.199451,17.574064,train,1,,,,,CZ,,,,Europe/Prague,343
czptt,-SR70ST-CZ-34902,Staré Město pod Sněžníkem,50.162258,16.942059,train,1,,,,,CZ,,,,Europe/Prague,217
czptt,-SR70ST-CZ-34907,Mladějov na Moravě,49.825149,16.588196,train,1,,,,,CZ,,,,Europe/Prague,307
czptt,-SR70ST-CZ-34914,Liptaň,50.223555,17.608732,train,1,,,,,CZ,,,,Europe/Prague,81
czptt,-SR70ST-CZ-34924,Třinec,49.687307,18.661884,train,1,,,,,CZ,,,,Europe/Prague,520
czptt,-SR70ST-CZ-34932,Štěpánov,49.670958,17.221224,train,1,,,,,CZ,,,,Europe/Prague,851
czptt,-SR70ST-CZ-34942,Šternberk,49.720558,17.285918,train,1,,,,,CZ,,,,Europe/Prague,1121
czptt,-SR70ST-CZ-34945,Modřice,49.133446,16.606178,train,1,,,,,CZ,,,,Europe/Prague,2375
czptt,-SR70ST-CZ-34955,Moravská Nová Ves,48.799313,17.021262,train,1,,,,,CZ,,,,Europe/Prague,253
czptt,-SR70ST-CZ-34967,Moravská Třebová,49.766663,16.666291,train,1,,,,,CZ,,,,Europe/Prague,315
czptt,-SR70ST-CZ-34972,Šumperk,49.96178,16.982494,train,1,,,,,CZ,,,,Europe/Prague,2602
czptt,-SR70ST-CZ-34984,Veřovice,49.536925,18.133241,train,1,,,,,CZ,,,,Europe/Prague,1043
czptt,-SR70ST-CZ-34985,Moravské Bránice,49.085109,16.428978,train,1,,,,,CZ,,,,Europe/Prague,1681
czptt,-SR70ST-CZ-35002,Troubelice,49.804367,17.076384,train,1,,,,,CZ,,,,Europe/Prague,0
czptt,-SR70ST-CZ-35004,Vítkov,49.774222,17.747393,train,1,,,,,CZ,,,,Europe/Prague,317
czptt,-SR70ST-CZ-35005,Moravské Budějovice,49.057574,15.809225,train,1,,,,,CZ,,,,Europe/Prague,588
czptt,-SR70ST-CZ-35014,Čermná ve Slezsku,49.788114,17.70946,train,1,,,,,CZ,,,,Europe/Prague,176
czptt,-SR70ST-CZ-35034,Vratimov,49.770765,18.302816,train,1,,,,,CZ,,,,Europe/Prague,1048
czptt,-SR70ST-CZ-35044,Ostrava-Vítkovice,49.801484,18.262381,train,1,,,,,CZ,,,,Europe/Prague,1073
czptt,-SR70ST-CZ-35062,Třebčín,49.550575,17.118141,train,1,,,,,CZ,,,,Europe/Prague,306
czptt,-SR70ST-CZ-35085,Třebelovice,49.020929,15.65771,train,1,,,,,CZ,,,,Europe/Prague,62
czptt,-SR70ST-CZ-35105,Moravský Krumlov,49.046452,16.338275,train,1,,,,,CZ,,,,Europe/Prague,904
czptt,-SR70ST-CZ-35112,Uničov,49.779228,17.115785,train,1,,,,,CZ,,,,Europe/Prague,1064
czptt,-SR70ST-CZ-35122,Újezd u Uničova,49.775167,17.18667,train,1,,,,,CZ,,,,Europe/Prague,952
czptt,-SR70ST-CZ-35125,Moravský Písek,48.978303,17.316008,train,1,,,,,CZ,,,,Europe/Prague,616
czptt,-SR70ST-CZ-35142,Valašská Polanka,49.257961,17.999491,train,1,,,,,CZ,,,,Europe/Prague,257
czptt,-SR70ST-CZ-35145,Mutěnice,48.904646,17.039869,train,1,,,,,CZ,,,,Europe/Prague,188
czptt,-SR70ST-CZ-35162,Valašské Meziříčí,49.474446,17.960948,train,1,,,,,CZ,,,,Europe/Prague,2125
czptt,-SR70ST-CZ-35175,Náměšť nad Oslavou,49.206984,16.147611,train,1,,,,,CZ,,,,Europe/Prague,1477
czptt,-SR70ST-CZ-35182,Hrachovec,49.476151,18.004947,train,1,,,,,CZ,,,,Europe/Prague,419
czptt,-SR70ST-CZ-35185,Napajedla,49.163228,17.504746,train,1,,,,,CZ,,,,Europe/Prague,182
czptt,-SR70ST-CZ-35202,Lhotka nad Bečvou,49.504083,17.933033,train,1,,,,,CZ,,,,Europe/Prague,631
czptt,-SR70ST-CZ-35205,Nedakonice,49.032568,17.375089,train,1,,,,,CZ,,,,Europe/Prague,133
czptt,-SR70ST-CZ-35212,Zašová,49.467878,18.041909,train,1,,,,,CZ,,,,Europe/Prague,571
czptt,-SR70ST-CZ-35215,Nedvědice,49.454437,16.336103,train,1,,,,,CZ,,,,Europe/Prague,451
czptt,-SR70ST-CZ-35222,Valšov,49.933466,17.437098,train,1,,,,,CZ,,,,Europe/Prague,829
czptt,-SR70ST-CZ-35235,Němčice nad Hanou,49.34495,17.216621,train,1,,,,,CZ,,,,Europe/Prague,882
czptt,-SR70ST-CZ-35242,Vápenná,50.284183,17.094659,train,1,,,,,CZ,,,,Europe/Prague,374
czptt,-SR70ST-CZ-35245,Nemotice,49.132989,17.114248,train,1,,,,,CZ,,,,Europe/Prague,564
czptt,-SR70ST-CZ-35265,Nesovice,49.149313,17.080614,train,1,,,,,CZ,,,,Europe/Prague,623
czptt,-SR70ST-CZ-35282,Velká Bystřice,49.59345,17.34503,train,1,,,,,CZ,,,,Europe/Prague,504
czptt,-SR70ST-CZ-35285,Nezamyslice,49.335712,17.161526,train,1,,,,,CZ,,,,Europe/Prague,2411
czptt,-SR70ST-CZ-35312,Velké Karlovice,49.362278,18.30221,train,1,,,,,CZ,,,,Europe/Prague,367
czptt,-SR70ST-CZ-35322,Karolinka,49.350403,18.245698,train,1,,,,,CZ,,,,Europe/Prague,367
czptt,-SR70ST-CZ-35342,Vrbátky,49.501672,17.197994,train,1,,,,,CZ,,,,Europe/Prague,690
czptt,-SR70ST-CZ-35362,Vrbno pod Pradědem,50.117852,17.387844,train,1,,,,,CZ,,,,Europe/Prague,241
czptt,-SR70ST-CZ-35365,Nezdenice,49.022118,17.748929,train,1,,,,,CZ,,,,Europe/Prague,623
czptt,-SR70ST-CZ-35372,Karlovice,50.104824,17.439354,train,1,,,,,CZ,,,,Europe/Prague,241
czptt,-SR70ST-CZ-35385,N. Město na M.,49.568511,16.08052,train,1,,,,,CZ,,,,Europe/Prague,472
czptt,-SR70ST-CZ-35402,Široká Niva,50.066549,17.473433,train,1,,,,,CZ,,,,Europe/Prague,241
czptt,-SR70ST-CZ-35415,Novosedly,48.825731,16.494162,train,1,,,,,CZ,,,,Europe/Prague,512
czptt,-SR70ST-CZ-35442,Vsetín,49.335427,17.99336,train,1,,,,,CZ,,,,Europe/Prague,1579
czptt,-SR70ST-CZ-35443,Vsetín-Bečva,49.320084,17.994553,train,1,,,,,CZ,,,,Europe/Prague,0
czptt,-SR70ST-CZ-35445,Okříšky,49.248019,15.770859,train,1,,,,,CZ,,,,Europe/Prague,2036
czptt,-SR70ST-CZ-35452,Hovězí,49.304896,18.059691,train,1,,,,,CZ,,,,Europe/Prague,367
czptt,-SR70ST-CZ-35465,Olbramkostel,48.903071,15.949756,train,1,,,,,CZ,,,,Europe/Prague,381
czptt,-SR70ST-CZ-35475,Osíčko,49.423075,17.742459,train,1,,,,,CZ,,,,Europe/Prague,423
czptt,-SR70ST-CZ-35485,Oslavany,49.119032,16.346253,train,1,,,,,CZ,,,,Europe/Prague,1
czptt,-SR70ST-CZ-35495,Uherský Ostroh,48.981791,17.403419,train,1,,,,,CZ,,,,Europe/Prague,684
czptt,-SR70ST-CZ-35502,Zábřeh na Moravě,49.87196,16.887454,train,1,,,,,CZ,,,,Europe/Prague,3122
czptt,-SR70ST-CZ-35505,Ostrov nad Oslavou,49.495817,15.991881,train,1,,,,,CZ,,,,Europe/Prague,249
czptt,-SR70ST-CZ-35512,Postřelmov,49.909568,16.922492,train,1,,,,,CZ,,,,Europe/Prague,1515
czptt,-SR70ST-CZ-35522,Zlaté Hory,50.259325,17.383144,train,1,,,,,CZ,,,,Europe/Prague,111
czptt,-SR70ST-CZ-35555,Ostrožská Nová Ves,49.009672,17.436418,train,1,,,,,CZ,,,,Europe/Prague,683
czptt,-SR70ST-CZ-35572,Žulová,50.307889,17.102794,train,1,,,,,CZ,,,,Europe/Prague,374
czptt,-SR70ST-CZ-35575,Otrokovice,49.203782,17.530885,train,1,,,,,CZ,,,,Europe/Prague,1220
czptt,-SR70ST-CZ-35605,Podivín,48.838144,16.853286,train,1,,,,,CZ,,,,Europe/Prague,344
czptt,-SR70ST-CZ-35637,Pohled,49.600221,15.657808,train,1,,,,,CZ,,,,Europe/Prague,337
czptt,-SR70ST-CZ-35685,Poštorná,48.750731,16.851984,train,1,,,,,CZ,,,,Europe/Prague,58
czptt,-SR70ST-CZ-35705,Prostějov hl. n.,49.472043,17.129558,train,1,,,,,CZ,,,,Europe/Prague,2128
czptt,-SR70ST-CZ-35725,Prostějov místní nádraží,49.478924,17.111601,train,1,,,,,CZ,,,,Europe/Prague,536
czptt,-SR70ST-CZ-35737,Přibyslav,49.569496,15.743913,train,1,,,,,CZ,,,,Europe/Prague,1022
czptt,-SR70ST-CZ-35775,Ptení,49.529564,16.957665,train,1,,,,,CZ,,,,Europe/Prague,317
czptt,-SR70ST-CZ-35805,Rájec-Jestřebí,49.406953,16.628058,train,1,,,,,CZ,,,,Europe/Prague,1434
czptt,-SR70ST-CZ-35835,Rakšice,49.014266,16.345106,train,1,,,,,CZ,,,,Europe/Prague,743
czptt,-SR70ST-CZ-35855,Rapotice,49.183458,16.257586,train,1,,,,,CZ,,,,Europe/Prague,659
czptt,-SR70ST-CZ-35875,Rohatec,48.892687,17.198231,train,1,,,,,CZ,,,,Europe/Prague,641
czptt,-SR70ST-CZ-35905,Rousínov,49.197053,16.867673,train,1,,,,,CZ,,,,Europe/Prague,45
czptt,-SR70ST-CZ-35925,Rožná,49.472851,16.245285,train,1,,,,,CZ,,,,Europe/Prague,284
czptt,-SR70ST-CZ-35945,Řikonín,49.365121,16.308547,train,1,,,,,CZ,,,,Europe/Prague,711
czptt,-SR70ST-CZ-35956,Říkovice,49.37897,17.453995,train,1,,,,,CZ,,,,Europe/Prague,159
czptt,-SR70ST-CZ-35965,Sázava u Žďáru,49.562777,15.847264,train,1,,,,,CZ,,,,Europe/Prague,355
czptt,-SR70ST-CZ-35975,Silůvky,49.108166,16.462647,train,1,,,,,CZ,,,,Europe/Prague,876
czptt,-SR70ST-CZ-35985,Skalice n. Svit.,49.480148,16.609782,train,1,,,,,CZ,,,,Europe/Prague,1733
czptt,-SR70ST-CZ-36055,Sklené nad Oslavou,49.437227,16.053904,train,1,,,,,CZ,,,,Europe/Prague,245
czptt,-SR70ST-CZ-36075,Slavičín,49.074086,17.899349,train,1,,,,,CZ,,,,Europe/Prague,423
czptt,-SR70ST-CZ-36105,Slavkov u Brna,49.144988,16.873599,train,1,,,,,CZ,,,,Europe/Prague,621
czptt,-SR70ST-CZ-36125,Sokolnice-Telnice,49.107953,16.733885,train,1,,,,,CZ,,,,Europe/Prague,973
czptt,-SR70ST-CZ-36145,St. Město u U.H.,49.076342,17.423031,train,1,,,,,CZ,,,,Europe/Prague,1960
czptt,-SR70ST-CZ-36165,Stařeč,49.195185,15.804361,train,1,,,,,CZ,,,,Europe/Prague,368
czptt,-SR70ST-CZ-36175,Bzenec přívoz,48.936855,17.289409,train,1,,,,,CZ,,,,Europe/Prague,127
czptt,-SR70ST-CZ-36185,Střelice,49.154018,16.484155,train,1,,,,,CZ,,,,Europe/Prague,1708
czptt,-SR70ST-CZ-36225,Studenec,49.22246,16.069019,train,1,,,,,CZ,,,,Europe/Prague,580
czptt,-SR70ST-CZ-36245,Šakvice,48.912957,16.705098,train,1,,,,,CZ,,,,Europe/Prague,1445
czptt,-SR70ST-CZ-36275,Šatov,48.780091,16.025811,train,1,,,,,CZ,,,,Europe/Prague,181
czptt,-SR70ST-CZ-36285,Šebetov,49.554236,16.699033,train,1,,,,,CZ,,,,Europe/Prague,19
czptt,-SR70ST-CZ-36305,Knínice u Boskovic,49.534704,16.689499,train,1,,,,,CZ,,,,Europe/Prague,16
czptt,-SR70ST-CZ-36327,Šlapanov,49.545238,15.652648,train,1,,,,,CZ,,,,Europe/Prague,497
czptt,-SR70ST-CZ-36345,Šlapanice,49.156788,16.729389,train,1,,,,,CZ,,,,Europe/Prague,288
czptt,-SR70ST-CZ-36365,Šumná,48.923103,15.874314,train,1,,,,,CZ,,,,Europe/Prague,498
czptt,-SR70ST-CZ-36374,Tetčice,49.172403,16.407847,train,1,,,,,CZ,,,,Europe/Prague,393
czptt,-SR70ST-CZ-36375,Tetčice,49.173708,16.402512,train,1,,,,,CZ,,,,Europe/Prague,518
czptt,-SR70ST-CZ-36395,Tišnov,49.347325,16.417669,train,1,,,,,CZ,,,,Europe/Prague,3248
czptt,-SR70ST-CZ-36475,Tlumačov,49.25377,17.501482,train,1,,,,,CZ,,,,Europe/Prague,263
czptt,-SR70ST-CZ-36496,Tovačov,49.425666,17.282046,train,1,,,,,CZ,,,,Europe/Prague,66
czptt,-SR70ST-CZ-36555,Třebíč,49.211499,15.883974,train,1,,,,,CZ,,,,Europe/Prague,1817
czptt,-SR70ST-CZ-36575,Uherské Hradiště,49.066856,17.457186,train,1,,,,,CZ,,,,Europe/Prague,1851
czptt,-SR70ST-CZ-36585,Uherský Brod,49.022079,17.642683,train,1,,,,,CZ,,,,Europe/Prague,1337
czptt,-SR70ST-CZ-36615,Újezdec u Luhačovic,49.032824,17.685303,train,1,,,,,CZ,,,,Europe/Prague,1134
czptt,-SR70ST-CZ-36635,Valašské Klobouky,49.142196,18.022696,train,1,,,,,CZ,,,,Europe/Prague,403
czptt,-SR70ST-CZ-36655,Valtice,48.747394,16.743137,train,1,,,,,CZ,,,,Europe/Prague,282
czptt,-SR70ST-CZ-36665,Sedlec u Mikulova,48.774799,16.696639,train,1,,,,,CZ,,,,Europe/Prague,576
czptt,-SR70ST-CZ-36685,Velké Meziříčí,49.346089,16.021415,train,1,,,,,CZ,,,,Europe/Prague,357
czptt,-SR70ST-CZ-36705,Oslavice,49.338334,15.988861,train,1,,,,,CZ,,,,Europe/Prague,162
czptt,-SR70ST-CZ-36725,Budišov u Třebíče,49.272566,16.008955,train,1,,,,,CZ,,,,Europe/Prague,162
czptt,-SR70ST-CZ-36735,Rudíkov,49.297848,15.951014,train,1,,,,,CZ,,,,Europe/Prague,162
czptt,-SR70ST-CZ-36755,Velké Opatovice,49.611341,16.690736,train,1,,,,,CZ,,,,Europe/Prague,18
czptt,-SR70ST-CZ-36765,Velké Pavlovice,48.889939,16.823596,train,1,,,,,CZ,,,,Europe/Prague,505
czptt,-SR70ST-CZ-36795,Veselí nad Moravou,48.948681,17.382358,train,1,,,,,CZ,,,,Europe/Prague,1655
czptt,-SR70ST-CZ-36805,Vizovice,49.220105,17.843265,train,1,,,,,CZ,,,,Europe/Prague,324
czptt,-SR70ST-CZ-36825,Vladislav,49.212572,15.966024,train,1,,,,,CZ,,,,Europe/Prague,9
czptt,-SR70ST-CZ-36835,Vlkoš,48.987865,17.166539,train,1,,,,,CZ,,,,Europe/Prague,342
czptt,-SR70ST-CZ-36845,Vlkov u Tišnova,49.322888,16.213444,train,1,,,,,CZ,,,,Europe/Prague,396
czptt,-SR70ST-CZ-36846,Vlkov-Osová,49.327011,16.200918,train,1,,,,,CZ,,,,Europe/Prague,313
czptt,-SR70ST-CZ-36875,Vranovice,48.964442,16.604244,train,1,,,,,CZ,,,,Europe/Prague,1149
czptt,-SR70ST-CZ-36895,Vyškov na Moravě,49.278843,16.991836,train,1,,,,,CZ,,,,Europe/Prague,2165
czptt,-SR70ST-CZ-36905,Zaječí,48.889489,16.781769,train,1,,,,,CZ,,,,Europe/Prague,829
czptt,-SR70ST-CZ-36915,Zastávka u Brna,49.187753,16.357966,train,1,,,,,CZ,,,,Europe/Prague,1437
czptt,-SR70ST-CZ-36935,Zdounky,49.229039,17.315871,train,1,,,,,CZ,,,,Europe/Prague,134
czptt,-SR70ST-CZ-36945,Zborovice,49.25362,17.282767,train,1,,,,,CZ,,,,Europe/Prague,123
czptt,-SR70ST-CZ-36955,Znojmo,48.852572,16.05881,train,1,,,,,CZ,,,,Europe/Prague,1234
czptt,-SR70ST-CZ-37015,Žďár n.S.,49.553929,15.938837,train,1,,,,,CZ,,,,Europe/Prague,1770
czptt,-SR70ST-CZ-37025,Veselíčko,49.555532,16.003222,train,1,,,,,CZ,,,,Europe/Prague,429
czptt,-SR70ST-CZ-37055,Lípa nad Dřevnicí,49.216019,17.769606,train,1,,,,,CZ,,,,Europe/Prague,324
czptt,-SR70ST-CZ-37075,Židlochovice,49.032301,16.617063,train,1,,,,,CZ,,,,Europe/Prague,1233
czptt,-SR70ST-CZ-37085,Sudoměřice nad Moravou,48.871329,17.242616,train,1,,,,,CZ,,,,Europe/Prague,509
czptt,-SR70ST-CZ-37095,Strážnice,48.897556,17.318811,train,1,,,,,CZ,,,,Europe/Prague,646
czptt,-SR70ST-CZ-37125,Blatnice pod Svatým Antonínkem,48.940659,17.439375,train,1,,,,,CZ,,,,Europe/Prague,436
czptt,-SR70ST-CZ-37135,Lipov,48.909832,17.457734,train,1,,,,,CZ,,,,Europe/Prague,429
czptt,-SR70ST-CZ-37145,Velká nad Veličkou,48.878936,17.510576,train,1,,,,,CZ,,,,Europe/Prague,480
czptt,-SR70ST-CZ-37185,Vlárský průsmyk,49.032871,18.053089,train,1,,,,,CZ,,,,Europe/Prague,49
czptt,-SR70ST-CZ-38000,Bohumín přednádraží,49.893896,18.346594,train,1,,,,,CZ,,,,Europe/Prague,3
czptt,-SR70ST-CZ-38001,Břeclav přednádraží,48.768074,16.906481,train,1,,,,,CZ,,,,Europe/Prague,1
czptt,-SR70ST-CZ-38002,Český Těšín,49.737825,18.623112,train,1,,,,,CZ,,,,Europe/Prague,1
czptt,-SR70ST-CZ-38004,Olomouc přednádraží,49.611922,17.269367,train,1,,,,,CZ,,,,Europe/Prague,3
czptt,-SR70ST-CZ-38006,Třemešná ve Sl. ú.r.,50.200092,17.574196,train,1,,,,,CZ,,,,Europe/Prague,81
czptt,-SR70ST-CZ-38014,Ostrava levé nádraží,49.843196,18.251347,train,1,,,,,CZ,,,,Europe/Prague,0
czptt,-SR70ST-CZ-38015,Brno dolní nádraží,49.182051,16.615216,train,1,,,,,CZ,,,,Europe/Prague,337
czptt,-SR70ST-CZ-38020,Darkov,49.831791,18.526781,train,1,,,,,CZ,,,,Europe/Prague,2
czptt,-SR70ST-CZ-38026,Brno hl.n. přednádr.,49.183283,16.607297,train,1,,,,,CZ,,,,Europe/Prague,0
czptt,-SR70ST-CZ-38034,Ostrava hl.n.,49.850368,18.266931,train,1,,,,,CZ,,,,Europe/Prague,2289
czptt,-SR70ST-CZ-38042,Dluhonice výhybna,49.451455,17.403598,train,1,,,,,CZ,,,,Europe/Prague,3
czptt,-SR70ST-CZ-38044,Ostrava báňské n. VOK,49.844062,18.27435,train,1,,,,,CZ,,,,Europe/Prague,1
czptt,-SR70ST-CZ-38073,Kopřivnice nákl.nádr,49.611132,18.148896,train,1,,,,,CZ,,,,Europe/Prague,0
czptt,-SR70ST-CZ-38084,Bohumín-Vrbice,49.881618,18.323448,train,1,,,,,CZ,,,,Europe/Prague,4
czptt,-SR70ST-CZ-38114,Karviná-Doly,49.83598,18.519801,train,1,,,,,CZ,,,,Europe/Prague,1
czptt,-SR70ST-CZ-38124,ÚZK,49.822886,18.481808,train,1,,,,,CZ,,,,Europe/Prague,6
czptt,-SR70ST-CZ-38143,ČSM jih,49.804365,18.557354,train,1,,,,,CZ,,,,Europe/Prague,2
czptt,-SR70ST-CZ-38154,Ostrava-důl Zárubek,49.826082,18.300365,train,1,,,,,CZ,,,,Europe/Prague,9
czptt,-SR70ST-CZ-38314,Polanka nad Odrou výhybna,49.787769,18.1943,train,1,,,,,CZ,,,,Europe/Prague,51
czptt,-SR70ST-CZ-53006,Praha-Běchovice střed,50.083523,14.614573,train,1,,,,,CZ,,,,Europe/Prague,1359
czptt,-SR70ST-CZ-53011,Dobšice nad Cidlinou,50.140101,15.263655,train,1,,,,,CZ,,,,Europe/Prague,554
czptt,-SR70ST-CZ-53014,Všetaty,50.282425,14.584542,train,1,,,,,CZ,,,,Europe/Prague,1683
czptt,-SR70ST-CZ-53016,Praha-Běchovice,50.082234,14.598245,train,1,,,,,CZ,,,,Europe/Prague,2038
czptt,-SR70ST-CZ-53018,Mělník,50.352977,14.492428,train,1,,,,,CZ,,,,Europe/Prague,812
czptt,-SR70ST-CZ-53024,Dřísy,50.242736,14.634375,train,1,,,,,CZ,,,,Europe/Prague,106
czptt,-SR70ST-CZ-53026,Praha-Žvahov,50.045649,14.402396,train,1,,,,,CZ,,,,Europe/Prague,580
czptt,-SR70ST-CZ-53030,Převýšov,50.152656,15.407364,train,1,,,,,CZ,,,,Europe/Prague,541
czptt,-SR70ST-CZ-53040,Choťovice,50.146016,15.329104,train,1,,,,,CZ,,,,Europe/Prague,0
czptt,-SR70ST-CZ-53044,Stará Boleslav,50.209765,14.692352,train,1,,,,,CZ,,,,Europe/Prague,316
czptt,-SR70ST-CZ-53046,Úvaly,50.075085,14.722456,train,1,,,,,CZ,,,,Europe/Prague,1996
czptt,-SR70ST-CZ-53050,Chlumec nad Cidlinou,50.163565,15.457283,train,1,,,,,CZ,,,,Europe/Prague,2116
czptt,-SR70ST-CZ-53058,Liběchov,50.414386,14.435746,train,1,,,,,CZ,,,,Europe/Prague,121
czptt,-SR70ST-CZ-53060,Nové Město nad Cidlinou,50.150222,15.502185,train,1,,,,,CZ,,,,Europe/Prague,372
czptt,-SR70ST-CZ-53066,Český Brod,50.076706,14.867044,train,1,,,,,CZ,,,,Europe/Prague,2054
czptt,-SR70ST-CZ-53069,Štětí,50.456531,14.393912,train,1,,,,,CZ,,,,Europe/Prague,367
czptt,-SR70ST-CZ-53070,Káranice,50.155128,15.561326,train,1,,,,,CZ,,,,Europe/Prague,315
czptt,-SR70ST-CZ-53079,Hoštka,50.491513,14.327582,train,1,,,,,CZ,,,,Europe/Prague,159
czptt,-SR70ST-CZ-53080,Dobřenice,50.159697,15.656852,train,1,,,,,CZ,,,,Europe/Prague,372
czptt,-SR70ST-CZ-53089,Polepy,50.510987,14.267529,train,1,,,,,CZ,,,,Europe/Prague,161
czptt,-SR70ST-CZ-53096,Poříčany,50.111248,14.922794,train,1,,,,,CZ,,,,Europe/Prague,1308
czptt,-SR70ST-CZ-53099,Litoměřice dolní nádraží,50.532107,14.154681,train,1,,,,,CZ,,,,Europe/Prague,1
czptt,-SR70ST-CZ-53110,Praskačka,50.175199,15.731474,train,1,,,,,CZ,,,,Europe/Prague,321
czptt,-SR70ST-CZ-53114,Lysá nad Labem,50.195641,14.841838,train,1,,,,,CZ,,,,Europe/Prague,2773
czptt,-SR70ST-CZ-53116,Pečky,50.089788,15.02718,train,1,,,,,CZ,,,,Europe/Prague,1259
czptt,-SR70ST-CZ-53120,Hradec Král. hl. n.,50.214593,15.810363,train,1,,,,,CZ,,,,Europe/Prague,4834
czptt,-SR70ST-CZ-53129,Velké Žernoseky,50.526159,14.080471,train,1,,,,,CZ,,,,Europe/Prague,208
czptt,-SR70ST-CZ-53134,Kostomlaty nad Labem,50.18597,14.961675,train,1,,,,,CZ,,,,Europe/Prague,1021
czptt,-SR70ST-CZ-53140,Hradec Králové-Slezské Předměstí,50.221836,15.859563,train,1,,,,,CZ,,,,Europe/Prague,970
czptt,-SR70ST-CZ-53149,Sebuzín,50.59293,14.053388,train,1,,,,,CZ,,,,Europe/Prague,60
czptt,-SR70ST-CZ-53156,Velim,50.067841,15.123708,train,1,,,,,CZ,,,,Europe/Prague,842
czptt,-SR70ST-CZ-53159,Ústí n.L. západ,50.658149,14.029697,train,1,,,,,CZ,,,,Europe/Prague,1878
czptt,-SR70ST-CZ-53160,Třebechovice pod Orebem,50.200007,15.982306,train,1,,,,,CZ,,,,Europe/Prague,971
czptt,-SR70ST-CZ-53179,Ústí n. L. hl. n.,50.65915,14.044078,train,1,,,,,CZ,,,,Europe/Prague,3990
czptt,-SR70ST-CZ-53180,Týniště nad Orlicí,50.154167,16.074888,train,1,,,,,CZ,,,,Europe/Prague,2155
czptt,-SR70ST-CZ-53186,Karlštejn,49.931949,14.175332,train,1,,,,,CZ,,,,Europe/Prague,2611
czptt,-SR70ST-CZ-53199,Ústí nad Labem sever,50.66426,14.080619,train,1,,,,,CZ,,,,Europe/Prague,607
czptt,-SR70ST-CZ-53200,Častolovice,50.12846,16.173691,train,1,,,,,CZ,,,,Europe/Prague,1359
czptt,-SR70ST-CZ-53206,Zadní Třebaň,49.918805,14.20321,train,1,,,,,CZ,,,,Europe/Prague,2908
czptt,-SR70ST-CZ-53209,Ústí n.L.-Střekov,50.650008,14.0486,train,1,,,,,CZ,,,,Europe/Prague,734
czptt,-SR70ST-CZ-53214,Nymburk hl. n.,50.193374,15.045512,train,1,,,,,CZ,,,,Europe/Prague,3575
czptt,-SR70ST-CZ-53216,Řevnice,49.916458,14.238839,train,1,,,,,CZ,,,,Europe/Prague,3430
czptt,-SR70ST-CZ-53226,Dobřichovice,49.927449,14.287925,train,1,,,,,CZ,,,,Europe/Prague,3354
czptt,-SR70ST-CZ-53234,Poděbrady,50.149641,15.123755,train,1,,,,,CZ,,,,Europe/Prague,2440
czptt,-SR70ST-CZ-53239,Trmice,50.647452,13.987103,train,1,,,,,CZ,,,,Europe/Prague,246
czptt,-SR70ST-CZ-53240,Kostelec nad Orlicí,50.11655,16.224067,train,1,,,,,CZ,,,,Europe/Prague,235
czptt,-SR70ST-CZ-53254,Libice nad Cidlinou,50.127791,15.182852,train,1,,,,,CZ,,,,Europe/Prague,965
czptt,-SR70ST-CZ-53256,Praha-Radotín,49.985951,14.364241,train,1,,,,,CZ,,,,Europe/Prague,3767
czptt,-SR70ST-CZ-53260,Doudleby nad Orlicí,50.109347,16.25882,train,1,,,,,CZ,,,,Europe/Prague,872
czptt,-SR70ST-CZ-53279,Krupka-Bohosudov,50.672359,13.878701,train,1,,,,,CZ,,,,Europe/Prague,206
czptt,-SR70ST-CZ-53280,Potštejn,50.083778,16.315228,train,1,,,,,CZ,,,,Europe/Prague,391
czptt,-SR70ST-CZ-53287,Trnovany,50.319322,13.597189,train,1,,,,,CZ,,,,Europe/Prague,180
czptt,-SR70ST-CZ-53289,Teplice v Čechách,50.646531,13.829342,train,1,,,,,CZ,,,,Europe/Prague,1430
czptt,-SR70ST-CZ-53300,Litice nad Orlicí,50.087091,16.357888,train,1,,,,,CZ,,,,Europe/Prague,366
czptt,-SR70ST-CZ-53309,Řetenice,50.642489,13.800875,train,1,,,,,CZ,,,,Europe/Prague,1036
czptt,-SR70ST-CZ-53314,Velký Osek,50.101881,15.193464,train,1,,,,,CZ,,,,Europe/Prague,1991
czptt,-SR70ST-CZ-53319,Oldřichov u Duchcova,50.639933,13.765102,train,1,,,,,CZ,,,,Europe/Prague,0
czptt,-SR70ST-CZ-53320,Žamberk,50.073775,16.450023,train,1,,,,,CZ,,,,Europe/Prague,409
czptt,-SR70ST-CZ-53330,Letohrad,50.031482,16.507757,train,1,,,,,CZ,,,,Europe/Prague,1012
czptt,-SR70ST-CZ-53337,Měcholupy,50.266367,13.531234,train,1,,,,,CZ,,,,Europe/Prague,298
czptt,-SR70ST-CZ-53376,Krupá,50.169715,13.723022,train,1,,,,,CZ,,,,Europe/Prague,339
czptt,-SR70ST-CZ-53379,Most nové nádraží,50.543533,13.618853,train,1,,,,,CZ,,,,Europe/Prague,0
czptt,-SR70ST-CZ-53380,Lanšperk,49.992701,16.447336,train,1,,,,,CZ,,,,Europe/Prague,459
czptt,-SR70ST-CZ-53396,Kolešovice,50.135682,13.60351,train,1,,,,,CZ,,,,Europe/Prague,49
czptt,-SR70ST-CZ-53399,Most,50.511505,13.658014,train,1,,,,,CZ,,,,Europe/Prague,3611
czptt,-SR70ST-CZ-53400,Jablonné nad Orlicí,50.026408,16.59465,train,1,,,,,CZ,,,,Europe/Prague,519
czptt,-SR70ST-CZ-53409,Třebušice,50.525304,13.585075,train,1,,,,,CZ,,,,Europe/Prague,255
czptt,-SR70ST-CZ-53414,Kolín,50.025832,15.212705,train,1,,,,,CZ,,,,Europe/Prague,7832
czptt,-SR70ST-CZ-53416,Kněževes,50.14224,13.640666,train,1,,,,,CZ,,,,Europe/Prague,50
czptt,-SR70ST-CZ-53420,Těchonín,50.068861,16.60811,train,1,,,,,CZ,,,,Europe/Prague,449
czptt,-SR70ST-CZ-53430,Lichkov,50.097408,16.659223,train,1,,,,,CZ,,,,Europe/Prague,653
czptt,-SR70ST-CZ-53444,Kolín místní nádraží,50.015276,15.223003,train,1,,,,,CZ,,,,Europe/Prague,162
czptt,-SR70ST-CZ-53454,Záboří n.L.,50.031,15.34903,train,1,,,,,CZ,,,,Europe/Prague,822
czptt,-SR70ST-CZ-53456,Lužná u Rakovníka,50.144928,13.770291,train,1,,,,,CZ,,,,Europe/Prague,908
czptt,-SR70ST-CZ-53459,Kyjice,50.510188,13.485316,train,1,,,,,CZ,,,,Europe/Prague,0
czptt,-SR70ST-CZ-53460,Dolní Lipka,50.089395,16.721191,train,1,,,,,CZ,,,,Europe/Prague,538
czptt,-SR70ST-CZ-53476,Řevničov,50.149096,13.832918,train,1,,,,,CZ,,,,Europe/Prague,265
czptt,-SR70ST-CZ-53480,Červený Potok,50.104712,16.783777,train,1,,,,,CZ,,,,Europe/Prague,111
czptt,-SR70ST-CZ-53483,Řečany n.L.,50.031741,15.478812,train,1,,,,,CZ,,,,Europe/Prague,820
czptt,-SR70ST-CZ-53486,Nové Strašecí,50.152021,13.881846,train,1,,,,,CZ,,,,Europe/Prague,528
czptt,-SR70ST-CZ-53489,Chomutov,50.456766,13.39954,train,1,,,,,CZ,,,,Europe/Prague,1876
czptt,-SR70ST-CZ-53496,Stochov,50.1412,13.965527,train,1,,,,,CZ,,,,Europe/Prague,575
czptt,-SR70ST-CZ-53499,Černovice u Chomutova,50.454323,13.363401,train,1,,,,,CZ,,,,Europe/Prague,49
czptt,-SR70ST-CZ-53500,Králíky,50.080586,16.756136,train,1,,,,,CZ,,,,Europe/Prague,419
czptt,-SR70ST-CZ-53513,Přelouč,50.039812,15.5739,train,1,,,,,CZ,,,,Europe/Prague,1848
czptt,-SR70ST-CZ-53516,Kladno,50.127827,14.113871,train,1,,,,,CZ,,,,Europe/Prague,2190
czptt,-SR70ST-CZ-53519,Klášterec nad Ohří,50.385064,13.196117,train,1,,,,,CZ,,,,Europe/Prague,647
czptt,-SR70ST-CZ-53520,Červená Voda,50.046977,16.746511,train,1,,,,,CZ,,,,Europe/Prague,270
czptt,-SR70ST-CZ-53526,Kamenné Žehrovice,50.140277,14.03798,train,1,,,,,CZ,,,,Europe/Prague,216
czptt,-SR70ST-CZ-53530,Moravský Karlov,50.025683,16.753158,train,1,,,,,CZ,,,,Europe/Prague,271
czptt,-SR70ST-CZ-53549,Kadaň-Prunéřov,50.411362,13.258345,train,1,,,,,CZ,,,,Europe/Prague,1328
czptt,-SR70ST-CZ-53556,Kladno město,50.140845,14.085182,train,1,,,,,CZ,,,,Europe/Prague,900
czptt,-SR70ST-CZ-53566,Kladno-Dubí,50.163416,14.129862,train,1,,,,,CZ,,,,Europe/Prague,567
czptt,-SR70ST-CZ-53569,Kadaň předměstí,50.376747,13.276789,train,1,,,,,CZ,,,,Europe/Prague,492
czptt,-SR70ST-CZ-53570,Štíty,49.970309,16.754656,train,1,,,,,CZ,,,,Europe/Prague,2
czptt,-SR70ST-CZ-53579,Poláky,50.336398,13.349901,train,1,,,,,CZ,,,,Europe/Prague,73
czptt,-SR70ST-CZ-53580,Podlesí,50.090705,16.849434,train,1,,,,,CZ,,,,Europe/Prague,98
czptt,-SR70ST-CZ-53589,Želina,50.363308,13.285598,train,1,,,,,CZ,,,,Europe/Prague,73
czptt,-SR70ST-CZ-53599,Vilémov u Kadaně,50.308098,13.332012,train,1,,,,,CZ,,,,Europe/Prague,90
czptt,-SR70ST-CZ-53610,Broumov,50.580665,16.339566,train,1,,,,,CZ,,,,Europe/Prague,611
czptt,-SR70ST-CZ-53613,Pardubice hl. n.,50.03167,15.757556,train,1,,,,,CZ,,,,Europe/Prague,7211
czptt,-SR70ST-CZ-53616,Kladno-Ostrovec,50.147281,14.085537,train,1,,,,,CZ,,,,Europe/Prague,1356
czptt,-SR70ST-CZ-53619,Krásný Dvůr,50.255673,13.368231,train,1,,,,,CZ,,,,Europe/Prague,68
czptt,-SR70ST-CZ-53626,Unhošť,50.105233,14.13606,train,1,,,,,CZ,,,,Europe/Prague,991
czptt,-SR70ST-CZ-53636,Jeneč,50.094329,14.211543,train,1,,,,,CZ,,,,Europe/Prague,1057
czptt,-SR70ST-CZ-53644,Pardubice centrum,50.031646,15.772532,train,1,,,,,CZ,,,,Europe/Prague,1229
czptt,-SR70ST-CZ-53653,Kostěnice,50.012834,15.897656,train,1,,,,,CZ,,,,Europe/Prague,811
czptt,-SR70ST-CZ-53656,Hostivice,50.084132,14.258448,train,1,,,,,CZ,,,,Europe/Prague,2875
czptt,-SR70ST-CZ-53673,Moravany,50.002195,15.946458,train,1,,,,,CZ,,,,Europe/Prague,1044
czptt,-SR70ST-CZ-53677,Chlumčany u Loun,50.344391,13.845561,train,1,,,,,CZ,,,,Europe/Prague,193
czptt,-SR70ST-CZ-53679,Kadaňský Rohozec,50.283631,13.225744,train,1,,,,,CZ,,,,Europe/Prague,39
czptt,-SR70ST-CZ-53683,Uhersko,49.987382,16.014647,train,1,,,,,CZ,,,,Europe/Prague,771
czptt,-SR70ST-CZ-53693,Zámrsk,49.994953,16.108657,train,1,,,,,CZ,,,,Europe/Prague,826
czptt,-SR70ST-CZ-53697,Vrbno nad Lesy,50.327272,13.905948,train,1,,,,,CZ,,,,Europe/Prague,193
czptt,-SR70ST-CZ-53707,Peruc,50.335934,13.95882,train,1,,,,,CZ,,,,Europe/Prague,207
czptt,-SR70ST-CZ-53710,Meziměstí,50.626567,16.242255,train,1,,,,,CZ,,,,Europe/Prague,729
czptt,-SR70ST-CZ-53718,Droužkovice,50.426778,13.423967,train,1,,,,,CZ,,,,Europe/Prague,19
czptt,-SR70ST-CZ-53719,Březno u Chomutova,50.395879,13.421028,train,1,,,,,CZ,,,,Europe/Prague,363
czptt,-SR70ST-CZ-53726,Klobuky v Čechách,50.298282,13.996595,train,1,,,,,CZ,,,,Europe/Prague,253
czptt,-SR70ST-CZ-53749,Hořetice,50.379006,13.503728,train,1,,,,,CZ,,,,Europe/Prague,319
czptt,-SR70ST-CZ-53756,Zlonice,50.284928,14.078166,train,1,,,,,CZ,,,,Europe/Prague,259
czptt,-SR70ST-CZ-53770,Teplice nad Metují,50.581417,16.178389,train,1,,,,,CZ,,,,Europe/Prague,1177
czptt,-SR70ST-CZ-53779,Žatec,50.336566,13.555266,train,1,,,,,CZ,,,,Europe/Prague,1606
czptt,-SR70ST-CZ-53780,Česká Metuje,50.552725,16.184966,train,1,,,,,CZ,,,,Europe/Prague,379
czptt,-SR70ST-CZ-53786,Kmetiněves,50.305447,14.161235,train,1,,,,,CZ,,,,Europe/Prague,14
czptt,-SR70ST-CZ-53789,Žatec západ,50.338105,13.534946,train,1,,,,,CZ,,,,Europe/Prague,928
czptt,-SR70ST-CZ-53799,Kadaň,50.381939,13.277042,train,1,,,,,CZ,,,,Europe/Prague,865
czptt,-SR70ST-CZ-53800,Police nad Metují,50.51313,16.211914,train,1,,,,,CZ,,,,Europe/Prague,652
czptt,-SR70ST-CZ-53806,Slaný,50.228551,14.0757,train,1,,,,,CZ,,,,Europe/Prague,622
czptt,-SR70ST-CZ-53813,Choceň,49.9941,16.223766,train,1,,,,,CZ,,,,Europe/Prague,2742
czptt,-SR70ST-CZ-53819,Křimov,50.489761,13.275924,train,1,,,,,CZ,,,,Europe/Prague,55
czptt,-SR70ST-CZ-53820,Hronov,50.47372,16.176416,train,1,,,,,CZ,,,,Europe/Prague,778
czptt,-SR70ST-CZ-53826,Slaný předměstí,50.226255,14.102196,train,1,,,,,CZ,,,,Europe/Prague,581
czptt,-SR70ST-CZ-53829,Domina,50.479429,13.351635,train,1,,,,,CZ,,,,Europe/Prague,12
czptt,-SR70ST-CZ-53836,Podlešín,50.218244,14.155556,train,1,,,,,CZ,,,,Europe/Prague,567
czptt,-SR70ST-CZ-53840,Náchod,50.417318,16.171077,train,1,,,,,CZ,,,,Europe/Prague,1334
czptt,-SR70ST-CZ-53842,Brandýs nad Orlicí,50.002095,16.277128,train,1,,,,,CZ,,,,Europe/Prague,3
czptt,-SR70ST-CZ-53843,Brandýs nad Orlicí,49.999556,16.285675,train,1,,,,,CZ,,,,Europe/Prague,895
czptt,-SR70ST-CZ-53846,Zvoleněves,50.230609,14.183827,train,1,,,,,CZ,,,,Europe/Prague,485
czptt,-SR70ST-CZ-53852,Odb Bezpráví,49.989121,16.334563,train,1,,,,,CZ,,,,Europe/Prague,3
czptt,-SR70ST-CZ-53860,Náchod-Běloves,50.423399,16.187524,train,1,,,,,CZ,,,,Europe/Prague,754
czptt,-SR70ST-CZ-53863,Ústí nad Orlicí,49.971064,16.378271,train,1,,,,,CZ,,,,Europe/Prague,2435
czptt,-SR70ST-CZ-53880,Václavice,50.394851,16.121714,train,1,,,,,CZ,,,,Europe/Prague,1124
czptt,-SR70ST-CZ-53889,Rusová,50.450211,13.168619,train,1,,,,,CZ,,,,Europe/Prague,14
czptt,-SR70ST-CZ-53890,N. Město n. Met.,50.354054,16.137509,train,1,,,,,CZ,,,,Europe/Prague,551
czptt,-SR70ST-CZ-53899,Kovářská,50.430024,13.035065,train,1,,,,,CZ,,,,Europe/Prague,55
czptt,-SR70ST-CZ-53910,Bohuslavice nad Metují,50.328242,16.095769,train,1,,,,,CZ,,,,Europe/Prague,219
czptt,-SR70ST-CZ-53913,Česká Třebová,49.896831,16.447115,train,1,,,,,CZ,,,,Europe/Prague,3683
czptt,-SR70ST-CZ-53923,Dlouhá Třebová,49.935706,16.422593,train,1,,,,,CZ,,,,Europe/Prague,765
czptt,-SR70ST-CZ-53926,Olovnice,50.232627,14.244841,train,1,,,,,CZ,,,,Europe/Prague,485
czptt,-SR70ST-CZ-53930,Opočno pod Orlickými horami,50.278445,16.085814,train,1,,,,,CZ,,,,Europe/Prague,527
czptt,-SR70ST-CZ-53933,Třebovice v Čechách,49.858234,16.49725,train,1,,,,,CZ,,,,Europe/Prague,658
czptt,-SR70ST-CZ-53943,Rudoltice v Čechách,49.892425,16.572534,train,1,,,,,CZ,,,,Europe/Prague,467
czptt,-SR70ST-CZ-53946,Kralupy nad Vltavou předměstí,50.231862,14.283521,train,1,,,,,CZ,,,,Europe/Prague,737
czptt,-SR70ST-CZ-53949,Vejprty,50.500558,13.03355,train,1,,,,,CZ,,,,Europe/Prague,55
czptt,-SR70ST-CZ-53962,"Krasíkov kol. 1a, 2a",49.850419,16.697811,train,1,,,,,CZ,,,,Europe/Prague,3
czptt,-SR70ST-CZ-53972,Krasíkov,49.84883,16.687778,train,1,,,,,CZ,,,,Europe/Prague,3
czptt,-SR70ST-CZ-53982,Hoštejn,49.873388,16.782242,train,1,,,,,CZ,,,,Europe/Prague,4
czptt,-SR70ST-CZ-54006,Noutonice,50.160002,14.277892,train,1,,,,,CZ,,,,Europe/Prague,214
czptt,-SR70ST-CZ-54009,Jirkov,50.492305,13.44884,train,1,,,,,CZ,,,,Europe/Prague,315
czptt,-SR70ST-CZ-54010,Dobruška,50.28926,16.152328,train,1,,,,,CZ,,,,Europe/Prague,46
czptt,-SR70ST-CZ-54014,Kutná Hora hl. n.,49.961484,15.301464,train,1,,,,,CZ,,,,Europe/Prague,2034
czptt,-SR70ST-CZ-54015,K.Hora hl.n.náv.L11a,49.959908,15.303038,train,1,,,,,CZ,,,,Europe/Prague,0
czptt,-SR70ST-CZ-54026,Středokluky,50.124488,14.254548,train,1,,,,,CZ,,,,Europe/Prague,360
czptt,-SR70ST-CZ-54030,Bolehošť,50.214628,16.065083,train,1,,,,,CZ,,,,Europe/Prague,488
czptt,-SR70ST-CZ-54044,Čáslav,49.915354,15.394614,train,1,,,,,CZ,,,,Europe/Prague,1221
czptt,-SR70ST-CZ-54046,Praha-Zličín,50.064172,14.297773,train,1,,,,,CZ,,,,Europe/Prague,1101
czptt,-SR70ST-CZ-54050,Borohrádek,50.097358,16.085465,train,1,,,,,CZ,,,,Europe/Prague,636
czptt,-SR70ST-CZ-54057,Straškov,50.361819,14.242274,train,1,,,,,CZ,,,,Europe/Prague,433
czptt,-SR70ST-CZ-54070,Čermná nad Orlicí,50.064807,16.135836,train,1,,,,,CZ,,,,Europe/Prague,380
czptt,-SR70ST-CZ-54080,Újezd u Chocně,50.031746,16.179096,train,1,,,,,CZ,,,,Europe/Prague,270
czptt,-SR70ST-CZ-54083,Golčův Jeníkov,49.836869,15.468005,train,1,,,,,CZ,,,,Europe/Prague,471
czptt,-SR70ST-CZ-54089,Litvínov,50.593002,13.61036,train,1,,,,,CZ,,,,Europe/Prague,327
czptt,-SR70ST-CZ-54100,Solnice,50.20326,16.254294,train,1,,,,,CZ,,,,Europe/Prague,98
czptt,-SR70ST-CZ-54101,Lipovka,50.184032,16.26462,train,1,,,,,CZ,,,,Europe/Prague,19
czptt,-SR70ST-CZ-54104,Vlkaneč,49.803902,15.404929,train,1,,,,,CZ,,,,Europe/Prague,432
czptt,-SR70ST-CZ-54105,Solnice zastávka,50.199577,16.256553,train,1,,,,,CZ,,,,Europe/Prague,62
czptt,-SR70ST-CZ-54110,Rychnov nad Kněž.,50.157966,16.273634,train,1,,,,,CZ,,,,Europe/Prague,682
czptt,-SR70ST-CZ-54113,Leština u Světlé,49.761214,15.398763,train,1,,,,,CZ,,,,Europe/Prague,432
czptt,-SR70ST-CZ-54119,Osek,50.613667,13.708151,train,1,,,,,CZ,,,,Europe/Prague,327
czptt,-SR70ST-CZ-54133,Světlá n.S.,49.670422,15.417436,train,1,,,,,CZ,,,,Europe/Prague,1328
czptt,-SR70ST-CZ-54140,Rokytnice v Orl. horách,50.161494,16.465307,train,1,,,,,CZ,,,,Europe/Prague,181
czptt,-SR70ST-CZ-54149,Louka u Litvínova,50.593112,13.63133,train,1,,,,,CZ,,,,Europe/Prague,1006
czptt,-SR70ST-CZ-54160,Vamberk,50.118002,16.282909,train,1,,,,,CZ,,,,Europe/Prague,197
czptt,-SR70ST-CZ-54169,Osek město,50.625887,13.684963,train,1,,,,,CZ,,,,Europe/Prague,674
czptt,-SR70ST-CZ-54170,Slatina nad Zdobnicí,50.136832,16.377673,train,1,,,,,CZ,,,,Europe/Prague,181
czptt,-SR70ST-CZ-54189,Hrob,50.660063,13.722079,train,1,,,,,CZ,,,,Europe/Prague,165
czptt,-SR70ST-CZ-54193,Okrouhlice,49.630701,15.487033,train,1,,,,,CZ,,,,Europe/Prague,639
czptt,-SR70ST-CZ-54197,Budyně nad Ohří,50.405083,14.134299,train,1,,,,,CZ,,,,Europe/Prague,27
czptt,-SR70ST-CZ-54209,Dubí,50.697532,13.762196,train,1,,,,,CZ,,,,Europe/Prague,140
czptt,-SR70ST-CZ-54212,Liberec,50.761359,15.046324,train,1,,,,,CZ,,,,Europe/Prague,4454
czptt,-SR70ST-CZ-54213,Havlíčkův Brod,49.598413,15.588119,train,1,,,,,CZ,,,,Europe/Prague,3841
czptt,-SR70ST-CZ-54229,Moldava v Krušných horách,50.717811,13.691474,train,1,,,,,CZ,,,,Europe/Prague,164
czptt,-SR70ST-CZ-54232,Rychnov u Jabl.n.N.,50.683866,15.143924,train,1,,,,,CZ,,,,Europe/Prague,1242
czptt,-SR70ST-CZ-54233,Lípa,49.556352,15.538407,train,1,,,,,CZ,,,,Europe/Prague,186
czptt,-SR70ST-CZ-54252,Jeřmanice,50.707382,15.086513,train,1,,,,,CZ,,,,Europe/Prague,621
czptt,-SR70ST-CZ-54257,Roudnice nad Labem,50.426449,14.265184,train,1,,,,,CZ,,,,Europe/Prague,1504
czptt,-SR70ST-CZ-54272,Hodkovice nad Mohelkou,50.667257,15.100773,train,1,,,,,CZ,,,,Europe/Prague,646
czptt,-SR70ST-CZ-54282,Sychrov,50.629352,15.078351,train,1,,,,,CZ,,,,Europe/Prague,642
czptt,-SR70ST-CZ-54287,Hněvice,50.453046,14.361433,train,1,,,,,CZ,,,,Europe/Prague,917
czptt,-SR70ST-CZ-54300,Turnov,50.587176,15.138454,train,1,,,,,CZ,,,,Europe/Prague,2753
czptt,-SR70ST-CZ-54306,Dolní Beřkovice,50.388806,14.436542,train,1,,,,,CZ,,,,Europe/Prague,640
czptt,-SR70ST-CZ-54309,Jílové u Děčína,50.759719,14.105453,train,1,,,,,CZ,,,,Europe/Prague,61
czptt,-SR70ST-CZ-54313,Opatov,49.815207,16.485844,train,1,,,,,CZ,,,,Europe/Prague,346
czptt,-SR70ST-CZ-54318,Jeníkov-Oldřichov,50.636262,13.755516,train,1,,,,,CZ,,,,Europe/Prague,905
czptt,-SR70ST-CZ-54321,Loukov u Mnichova Hradiště,50.558709,15.056521,train,1,,,,,CZ,,,,Europe/Prague,301
czptt,-SR70ST-CZ-54326,Vraňany,50.335252,14.371765,train,1,,,,,CZ,,,,Europe/Prague,897
czptt,-SR70ST-CZ-54332,Příšovice,50.579093,15.078718,train,1,,,,,CZ,,,,Europe/Prague,300
czptt,-SR70ST-CZ-54333,Svitavy,49.759095,16.479631,train,1,,,,,CZ,,,,Europe/Prague,1258
czptt,-SR70ST-CZ-54346,Lužec n.Vlt.,50.322406,14.402893,train,1,,,,,CZ,,,,Europe/Prague,9
czptt,-SR70ST-CZ-54349,Libouchec,50.756033,14.045829,train,1,,,,,CZ,,,,Europe/Prague,61
czptt,-SR70ST-CZ-54351,Mnichovo Hradiště,50.518336,14.978161,train,1,,,,,CZ,,,,Europe/Prague,946
czptt,-SR70ST-CZ-54361,Bakov nad Jizerou,50.472188,14.922851,train,1,,,,,CZ,,,,Europe/Prague,1301
czptt,-SR70ST-CZ-54366,Nelahozeves,50.283502,14.308748,train,1,,,,,CZ,,,,Europe/Prague,735
czptt,-SR70ST-CZ-54379,Malé Chvojno,50.738967,14.023551,train,1,,,,,CZ,,,,Europe/Prague,61
czptt,-SR70ST-CZ-54389,Telnice,50.726934,13.964722,train,1,,,,,CZ,,,,Europe/Prague,66
czptt,-SR70ST-CZ-54396,Kralupy n.V.,50.2382,14.313855,train,1,,,,,CZ,,,,Europe/Prague,3400
czptt,-SR70ST-CZ-54399,Chlumec u Chabařovic,50.703684,13.926434,train,1,,,,,CZ,,,,Europe/Prague,46
czptt,-SR70ST-CZ-54406,Chvatěruby,50.23989,14.337682,train,1,,,,,CZ,,,,Europe/Prague,259
czptt,-SR70ST-CZ-54414,Milovice,50.229204,14.881689,train,1,,,,,CZ,,,,Europe/Prague,1299
czptt,-SR70ST-CZ-54419,Krupka,50.678483,13.850672,train,1,,,,,CZ,,,,Europe/Prague,22
czptt,-SR70ST-CZ-54421,Kněžmost,50.47264,15.016607,train,1,,,,,CZ,,,,Europe/Prague,2
czptt,-SR70ST-CZ-54424,Veleliby,50.214604,15.023508,train,1,,,,,CZ,,,,Europe/Prague,596
czptt,-SR70ST-CZ-54436,Libčice nad Vltavou,50.200034,14.364091,train,1,,,,,CZ,,,,Europe/Prague,1471
czptt,-SR70ST-CZ-54439,Krupka město,50.682398,13.86104,train,1,,,,,CZ,,,,Europe/Prague,32
czptt,-SR70ST-CZ-54441,Mladá Boleslav-Debř,50.448055,14.887345,train,1,,,,,CZ,,,,Europe/Prague,239
czptt,-SR70ST-CZ-54451,Mladá Boleslav hl. n.,50.407339,14.887204,train,1,,,,,CZ,,,,Europe/Prague,3152
czptt,-SR70ST-CZ-54459,Teplice lesní brána,50.651051,13.807086,train,1,,,,,CZ,,,,Europe/Prague,22
czptt,-SR70ST-CZ-54466,Roztoky u Prahy,50.159591,14.398406,train,1,,,,,CZ,,,,Europe/Prague,1913
czptt,-SR70ST-CZ-54481,Chotětov,50.339566,14.810273,train,1,,,,,CZ,,,,Europe/Prague,343
czptt,-SR70ST-CZ-54509,Obrnice,50.504453,13.700086,train,1,,,,,CZ,,,,Europe/Prague,1680
czptt,-SR70ST-CZ-54513,Přelouč nákl. n.,50.035136,15.59133,train,1,,,,,CZ,,,,Europe/Prague,3
czptt,-SR70ST-CZ-54514,Sadská,50.131321,14.986685,train,1,,,,,CZ,,,,Europe/Prague,326
czptt,-SR70ST-CZ-54516,Otvovice,50.210202,14.270118,train,1,,,,,CZ,,,,Europe/Prague,538
czptt,-SR70ST-CZ-54531,Kropáčova Vrutice,50.323548,14.701294,train,1,,,,,CZ,,,,Europe/Prague,350
czptt,-SR70ST-CZ-54546,Brandýsek,50.184222,14.1729,train,1,,,,,CZ,,,,Europe/Prague,625
czptt,-SR70ST-CZ-54551,Byšice,50.305726,14.603972,train,1,,,,,CZ,,,,Europe/Prague,369
czptt,-SR70ST-CZ-54554,Nymburk město,50.184404,15.03346,train,1,,,,,CZ,,,,Europe/Prague,350
czptt,-SR70ST-CZ-54559,Bečov u Mostu,50.456582,13.711699,train,1,,,,,CZ,,,,Europe/Prague,1115
czptt,-SR70ST-CZ-54562,Nové Město p.Sm.,50.924833,15.224221,train,1,,,,,CZ,,,,Europe/Prague,191
czptt,-SR70ST-CZ-54564,Hořátev,50.152778,15.028615,train,1,,,,,CZ,,,,Europe/Prague,326
czptt,-SR70ST-CZ-54566,Velvary,50.282221,14.24329,train,1,,,,,CZ,,,,Europe/Prague,258
czptt,-SR70ST-CZ-54569,Břvany,50.407975,13.723074,train,1,,,,,CZ,,,,Europe/Prague,1115
czptt,-SR70ST-CZ-54572,Jindřichovice p.Sm.,50.958755,15.254307,train,1,,,,,CZ,,,,Europe/Prague,83
czptt,-SR70ST-CZ-54579,Lenešice,50.377529,13.773552,train,1,,,,,CZ,,,,Europe/Prague,1123
czptt,-SR70ST-CZ-54582,Horní Řasnice,50.951981,15.197699,train,1,,,,,CZ,,,,Europe/Prague,83
czptt,-SR70ST-CZ-54599,Louny,50.361183,13.822798,train,1,,,,,CZ,,,,Europe/Prague,2278
czptt,-SR70ST-CZ-54606,Úžice,50.256444,14.376599,train,1,,,,,CZ,,,,Europe/Prague,259
czptt,-SR70ST-CZ-54609,Louny město,50.350275,13.796411,train,1,,,,,CZ,,,,Europe/Prague,1999
czptt,-SR70ST-CZ-54613,Pardubice-Rosice n.L.,50.04543,15.742853,train,1,,,,,CZ,,,,Europe/Prague,2358
czptt,-SR70ST-CZ-54619,Louny předměstí,50.343359,13.768109,train,1,,,,,CZ,,,,Europe/Prague,27
czptt,-SR70ST-CZ-54622,Řasnice,50.938887,15.151099,train,1,,,,,CZ,,,,Europe/Prague,191
czptt,-SR70ST-CZ-54636,Kostelec nad Labem,50.221081,14.580738,train,1,,,,,CZ,,,,Europe/Prague,321
czptt,-SR70ST-CZ-54646,Brandýs nad Labem,50.183486,14.655219,train,1,,,,,CZ,,,,Europe/Prague,553
czptt,-SR70ST-CZ-54652,Frýdlant v Č.,50.918983,15.073432,train,1,,,,,CZ,,,,Europe/Prague,452
czptt,-SR70ST-CZ-54653,Chrudim,49.948182,15.786893,train,1,,,,,CZ,,,,Europe/Prague,1400
czptt,-SR70ST-CZ-54662,Frýdlant v Čechách předměstí,50.926833,15.076424,train,1,,,,,CZ,,,,Europe/Prague,191
czptt,-SR70ST-CZ-54663,Medlešice,49.974567,15.767682,train,1,,,,,CZ,,,,Europe/Prague,454
czptt,-SR70ST-CZ-54683,Slatiňany,49.918913,15.825167,train,1,,,,,CZ,,,,Europe/Prague,1172
czptt,-SR70ST-CZ-54686,Neratovice,50.262704,14.517573,train,1,,,,,CZ,,,,Europe/Prague,1809
czptt,-SR70ST-CZ-54693,Chrast u Chrudimi,49.901335,15.910782,train,1,,,,,CZ,,,,Europe/Prague,1069
czptt,-SR70ST-CZ-54709,Řehlovice,50.612656,13.954789,train,1,,,,,CZ,,,,Europe/Prague,247
czptt,-SR70ST-CZ-54726,Měšice u Prahy,50.204606,14.513625,train,1,,,,,CZ,,,,Europe/Prague,500
czptt,-SR70ST-CZ-54742,Višňová,50.973268,15.028476,train,1,,,,,CZ,,,,Europe/Prague,197
czptt,-SR70ST-CZ-54752,Černousy,51.007855,15.037562,train,1,,,,,CZ,,,,Europe/Prague,197
czptt,-SR70ST-CZ-54759,Ohníč,50.58906,13.842092,train,1,,,,,CZ,,,,Europe/Prague,247
czptt,-SR70ST-CZ-54766,Praha-Satalice,50.122811,14.571524,train,1,,,,,CZ,,,,Europe/Prague,740
czptt,-SR70ST-CZ-54776,Čelákovice,50.158508,14.754718,train,1,,,,,CZ,,,,Europe/Prague,2133
czptt,-SR70ST-CZ-54786,Lázně Toušeň,50.168594,14.711401,train,1,,,,,CZ,,,,Europe/Prague,514
czptt,-SR70ST-CZ-54789,Světec,50.578973,13.797514,train,1,,,,,CZ,,,,Europe/Prague,247
czptt,-SR70ST-CZ-54796,Mochov,50.136496,14.794646,train,1,,,,,CZ,,,,Europe/Prague,2
czptt,-SR70ST-CZ-54806,Mstětice,50.136019,14.68978,train,1,,,,,CZ,,,,Europe/Prague,1278
czptt,-SR70ST-CZ-54812,Raspenava,50.896509,15.130518,train,1,,,,,CZ,,,,Europe/Prague,585
czptt,-SR70ST-CZ-54813,Žďárec u Skutče,49.826219,15.97807,train,1,,,,,CZ,,,,Europe/Prague,1260
czptt,-SR70ST-CZ-54819,Bílina,50.554069,13.77214,train,1,,,,,CZ,,,,Europe/Prague,1112
czptt,-SR70ST-CZ-54826,P.-Hor. Počernice,50.116505,14.612016,train,1,,,,,CZ,,,,Europe/Prague,1613
czptt,-SR70ST-CZ-54832,Hejnice,50.879619,15.184876,train,1,,,,,CZ,,,,Europe/Prague,149
czptt,-SR70ST-CZ-54836,Vráž u Berouna,49.984069,14.124066,train,1,,,,,CZ,,,,Europe/Prague,351
czptt,-SR70ST-CZ-54846,Loděnice,49.992846,14.163004,train,1,,,,,CZ,,,,Europe/Prague,353
czptt,-SR70ST-CZ-54852,Bílý Potok p.Sm.,50.876053,15.206171,train,1,,,,,CZ,,,,Europe/Prague,148
czptt,-SR70ST-CZ-54853,Hlinsko v Č.,49.766773,15.901764,train,1,,,,,CZ,,,,Europe/Prague,1128
czptt,-SR70ST-CZ-54856,Nučice,50.02403,14.224951,train,1,,,,,CZ,,,,Europe/Prague,715
czptt,-SR70ST-CZ-54859,Počerady,50.41528,13.686024,train,1,,,,,CZ,,,,Europe/Prague,634
czptt,-SR70ST-CZ-54862,Mníšek u Liberce,50.832432,15.065314,train,1,,,,,CZ,,,,Europe/Prague,436
czptt,-SR70ST-CZ-54866,Nučice zastávka,50.015157,14.212784,train,1,,,,,CZ,,,,Europe/Prague,711
czptt,-SR70ST-CZ-54903,Ždírec n.D.,49.700097,15.804348,train,1,,,,,CZ,,,,Europe/Prague,859
czptt,-SR70ST-CZ-54909,Postoloprty,50.360457,13.691649,train,1,,,,,CZ,,,,Europe/Prague,1439
czptt,-SR70ST-CZ-54912,Kořenov,50.770051,15.366339,train,1,,,,,CZ,,,,Europe/Prague,466
czptt,-SR70ST-CZ-54916,Rudná u Prahy,50.039406,14.242631,train,1,,,,,CZ,,,,Europe/Prague,1341
czptt,-SR70ST-CZ-54919,Lišany u Žatce,50.346146,13.648428,train,1,,,,,CZ,,,,Europe/Prague,829
czptt,-SR70ST-CZ-54922,Harrachov,50.771336,15.393847,train,1,,,,,CZ,,,,Europe/Prague,457
czptt,-SR70ST-CZ-54923,Chotěboř,49.711754,15.682462,train,1,,,,,CZ,,,,Europe/Prague,859
czptt,-SR70ST-CZ-54926,Praha-Řeporyje,50.032259,14.309406,train,1,,,,,CZ,,,,Europe/Prague,725
czptt,-SR70ST-CZ-54943,Rozsochatec,49.669741,15.632608,train,1,,,,,CZ,,,,Europe/Prague,821
czptt,-SR70ST-CZ-54952,Tanvald,50.74272,15.310637,train,1,,,,,CZ,,,,Europe/Prague,1277
czptt,-SR70ST-CZ-54956,Praha-Uhříněves,50.033436,14.59197,train,1,,,,,CZ,,,,Europe/Prague,927
czptt,-SR70ST-CZ-54959,Březno u Postoloprt,50.351659,13.722024,train,1,,,,,CZ,,,,Europe/Prague,607
czptt,-SR70ST-CZ-54962,Dolní Polubný,50.760557,15.32365,train,1,,,,,CZ,,,,Europe/Prague,390
czptt,-SR70ST-CZ-54969,Hřivice,50.285452,13.725161,train,1,,,,,CZ,,,,Europe/Prague,778
czptt,-SR70ST-CZ-54972,Desná,50.753416,15.308948,train,1,,,,,CZ,,,,Europe/Prague,561
czptt,-SR70ST-CZ-54986,Říčany,49.99774,14.663308,train,1,,,,,CZ,,,,Europe/Prague,1031
czptt,-SR70ST-CZ-55006,Strančice,49.949484,14.678265,train,1,,,,,CZ,,,,Europe/Prague,785
czptt,-SR70ST-CZ-55013,Skuteč,49.837634,15.994957,train,1,,,,,CZ,,,,Europe/Prague,272
czptt,-SR70ST-CZ-55019,Domoušice,50.232941,13.722533,train,1,,,,,CZ,,,,Europe/Prague,706
czptt,-SR70ST-CZ-55022,Smržovka,50.740252,15.243886,train,1,,,,,CZ,,,,Europe/Prague,820
czptt,-SR70ST-CZ-55026,Senohraby,49.896887,14.727539,train,1,,,,,CZ,,,,Europe/Prague,503
czptt,-SR70ST-CZ-55028,Mutějovice,50.217139,13.704442,train,1,,,,,CZ,,,,Europe/Prague,674
czptt,-SR70ST-CZ-55032,Josefův Důl,50.779477,15.24026,train,1,,,,,CZ,,,,Europe/Prague,239
czptt,-SR70ST-CZ-55033,Čachnov,49.753021,16.059854,train,1,,,,,CZ,,,,Europe/Prague,182
czptt,-SR70ST-CZ-55046,Čerčany,49.850503,14.701622,train,1,,,,,CZ,,,,Europe/Prague,2119
czptt,-SR70ST-CZ-55048,Svojetín,50.19826,13.632299,train,1,,,,,CZ,,,,Europe/Prague,692
czptt,-SR70ST-CZ-55052,Jiřetín pod Bukovou,50.756978,15.26392,train,1,,,,,CZ,,,,Europe/Prague,239
czptt,-SR70ST-CZ-55058,Hořesedly,50.168243,13.641236,train,1,,,,,CZ,,,,Europe/Prague,685
czptt,-SR70ST-CZ-55062,Nová Ves nad Nisou,50.723922,15.193788,train,1,,,,,CZ,,,,Europe/Prague,460
czptt,-SR70ST-CZ-55063,Polička,49.718845,16.264539,train,1,,,,,CZ,,,,Europe/Prague,478
czptt,-SR70ST-CZ-55068,Chrášťany,50.141917,13.663414,train,1,,,,,CZ,,,,Europe/Prague,656
czptt,-SR70ST-CZ-55073,Borová u Poličky,49.74311,16.161615,train,1,,,,,CZ,,,,Europe/Prague,399
czptt,-SR70ST-CZ-55092,Jablonec nad Nisou,50.720923,15.160792,train,1,,,,,CZ,,,,Europe/Prague,582
czptt,-SR70ST-CZ-55106,Benešov u Prahy,49.778741,14.68318,train,1,,,,,CZ,,,,Europe/Prague,1849
czptt,-SR70ST-CZ-55109,Teplice zámecká zahrada,50.633686,13.813692,train,1,,,,,CZ,,,,Europe/Prague,127
czptt,-SR70ST-CZ-55119,Bystřany v Čechách,50.625497,13.862786,train,1,,,,,CZ,,,,Europe/Prague,142
czptt,-SR70ST-CZ-55122,Vesec u Liberce,50.743221,15.081381,train,1,,,,,CZ,,,,Europe/Prague,579
czptt,-SR70ST-CZ-55123,Květná,49.729219,16.366982,train,1,,,,,CZ,,,,Europe/Prague,442
czptt,-SR70ST-CZ-55136,Olbramovice,49.667615,14.624432,train,1,,,,,CZ,,,,Europe/Prague,1150
czptt,-SR70ST-CZ-55139,Úpořiny,50.609645,13.879103,train,1,,,,,CZ,,,,Europe/Prague,390
czptt,-SR70ST-CZ-55152,Liberec-Horní Růžodol,50.753544,15.032888,train,1,,,,,CZ,,,,Europe/Prague,384
czptt,-SR70ST-CZ-55159,Žalany,50.589125,13.900677,train,1,,,,,CZ,,,,Europe/Prague,141
czptt,-SR70ST-CZ-55162,Ostašov,50.763309,15.01299,train,1,,,,,CZ,,,,Europe/Prague,307
czptt,-SR70ST-CZ-55172,Karlov pod Ještědem,50.77366,14.983694,train,1,,,,,CZ,,,,Europe/Prague,328
czptt,-SR70ST-CZ-55176,Sedlčany,49.655852,14.433977,train,1,,,,,CZ,,,,Europe/Prague,348
czptt,-SR70ST-CZ-55182,Křižany,50.751429,14.918543,train,1,,,,,CZ,,,,Europe/Prague,404
czptt,-SR70ST-CZ-55186,Štětkovice,49.666824,14.517026,train,1,,,,,CZ,,,,Europe/Prague,347
czptt,-SR70ST-CZ-55196,Kosova Hora,49.659541,14.479826,train,1,,,,,CZ,,,,Europe/Prague,344
czptt,-SR70ST-CZ-55206,Votice,49.638054,14.619626,train,1,,,,,CZ,,,,Europe/Prague,212
czptt,-SR70ST-CZ-55209,Žim,50.587105,13.965008,train,1,,,,,CZ,,,,Europe/Prague,122
czptt,-SR70ST-CZ-55213,Litomyšl,49.874743,16.304109,train,1,,,,,CZ,,,,Europe/Prague,200
czptt,-SR70ST-CZ-55219,Chotiměř,50.547225,13.989148,train,1,,,,,CZ,,,,Europe/Prague,163
czptt,-SR70ST-CZ-55222,Rynoltice,50.786957,14.826619,train,1,,,,,CZ,,,,Europe/Prague,423
czptt,-SR70ST-CZ-55226,Střezimíř,49.543979,14.620896,train,1,,,,,CZ,,,,Europe/Prague,124
czptt,-SR70ST-CZ-55242,Velké Hamry,50.711564,15.31378,train,1,,,,,CZ,,,,Europe/Prague,163
czptt,-SR70ST-CZ-55252,Plavy,50.701792,15.317002,train,1,,,,,CZ,,,,Europe/Prague,633
czptt,-SR70ST-CZ-55253,Cerekvice nad Loučnou,49.905724,16.206161,train,1,,,,,CZ,,,,Europe/Prague,180
czptt,-SR70ST-CZ-55276,Chotoviny,49.472161,14.669558,train,1,,,,,CZ,,,,Europe/Prague,213
czptt,-SR70ST-CZ-55283,Vysoké Mýto,49.955167,16.14742,train,1,,,,,CZ,,,,Europe/Prague,516
czptt,-SR70ST-CZ-55286,Postupice,49.738039,14.782319,train,1,,,,,CZ,,,,Europe/Prague,353
czptt,-SR70ST-CZ-55303,Vysoké Mýto město,49.950516,16.15575,train,1,,,,,CZ,,,,Europe/Prague,507
czptt,-SR70ST-CZ-55306,Struhařov,49.762059,14.749241,train,1,,,,,CZ,,,,Europe/Prague,349
czptt,-SR70ST-CZ-55309,Libčeves,50.448682,13.830459,train,1,,,,,CZ,,,,Europe/Prague,259
czptt,-SR70ST-CZ-55310,Rovensko pod Troskami,50.531725,15.263937,train,1,,,,,CZ,,,,Europe/Prague,495
czptt,-SR70ST-CZ-55330,Karlovice-Sedmihorky,50.561701,15.196568,train,1,,,,,CZ,,,,Europe/Prague,494
czptt,-SR70ST-CZ-55340,Hrubá Skála,50.550335,15.213025,train,1,,,,,CZ,,,,Europe/Prague,495
czptt,-SR70ST-CZ-55353,Lanškroun,49.90856,16.603268,train,1,,,,,CZ,,,,Europe/Prague,359
czptt,-SR70ST-CZ-55356,Vlašim,49.700474,14.897585,train,1,,,,,CZ,,,,Europe/Prague,391
czptt,-SR70ST-CZ-55361,Červ. Újezd u Votic,49.555521,14.61526,train,1,,,,,CZ,,,,Europe/Prague,0
czptt,-SR70ST-CZ-55369,Třebívlice,50.457709,13.908201,train,1,,,,,CZ,,,,Europe/Prague,368
czptt,-SR70ST-CZ-55386,Trhový Štěpánov,49.707531,15.009617,train,1,,,,,CZ,,,,Europe/Prague,41
czptt,-SR70ST-CZ-55390,Libuň,50.490151,15.302956,train,1,,,,,CZ,,,,Europe/Prague,597
czptt,-SR70ST-CZ-55399,Třebenice,50.473987,14.000716,train,1,,,,,CZ,,,,Europe/Prague,365
czptt,-SR70ST-CZ-55413,Třemošnice,49.871966,15.57659,train,1,,,,,CZ,,,,Europe/Prague,218
czptt,-SR70ST-CZ-55420,Jičín,50.430674,15.361318,train,1,,,,,CZ,,,,Europe/Prague,930
czptt,-SR70ST-CZ-55429,Čížkovice,50.483609,14.039438,train,1,,,,,CZ,,,,Europe/Prague,1194
czptt,-SR70ST-CZ-55443,Ronov nad Doubravou,49.894841,15.528216,train,1,,,,,CZ,,,,Europe/Prague,218
czptt,-SR70ST-CZ-55449,Libochovice,50.41047,14.054923,train,1,,,,,CZ,,,,Europe/Prague,865
czptt,-SR70ST-CZ-55469,Chotěšov pod Hazmburkem,50.442019,14.070334,train,1,,,,,CZ,,,,Europe/Prague,633
czptt,-SR70ST-CZ-55474,Žleby,49.890284,15.477323,train,1,,,,,CZ,,,,Europe/Prague,218
czptt,-SR70ST-CZ-55484,Skovice,49.905736,15.460127,train,1,,,,,CZ,,,,Europe/Prague,217
czptt,-SR70ST-CZ-55499,Libochovice město,50.407548,14.037285,train,1,,,,,CZ,,,,Europe/Prague,839
czptt,-SR70ST-CZ-55510,Butoves,50.388114,15.424915,train,1,,,,,CZ,,,,Europe/Prague,513
czptt,-SR70ST-CZ-55513,Holice,50.06931,15.992534,train,1,,,,,CZ,,,,Europe/Prague,147
czptt,-SR70ST-CZ-55519,Radonice nad Ohří,50.36967,13.91416,train,1,,,,,CZ,,,,Europe/Prague,0
czptt,-SR70ST-CZ-55536,Praha-Zbraslav,49.969986,14.399714,train,1,,,,,CZ,,,,Europe/Prague,2053
czptt,-SR70ST-CZ-55540,Ostroměř,50.36898,15.544639,train,1,,,,,CZ,,,,Europe/Prague,1681
czptt,-SR70ST-CZ-55546,Vrané nad Vltavou,49.938556,14.381121,train,1,,,,,CZ,,,,Europe/Prague,1917
czptt,-SR70ST-CZ-55553,Chrudim město,49.957708,15.793893,train,1,,,,,CZ,,,,Europe/Prague,103
czptt,-SR70ST-CZ-55573,Úhřetice,49.97744,15.862251,train,1,,,,,CZ,,,,Europe/Prague,102
czptt,-SR70ST-CZ-55576,Měchenice,49.910913,14.383876,train,1,,,,,CZ,,,,Europe/Prague,933
czptt,-SR70ST-CZ-55580,Hořice v Podkrkonoší,50.35622,15.634599,train,1,,,,,CZ,,,,Europe/Prague,702
czptt,-SR70ST-CZ-55596,Čisovice,49.858221,14.319553,train,1,,,,,CZ,,,,Europe/Prague,928
czptt,-SR70ST-CZ-55609,Děčín-Prostřední Žleb,50.794124,14.231205,train,1,,,,,CZ,,,,Europe/Prague,497
czptt,-SR70ST-CZ-55613,Hrochův Týnec,49.966375,15.908229,train,1,,,,,CZ,,,,Europe/Prague,103
czptt,-SR70ST-CZ-55630,Sadová,50.295407,15.693807,train,1,,,,,CZ,,,,Europe/Prague,537
czptt,-SR70ST-CZ-55636,Mníšek pod Brdy,49.853801,14.269771,train,1,,,,,CZ,,,,Europe/Prague,550
czptt,-SR70ST-CZ-55639,Dolní Žleb,50.846414,14.215129,train,1,,,,,CZ,,,,Europe/Prague,512
czptt,-SR70ST-CZ-55640,Hněvčeves,50.312564,15.721829,train,1,,,,,CZ,,,,Europe/Prague,600
czptt,-SR70ST-CZ-55646,Dobříš,49.789909,14.183388,train,1,,,,,CZ,,,,Europe/Prague,550
czptt,-SR70ST-CZ-55659,Děčín hl. n.,50.773459,14.201096,train,1,,,,,CZ,,,,Europe/Prague,3275
czptt,-SR70ST-CZ-55660,Všestary,50.252711,15.764331,train,1,,,,,CZ,,,,Europe/Prague,541
czptt,-SR70ST-CZ-55666,Malá Hraštice,49.809495,14.268729,train,1,,,,,CZ,,,,Europe/Prague,76
czptt,-SR70ST-CZ-55689,Děčín východ,50.774799,14.223825,train,1,,,,,CZ,,,,Europe/Prague,1228
czptt,-SR70ST-CZ-55696,Davle,49.887601,14.398551,train,1,,,,,CZ,,,,Europe/Prague,1044
czptt,-SR70ST-CZ-55709,Děčín zastávka,50.772834,14.193147,train,1,,,,,CZ,,,,Europe/Prague,0
czptt,-SR70ST-CZ-55710,Dětenice,50.373336,15.176669,train,1,,,,,CZ,,,,Europe/Prague,24
czptt,-SR70ST-CZ-55713,Heřmanův Městec,49.950984,15.658486,train,1,,,,,CZ,,,,Europe/Prague,308
czptt,-SR70ST-CZ-55736,Jílové u Prahy,49.878025,14.499973,train,1,,,,,CZ,,,,Europe/Prague,1064
czptt,-SR70ST-CZ-55743,Choltice,49.987923,15.646496,train,1,,,,,CZ,,,,Europe/Prague,182
czptt,-SR70ST-CZ-55756,Kamenný Přívoz,49.866969,14.516926,train,1,,,,,CZ,,,,Europe/Prague,1045
czptt,-SR70ST-CZ-55766,Krhanice,49.84888,14.553264,train,1,,,,,CZ,,,,Europe/Prague,1047
czptt,-SR70ST-CZ-55769,Povrly,50.67071,14.157209,train,1,,,,,CZ,,,,Europe/Prague,635
czptt,-SR70ST-CZ-55773,Prachovice,49.8927,15.632779,train,1,,,,,CZ,,,,Europe/Prague,0
czptt,-SR70ST-CZ-55780,Lomnice nad Popelkou,50.526841,15.374427,train,1,,,,,CZ,,,,Europe/Prague,337
czptt,-SR70ST-CZ-55783,Kostelec u Heřmanova Městce,49.920879,15.650981,train,1,,,,,CZ,,,,Europe/Prague,0
czptt,-SR70ST-CZ-55786,Týnec nad Sázavou,49.834101,14.59286,train,1,,,,,CZ,,,,Europe/Prague,1092
czptt,-SR70ST-CZ-55806,Pecerady,49.83363,14.625817,train,1,,,,,CZ,,,,Europe/Prague,1012
czptt,-SR70ST-CZ-55813,Humpolec,49.534936,15.348047,train,1,,,,,CZ,,,,Europe/Prague,186
czptt,-SR70ST-CZ-55819,Prackovice nad Labem,50.573037,14.036401,train,1,,,,,CZ,,,,Europe/Prague,796
czptt,-SR70ST-CZ-55843,Herálec,49.525446,15.473468,train,1,,,,,CZ,,,,Europe/Prague,166
czptt,-SR70ST-CZ-55859,Lovosice,50.509683,14.059483,train,1,,,,,CZ,,,,Europe/Prague,2976
czptt,-SR70ST-CZ-55860,Mladějov v Čechách,50.480973,15.226376,train,1,,,,,CZ,,,,Europe/Prague,435
czptt,-SR70ST-CZ-55880,Sobotka,50.465453,15.167954,train,1,,,,,CZ,,,,Europe/Prague,468
czptt,-SR70ST-CZ-55909,Bohušovice nad Ohří,50.491484,14.148394,train,1,,,,,CZ,,,,Europe/Prague,1132
czptt,-SR70ST-CZ-55911,Dolní Bousov,50.441562,15.132334,train,1,,,,,CZ,,,,Europe/Prague,477
czptt,-SR70ST-CZ-55916,Samechov,49.886129,14.835156,train,1,,,,,CZ,,,,Europe/Prague,418
czptt,-SR70ST-CZ-55926,Hvězdonice,49.872413,14.77202,train,1,,,,,CZ,,,,Europe/Prague,417
czptt,-SR70ST-CZ-55946,Vlkovec,49.874816,14.814289,train,1,,,,,CZ,,,,Europe/Prague,219
czptt,-SR70ST-CZ-55949,Hrobce,50.457695,14.229901,train,1,,,,,CZ,,,,Europe/Prague,832
czptt,-SR70ST-CZ-55966,Sázava,49.875179,14.906241,train,1,,,,,CZ,,,,Europe/Prague,557
czptt,-SR70ST-CZ-55971,Kolomuty,50.406624,14.97792,train,1,,,,,CZ,,,,Europe/Prague,193
czptt,-SR70ST-CZ-55991,Mladá Boleslav město,50.418815,14.917561,train,1,,,,,CZ,,,,Europe/Prague,1438
czptt,-SR70ST-CZ-56006,Ledečko,49.847343,14.932248,train,1,,,,,CZ,,,,Europe/Prague,677
czptt,-SR70ST-CZ-56009,Boletice nad Labem,50.733739,14.187861,train,1,,,,,CZ,,,,Europe/Prague,161
czptt,-SR70ST-CZ-56011,Skalsko,50.432163,14.755489,train,1,,,,,CZ,,,,Europe/Prague,184
czptt,-SR70ST-CZ-56046,Český Šternberk,49.813619,14.935552,train,1,,,,,CZ,,,,Europe/Prague,358
czptt,-SR70ST-CZ-56051,Katusice,50.442838,14.777056,train,1,,,,,CZ,,,,Europe/Prague,230
czptt,-SR70ST-CZ-56059,Velké Březno,50.664244,14.146279,train,1,,,,,CZ,,,,Europe/Prague,211
czptt,-SR70ST-CZ-56061,Sudoměř u Mladé Boleslavi,50.437908,14.744697,train,1,,,,,CZ,,,,Europe/Prague,82
czptt,-SR70ST-CZ-56066,Kácov,49.786871,15.018535,train,1,,,,,CZ,,,,Europe/Prague,469
czptt,-SR70ST-CZ-56081,Vrátno,50.443099,14.686744,train,1,,,,,CZ,,,,Europe/Prague,218
czptt,-SR70ST-CZ-56091,Mšeno,50.435782,14.640801,train,1,,,,,CZ,,,,Europe/Prague,257
czptt,-SR70ST-CZ-56136,Zruč n.S.,49.738455,15.103986,train,1,,,,,CZ,,,,Europe/Prague,836
czptt,-SR70ST-CZ-56141,Lhotka u Mělníka,50.382107,14.541869,train,1,,,,,CZ,,,,Europe/Prague,192
czptt,-SR70ST-CZ-56176,Vlastějovice,49.7288,15.171925,train,1,,,,,CZ,,,,Europe/Prague,347
czptt,-SR70ST-CZ-56191,Dobrovice,50.355548,14.939516,train,1,,,,,CZ,,,,Europe/Prague,241
czptt,-SR70ST-CZ-56195,Ledeč n.S.,49.698375,15.269711,train,1,,,,,CZ,,,,Europe/Prague,563
czptt,-SR70ST-CZ-56209,Benešov n.Pl.,50.738307,14.304875,train,1,,,,,CZ,,,,Europe/Prague,1108
czptt,-SR70ST-CZ-56231,Čachovice,50.272376,14.948893,train,1,,,,,CZ,,,,Europe/Prague,268
czptt,-SR70ST-CZ-56239,Františkov nad Ploučnicí,50.724008,14.331801,train,1,,,,,CZ,,,,Europe/Prague,432
czptt,-SR70ST-CZ-56249,Horní Police,50.70613,14.40004,train,1,,,,,CZ,,,,Europe/Prague,431
czptt,-SR70ST-CZ-56251,Straky,50.240042,14.989356,train,1,,,,,CZ,,,,Europe/Prague,0
czptt,-SR70ST-CZ-56261,Křinec,50.266003,15.143617,train,1,,,,,CZ,,,,Europe/Prague,390
czptt,-SR70ST-CZ-56266,Zbraslavice,49.815573,15.188719,train,1,,,,,CZ,,,,Europe/Prague,254
czptt,-SR70ST-CZ-56269,Stružnice,50.698312,14.449908,train,1,,,,,CZ,,,,Europe/Prague,432
czptt,-SR70ST-CZ-56271,Rožďalovice,50.299171,15.180313,train,1,,,,,CZ,,,,Europe/Prague,381
czptt,-SR70ST-CZ-56279,Markvartice,50.771965,14.345438,train,1,,,,,CZ,,,,Europe/Prague,279
czptt,-SR70ST-CZ-56299,Česká Kamenice,50.79583,14.414024,train,1,,,,,CZ,,,,Europe/Prague,338
czptt,-SR70ST-CZ-56300,Kopidlno,50.333966,15.260438,train,1,,,,,CZ,,,,Europe/Prague,365
czptt,-SR70ST-CZ-56306,Malešov,49.907284,15.230925,train,1,,,,,CZ,,,,Europe/Prague,299
czptt,-SR70ST-CZ-56320,Žitětín,50.361117,15.324575,train,1,,,,,CZ,,,,Europe/Prague,247
czptt,-SR70ST-CZ-56329,Kamenický Šenov nz,50.780942,14.468154,train,1,,,,,CZ,,,,Europe/Prague,53
czptt,-SR70ST-CZ-56346,Kutná Hora město,49.949884,15.277333,train,1,,,,,CZ,,,,Europe/Prague,626
czptt,-SR70ST-CZ-56350,Staré Místo u Jičína,50.40607,15.353003,train,1,,,,,CZ,,,,Europe/Prague,208
czptt,-SR70ST-CZ-56361,Městec Králové,50.210646,15.300216,train,1,,,,,CZ,,,,Europe/Prague,274
czptt,-SR70ST-CZ-56381,Dymokury,50.255945,15.215457,train,1,,,,,CZ,,,,Europe/Prague,7
czptt,-SR70ST-CZ-56386,Uhlířské Janovice,49.881969,15.05958,train,1,,,,,CZ,,,,Europe/Prague,371
czptt,-SR70ST-CZ-56406,Rataje nad Sázavou předměstí,49.849666,14.978414,train,1,,,,,CZ,,,,Europe/Prague,59
czptt,-SR70ST-CZ-56419,Mlýny,50.8116,14.497752,train,1,,,,,CZ,,,,Europe/Prague,236
czptt,-SR70ST-CZ-56430,Nový Bydžov,50.244814,15.485812,train,1,,,,,CZ,,,,Europe/Prague,1072
czptt,-SR70ST-CZ-56436,Chmeliště,49.895786,15.056298,train,1,,,,,CZ,,,,Europe/Prague,189
czptt,-SR70ST-CZ-56456,Bečváry,49.955996,15.071101,train,1,,,,,CZ,,,,Europe/Prague,314
czptt,-SR70ST-CZ-56459,Rumburk,50.956829,14.550427,train,1,,,,,CZ,,,,Europe/Prague,1468
czptt,-SR70ST-CZ-56460,Smidary,50.295044,15.495484,train,1,,,,,CZ,,,,Europe/Prague,863
czptt,-SR70ST-CZ-56476,Ratboř,49.981492,15.160285,train,1,,,,,CZ,,,,Europe/Prague,315
czptt,-SR70ST-CZ-56480,Lázně Bělohrad,50.426226,15.577271,train,1,,,,,CZ,,,,Europe/Prague,880
czptt,-SR70ST-CZ-56489,Panský,50.948627,14.461883,train,1,,,,,CZ,,,,Europe/Prague,117
czptt,-SR70ST-CZ-56490,Šárovcova Lhota,50.407875,15.561105,train,1,,,,,CZ,,,,Europe/Prague,243
czptt,-SR70ST-CZ-56516,Červené Pečky,49.98799,15.207026,train,1,,,,,CZ,,,,Europe/Prague,162
czptt,-SR70ST-CZ-56526,Zásmuky,49.962771,15.031733,train,1,,,,,CZ,,,,Europe/Prague,0
czptt,-SR70ST-CZ-56529,Dolní Poustevna,50.983596,14.283475,train,1,,,,,CZ,,,,Europe/Prague,445
czptt,-SR70ST-CZ-56536,Kouřim,50.005578,14.987774,train,1,,,,,CZ,,,,Europe/Prague,166
czptt,-SR70ST-CZ-56546,Bošice,50.015308,15.015268,train,1,,,,,CZ,,,,Europe/Prague,223
czptt,-SR70ST-CZ-56549,Mikulášovice dol. n.,50.984308,14.336898,train,1,,,,,CZ,,,,Europe/Prague,566
czptt,-SR70ST-CZ-56552,Malá Skála,50.634289,15.192166,train,1,,,,,CZ,,,,Europe/Prague,1848
czptt,-SR70ST-CZ-56582,Železný Brod,50.639863,15.266377,train,1,,,,,CZ,,,,Europe/Prague,2002
czptt,-SR70ST-CZ-56586,Plaňany,50.049332,15.016054,train,1,,,,,CZ,,,,Europe/Prague,359
czptt,-SR70ST-CZ-56589,Velký Šenov,50.993241,14.380076,train,1,,,,,CZ,,,,Europe/Prague,476
czptt,-SR70ST-CZ-56590,Semily,50.603475,15.324,train,1,,,,,CZ,,,,Europe/Prague,1270
czptt,-SR70ST-CZ-56610,Košťálov,50.568826,15.403652,train,1,,,,,CZ,,,,Europe/Prague,571
czptt,-SR70ST-CZ-56619,Šluknov,51.006396,14.461762,train,1,,,,,CZ,,,,Europe/Prague,592
czptt,-SR70ST-CZ-56640,Stará Paka,50.515938,15.486651,train,1,,,,,CZ,,,,Europe/Prague,2414
czptt,-SR70ST-CZ-56659,Krásná Lípa,50.919065,14.512179,train,1,,,,,CZ,,,,Europe/Prague,997
czptt,-SR70ST-CZ-56670,Nová Paka,50.486664,15.523029,train,1,,,,,CZ,,,,Europe/Prague,970
czptt,-SR70ST-CZ-56689,Varnsdorf,50.903242,14.638131,train,1,,,,,CZ,,,,Europe/Prague,999
czptt,-SR70ST-CZ-56690,Horka u Staré Paky,50.526604,15.570461,train,1,,,,,CZ,,,,Europe/Prague,319
czptt,-SR70ST-CZ-56699,Dolní Podluží,50.886388,14.620617,train,1,,,,,CZ,,,,Europe/Prague,141
czptt,-SR70ST-CZ-56709,Varnsdorf staré nádraží,50.909469,14.612628,train,1,,,,,CZ,,,,Europe/Prague,444
czptt,-SR70ST-CZ-56710,Mostek,50.491214,15.692228,train,1,,,,,CZ,,,,Europe/Prague,339
czptt,-SR70ST-CZ-56719,Rybniště,50.88305,14.509817,train,1,,,,,CZ,,,,Europe/Prague,1229
czptt,-SR70ST-CZ-56730,Bílá Třemešná,50.451924,15.732989,train,1,,,,,CZ,,,,Europe/Prague,340
czptt,-SR70ST-CZ-56740,Dvůr Králové nad Labem,50.413715,15.798267,train,1,,,,,CZ,,,,Europe/Prague,955
czptt,-SR70ST-CZ-56749,Chřibská,50.868036,14.523023,train,1,,,,,CZ,,,,Europe/Prague,257
czptt,-SR70ST-CZ-56759,Jedlová,50.842872,14.570408,train,1,,,,,CZ,,,,Europe/Prague,941
czptt,-SR70ST-CZ-56770,Jaroměř,50.341763,15.909976,train,1,,,,,CZ,,,,Europe/Prague,2302
czptt,-SR70ST-CZ-56779,Svor,50.790537,14.592491,train,1,,,,,CZ,,,,Europe/Prague,907
czptt,-SR70ST-CZ-56789,Nový Bor,50.760651,14.547312,train,1,,,,,CZ,,,,Europe/Prague,1064
czptt,-SR70ST-CZ-56800,Smiřice,50.300408,15.858169,train,1,,,,,CZ,,,,Europe/Prague,459
czptt,-SR70ST-CZ-56809,Česká Lípa hl. n.,50.675362,14.533183,train,1,,,,,CZ,,,,Europe/Prague,2442
czptt,-SR70ST-CZ-56829,Česká Lípa střelnice,50.691677,14.533177,train,1,,,,,CZ,,,,Europe/Prague,1127
czptt,-SR70ST-CZ-56839,Jestřebí,50.614152,14.600278,train,1,,,,,CZ,,,,Europe/Prague,511
czptt,-SR70ST-CZ-56849,Srní u České Lípy,50.636967,14.58445,train,1,,,,,CZ,,,,Europe/Prague,224
czptt,-SR70ST-CZ-56859,Doksy,50.573629,14.646916,train,1,,,,,CZ,,,,Europe/Prague,1148
czptt,-SR70ST-CZ-56860,Předměřice nad Labem,50.252655,15.817804,train,1,,,,,CZ,,,,Europe/Prague,327
czptt,-SR70ST-CZ-56879,Okna,50.527239,14.674445,train,1,,,,,CZ,,,,Europe/Prague,431
czptt,-SR70ST-CZ-56880,Opatovice nad Labem-Pohřebačka,50.165445,15.788898,train,1,,,,,CZ,,,,Europe/Prague,278
czptt,-SR70ST-CZ-56889,Bezděz,50.516075,14.729458,train,1,,,,,CZ,,,,Europe/Prague,768
czptt,-SR70ST-CZ-56890,Stéblová,50.104404,15.757641,train,1,,,,,CZ,,,,Europe/Prague,254
czptt,-SR70ST-CZ-56898,Bělá pod Bezdězem,50.488327,14.835899,train,1,,,,,CZ,,,,Europe/Prague,1031
czptt,-SR70ST-CZ-56910,Roztoky u Jilemnice,50.554623,15.490029,train,1,,,,,CZ,,,,Europe/Prague,667
czptt,-SR70ST-CZ-56930,Martinice v Krkonoších,50.580696,15.541091,train,1,,,,,CZ,,,,Europe/Prague,866
czptt,-SR70ST-CZ-56940,Kunčice nad Labem,50.583863,15.622827,train,1,,,,,CZ,,,,Europe/Prague,1093
czptt,-SR70ST-CZ-56970,Hostinné,50.5367,15.737861,train,1,,,,,CZ,,,,Europe/Prague,837
czptt,-SR70ST-CZ-57000,Pilníkov,50.534184,15.812867,train,1,,,,,CZ,,,,Europe/Prague,798
czptt,-SR70ST-CZ-57009,Žalhostice,50.524886,14.096545,train,1,,,,,CZ,,,,Europe/Prague,1254
czptt,-SR70ST-CZ-57016,Praha-Braník,50.027873,14.406891,train,1,,,,,CZ,,,,Europe/Prague,1994
czptt,-SR70ST-CZ-57019,Litoměřice hor.n.,50.541013,14.131518,train,1,,,,,CZ,,,,Europe/Prague,1319
czptt,-SR70ST-CZ-57020,Trutnov hl. n.,50.565251,15.910948,train,1,,,,,CZ,,,,Europe/Prague,2208
czptt,-SR70ST-CZ-57026,Praha-Bubeneč,50.107343,14.404806,train,1,,,,,CZ,,,,Europe/Prague,4
czptt,-SR70ST-CZ-57030,Trutnov-Poříčí,50.579122,15.958692,train,1,,,,,CZ,,,,Europe/Prague,58
czptt,-SR70ST-CZ-57036,Praha-Bubny,50.100612,14.439948,train,1,,,,,CZ,,,,Europe/Prague,1330
czptt,-SR70ST-CZ-57037,Praha-Výstaviště,50.103366,14.429804,train,1,,,,,CZ,,,,Europe/Prague,509
czptt,-SR70ST-CZ-57039,Liběšice,50.572075,14.284996,train,1,,,,,CZ,,,,Europe/Prague,579
czptt,-SR70ST-CZ-57040,Trutnov střed,50.577814,15.945152,train,1,,,,,CZ,,,,Europe/Prague,1100
czptt,-SR70ST-CZ-57046,Praha-Holešovice zastávka,50.105792,14.437814,train,1,,,,,CZ,,,,Europe/Prague,2
czptt,-SR70ST-CZ-57059,Úštěk,50.585506,14.335061,train,1,,,,,CZ,,,,Europe/Prague,583
czptt,-SR70ST-CZ-57066,Praha-Dejvice,50.096874,14.399503,train,1,,,,,CZ,,,,Europe/Prague,1518
czptt,-SR70ST-CZ-57076,Praha hl. n.,50.08309,14.435978,train,1,,,,,CZ,,,,Europe/Prague,17192
czptt,-SR70ST-CZ-57089,Blíževedly,50.613445,14.395511,train,1,,,,,CZ,,,,Europe/Prague,394
czptt,-SR70ST-CZ-57096,Praha-Hostivař,50.054929,14.538044,train,1,,,,,CZ,,,,Europe/Prague,1292
czptt,-SR70ST-CZ-57106,Praha-Waltrovka,50.055128,14.377841,train,1,,,,,CZ,,,,Europe/Prague,0
czptt,-SR70ST-CZ-57110,Rokytnice nad Jizerou,50.712169,15.422842,train,1,,,,,CZ,,,,Europe/Prague,46
czptt,-SR70ST-CZ-57120,Jablonec nad Jizerou,50.700406,15.435207,train,1,,,,,CZ,,,,Europe/Prague,156
czptt,-SR70ST-CZ-57129,Zákupy,50.681474,14.635816,train,1,,,,,CZ,,,,Europe/Prague,2
czptt,-SR70ST-CZ-57146,Praha-Stodůlky,50.062201,14.346126,train,1,,,,,CZ,,,,Europe/Prague,690
czptt,-SR70ST-CZ-57150,Poniklá,50.648641,15.456994,train,1,,,,,CZ,,,,Europe/Prague,156
czptt,-SR70ST-CZ-57156,Praha-Krč,50.034178,14.446818,train,1,,,,,CZ,,,,Europe/Prague,1893
czptt,-SR70ST-CZ-57160,Jilemnice,50.604405,15.513784,train,1,,,,,CZ,,,,Europe/Prague,200
czptt,-SR70ST-CZ-57169,Mimoň,50.658006,14.714586,train,1,,,,,CZ,,,,Europe/Prague,859
czptt,-SR70ST-CZ-57176,Praha-Libeň,50.100637,14.502328,train,1,,,,,CZ,,,,Europe/Prague,5474
czptt,-SR70ST-CZ-57190,Hrabačov,50.623228,15.501229,train,1,,,,,CZ,,,,Europe/Prague,157
czptt,-SR70ST-CZ-57196,Praha-Malešice,50.080818,14.515089,train,1,,,,,CZ,,,,Europe/Prague,13
czptt,-SR70ST-CZ-57199,Brniště,50.716591,14.728752,train,1,,,,,CZ,,,,Europe/Prague,397
czptt,-SR70ST-CZ-57200,Vrchlabí,50.618778,15.622771,train,1,,,,,CZ,,,,Europe/Prague,416
czptt,-SR70ST-CZ-57206,Praha-Ruzyně,50.083944,14.310291,train,1,,,,,CZ,,,,Europe/Prague,1144
czptt,-SR70ST-CZ-57209,Jablonné v Podještědí,50.769426,14.758138,train,1,,,,,CZ,,,,Europe/Prague,845
czptt,-SR70ST-CZ-57220,Svoboda nad Úpou,50.62184,15.820368,train,1,,,,,CZ,,,,Europe/Prague,481
czptt,-SR70ST-CZ-57226,Praha-Smíchov,50.061112,14.408044,train,1,,,,,CZ,,,,Europe/Prague,5867
czptt,-SR70ST-CZ-57236,Praha Masaryk. n.,50.087651,14.434708,train,1,,,,,CZ,,,,Europe/Prague,3605
czptt,-SR70ST-CZ-57237,Praha Masarykovo nádraží-Viadukt,50.091264,14.442272,train,1,,,,,CZ,,,,Europe/Prague,12
czptt,-SR70ST-CZ-57256,Praha-Holešovice,50.110636,14.439706,train,1,,,,,CZ,,,,Europe/Prague,1805
czptt,-SR70ST-CZ-57261,Praha-Eden,50.065652,14.472449,train,1,,,,,CZ,,,,Europe/Prague,1037
czptt,-SR70ST-CZ-57266,Praha-Veleslavín,50.095031,14.346276,train,1,,,,,CZ,,,,Europe/Prague,1663
czptt,-SR70ST-CZ-57270,Lampertice,50.6736,15.929752,train,1,,,,,CZ,,,,Europe/Prague,12
czptt,-SR70ST-CZ-57276,Praha-Vršovice,50.06486,14.447018,train,1,,,,,CZ,,,,Europe/Prague,4490
czptt,-SR70ST-CZ-57279,Praha-Zahradní Město,50.062262,14.503308,train,1,,,,,CZ,,,,Europe/Prague,2372
czptt,-SR70ST-CZ-57280,Královec,50.672989,15.970383,train,1,,,,,CZ,,,,Europe/Prague,168
czptt,-SR70ST-CZ-57287,Praha-Kačerov,50.042254,14.463045,train,1,,,,,CZ,,,,Europe/Prague,1158
czptt,-SR70ST-CZ-57316,Praha-Vysočany,50.112291,14.497261,train,1,,,,,CZ,,,,Europe/Prague,3845
czptt,-SR70ST-CZ-57320,Radvanice,50.575337,16.060063,train,1,,,,,CZ,,,,Europe/Prague,178
czptt,-SR70ST-CZ-57330,Chvaleč,50.599349,16.03798,train,1,,,,,CZ,,,,Europe/Prague,178
czptt,-SR70ST-CZ-57336,Praha-Čakovice,50.14891,14.519434,train,1,,,,,CZ,,,,Europe/Prague,1461
czptt,-SR70ST-CZ-57340,Janovice u Trutnova,50.587005,16.084775,train,1,,,,,CZ,,,,Europe/Prague,201
czptt,-SR70ST-CZ-57350,Adršpach,50.61545,16.124248,train,1,,,,,CZ,,,,Europe/Prague,449
czptt,-SR70ST-CZ-57376,Praha-Modřany,49.997216,14.404327,train,1,,,,,CZ,,,,Europe/Prague,34
czptt,-SR70ST-CZ-57386,Praha-Modřany zastávka,50.003912,14.403007,train,1,,,,,CZ,,,,Europe/Prague,1978
czptt,-SR70ST-CZ-57390,Teplice nad Metují město,50.592822,16.172348,train,1,,,,,CZ,,,,Europe/Prague,563
czptt,-SR70ST-CZ-57410,Malé Svatoňovice,50.529665,16.050628,train,1,,,,,CZ,,,,Europe/Prague,863
czptt,-SR70ST-CZ-57450,Červený Kostelec,50.483738,16.07542,train,1,,,,,CZ,,,,Europe/Prague,988
czptt,-SR70ST-CZ-57480,Starkoč,50.411112,16.100771,train,1,,,,,CZ,,,,Europe/Prague,1443
czptt,-SR70ST-CZ-57500,Česká Skalice,50.39554,16.054034,train,1,,,,,CZ,,,,Europe/Prague,912
czptt,-SR70ST-CZ-57522,Hrádek nad Nisou,50.855294,14.84715,train,1,,,,,CZ,,,,Europe/Prague,1371
czptt,-SR70ST-CZ-57552,Chrastava,50.812876,14.952641,train,1,,,,,CZ,,,,Europe/Prague,1326
czptt,-SR70ST-CZ-58000,Čáslav,49.915545,15.395982,train,1,,,,,CZ,,,,Europe/Prague,218
czptt,-SR70ST-CZ-58001,Č.Třebová odj.sk.,49.896813,16.446158,train,1,,,,,CZ,,,,Europe/Prague,18
czptt,-SR70ST-CZ-58002,Č.Třebová vjezd.sk.,49.874195,16.471601,train,1,,,,,CZ,,,,Europe/Prague,0
czptt,-SR70ST-CZ-58007,Kolín seř.n.,50.019109,15.224233,train,1,,,,,CZ,,,,Europe/Prague,4
czptt,-SR70ST-CZ-58009,Lovosice jih,50.506147,14.076548,train,1,,,,,CZ,,,,Europe/Prague,0
czptt,-SR70ST-CZ-58019,Ústí n.L.z.vnější n.,50.65628,14.019102,train,1,,,,,CZ,,,,Europe/Prague,2
czptt,-SR70ST-CZ-58044,ELNA Opatovice,50.125797,15.789956,train,1,,,,,CZ,,,,Europe/Prague,1
czptt,-SR70ST-CZ-58073,Cejřov hláska,49.844786,15.950398,train,1,,,,,CZ,,,,Europe/Prague,0
czptt,-SR70ST-CZ-58083,Nymburk předjízd.n.,50.189026,15.06337,train,1,,,,,CZ,,,,Europe/Prague,80
czptt,-SR70ST-CZ-58091,MB hl.n. kol.č. 5c,50.408265,14.894562,train,1,,,,,CZ,,,,Europe/Prague,0
czptt,-SR70ST-CZ-58104,Neratovice kol. č.6a,50.262048,14.522624,train,1,,,,,CZ,,,,Europe/Prague,41
czptt,-SR70ST-CZ-58109,Ústí nad Labem jih,50.644778,14.043549,train,1,,,,,CZ,,,,Europe/Prague,0
czptt,-SR70ST-CZ-58117,Praha-Smíchov sever. n.,50.06326,14.406635,train,1,,,,,CZ,,,,Europe/Prague,229
czptt,-SR70ST-CZ-58366,Praha-Vyšehrad výhybna,50.067528,14.419941,train,1,,,,,CZ,,,,Europe/Prague,0
czptt,-SR70ST-CZ-58376,Praha Jih,50.051407,14.467388,train,1,,,,,CZ,,,,Europe/Prague,45
czptt,-SR70ST-CZ-58377,Praha-Michle autovlak,50.052957,14.469673,train,1,,,,,CZ,,,,Europe/Prague,13
czptt,-SR70ST-CZ-58689,Děčín východ dol.n.,50.775748,14.223894,train,1,,,,,CZ,,,,Europe/Prague,30
czptt,-SR70ST-CZ-73005,Aš,50.208962,12.199942,train,1,,,,,CZ,,,,Europe/Prague,557
czptt,-SR70ST-CZ-73015,Aš město,50.218928,12.183507,train,1,,,,,CZ,,,,Europe/Prague,281
czptt,-SR70ST-CZ-73022,Mirovice,49.509911,14.034329,train,1,,,,,CZ,,,,Europe/Prague,820
czptt,-SR70ST-CZ-73042,Čimelice,49.47022,14.076705,train,1,,,,,CZ,,,,Europe/Prague,825
czptt,-SR70ST-CZ-73055,Studánka,50.27761,12.176839,train,1,,,,,CZ,,,,Europe/Prague,33
czptt,-SR70ST-CZ-73065,Hranice v Čechách,50.302057,12.181994,train,1,,,,,CZ,,,,Europe/Prague,34
czptt,-SR70ST-CZ-73072,Vráž u Písku,49.391907,14.124607,train,1,,,,,CZ,,,,Europe/Prague,321
czptt,-SR70ST-CZ-73074,Beroun,49.957548,14.077924,train,1,,,,,CZ,,,,Europe/Prague,4680
czptt,-SR70ST-CZ-73082,Čížová,49.353584,14.097721,train,1,,,,,CZ,,,,Europe/Prague,793
czptt,-SR70ST-CZ-73104,Zdice,49.907726,13.979407,train,1,,,,,CZ,,,,Europe/Prague,2131
czptt,-SR70ST-CZ-73134,Hořovice,49.843189,13.899049,train,1,,,,,CZ,,,,Europe/Prague,1488
czptt,-SR70ST-CZ-73162,Bělčice,49.504098,13.886011,train,1,,,,,CZ,,,,Europe/Prague,435
czptt,-SR70ST-CZ-73165,Kařízek,49.800792,13.767871,train,1,,,,,CZ,,,,Europe/Prague,261
czptt,-SR70ST-CZ-73185,Holoubkov,49.774001,13.700041,train,1,,,,,CZ,,,,Europe/Prague,261
czptt,-SR70ST-CZ-73202,Sedlice,49.384607,13.936516,train,1,,,,,CZ,,,,Europe/Prague,300
czptt,-SR70ST-CZ-73205,Rokycany,49.740005,13.592451,train,1,,,,,CZ,,,,Europe/Prague,1909
czptt,-SR70ST-CZ-73225,Ejpovice,49.751575,13.511726,train,1,,,,,CZ,,,,Europe/Prague,687
czptt,-SR70ST-CZ-73242,Radomyšl,49.320238,13.948527,train,1,,,,,CZ,,,,Europe/Prague,299
czptt,-SR70ST-CZ-73245,Chrást u Plzně,49.785307,13.497645,train,1,,,,,CZ,,,,Europe/Prague,290
czptt,-SR70ST-CZ-73275,Plzeň hl. n.,49.74354,13.388033,train,1,,,,,CZ,,,,Europe/Prague,6270
czptt,-SR70ST-CZ-73282,České Budějovice,48.974436,14.488809,train,1,,,,,CZ,,,,Europe/Prague,4305
czptt,-SR70ST-CZ-73302,Hluboká nad Vltavou,49.032362,14.420317,train,1,,,,,CZ,,,,Europe/Prague,695
czptt,-SR70ST-CZ-73306,Lubenec,50.126299,13.327972,train,1,,,,,CZ,,,,Europe/Prague,320
czptt,-SR70ST-CZ-73312,Zliv,49.065453,14.361653,train,1,,,,,CZ,,,,Europe/Prague,1006
czptt,-SR70ST-CZ-73332,Dívčice,49.106223,14.301213,train,1,,,,,CZ,,,,Europe/Prague,571
czptt,-SR70ST-CZ-73335,Chyše,50.111121,13.247895,train,1,,,,,CZ,,,,Europe/Prague,303
czptt,-SR70ST-CZ-73345,Protivec,50.089561,13.207044,train,1,,,,,CZ,,,,Europe/Prague,304
czptt,-SR70ST-CZ-73352,Číčenice,49.153552,14.221498,train,1,,,,,CZ,,,,Europe/Prague,2267
czptt,-SR70ST-CZ-73365,Žlutice,50.08459,13.159599,train,1,,,,,CZ,,,,Europe/Prague,348
czptt,-SR70ST-CZ-73382,Protivín,49.21253,14.211831,train,1,,,,,CZ,,,,Europe/Prague,2118
czptt,-SR70ST-CZ-73385,Štědrá,50.049871,13.119658,train,1,,,,,CZ,,,,Europe/Prague,206
czptt,-SR70ST-CZ-73412,Ražice,49.244658,14.10832,train,1,,,,,CZ,,,,Europe/Prague,1221
czptt,-SR70ST-CZ-73415,Toužim,50.050586,12.991311,train,1,,,,,CZ,,,,Europe/Prague,208
czptt,-SR70ST-CZ-73432,Čejetice,49.251564,14.015706,train,1,,,,,CZ,,,,Europe/Prague,705
czptt,-SR70ST-CZ-73435,Otročín,50.039082,12.887212,train,1,,,,,CZ,,,,Europe/Prague,171
czptt,-SR70ST-CZ-73445,Dalovice,50.254937,12.886604,train,1,,,,,CZ,,,,Europe/Prague,298
czptt,-SR70ST-CZ-73455,Sadov,50.267766,12.890893,train,1,,,,,CZ,,,,Europe/Prague,78
czptt,-SR70ST-CZ-73482,Hluboká nad Vltavou-Zámostí,49.050539,14.465287,train,1,,,,,CZ,,,,Europe/Prague,226
czptt,-SR70ST-CZ-73485,Hroznětín,50.306739,12.868627,train,1,,,,,CZ,,,,Europe/Prague,78
czptt,-SR70ST-CZ-73492,Chotýčany,49.078613,14.52931,train,1,,,,,CZ,,,,Europe/Prague,226
czptt,-SR70ST-CZ-73502,Ševětín,49.097371,14.574492,train,1,,,,,CZ,,,,Europe/Prague,363
czptt,-SR70ST-CZ-73505,Merklín,50.326813,12.865106,train,1,,,,,CZ,,,,Europe/Prague,78
czptt,-SR70ST-CZ-73515,Domažlice,49.435092,12.943199,train,1,,,,,CZ,,,,Europe/Prague,1402
czptt,-SR70ST-CZ-73535,Havlovice,49.416568,12.874994,train,1,,,,,CZ,,,,Europe/Prague,368
czptt,-SR70ST-CZ-73552,Veselí nad Lužnicí,49.193238,14.716672,train,1,,,,,CZ,,,,Europe/Prague,2526
czptt,-SR70ST-CZ-73555,Trhanov,49.420106,12.839544,train,1,,,,,CZ,,,,Europe/Prague,379
czptt,-SR70ST-CZ-73565,Klenčí pod Čerchovem,49.438893,12.822551,train,1,,,,,CZ,,,,Europe/Prague,380
czptt,-SR70ST-CZ-73572,Soběslav,49.25474,14.725818,train,1,,,,,CZ,,,,Europe/Prague,825
czptt,-SR70ST-CZ-73595,Hazlov,50.161923,12.27939,train,1,,,,,CZ,,,,Europe/Prague,304
czptt,-SR70ST-CZ-73602,Planá nad Lužnicí,49.353947,14.706261,train,1,,,,,CZ,,,,Europe/Prague,826
czptt,-SR70ST-CZ-73605,Horažďovice,49.320937,13.709912,train,1,,,,,CZ,,,,Europe/Prague,501
czptt,-SR70ST-CZ-73615,Velké Hydčice,49.298411,13.663471,train,1,,,,,CZ,,,,Europe/Prague,401
czptt,-SR70ST-CZ-73622,Tábor,49.414605,14.676457,train,1,,,,,CZ,,,,Europe/Prague,2792
czptt,-SR70ST-CZ-73625,Žichovice,49.26776,13.617689,train,1,,,,,CZ,,,,Europe/Prague,400
czptt,-SR70ST-CZ-73632,České Velenice,48.769495,14.957207,train,1,,,,,CZ,,,,Europe/Prague,1283
czptt,-SR70ST-CZ-73635,Sušice,49.246768,13.54188,train,1,,,,,CZ,,,,Europe/Prague,507
czptt,-SR70ST-CZ-73642,Nová Ves nad Lužnicí,48.811891,14.922855,train,1,,,,,CZ,,,,Europe/Prague,293
czptt,-SR70ST-CZ-73645,Hrádek u Sušice,49.262046,13.490765,train,1,,,,,CZ,,,,Europe/Prague,307
czptt,-SR70ST-CZ-73665,Kolinec,49.295192,13.435925,train,1,,,,,CZ,,,,Europe/Prague,306
czptt,-SR70ST-CZ-73675,Malonice,49.299249,13.367261,train,1,,,,,CZ,,,,Europe/Prague,306
czptt,-SR70ST-CZ-73682,Suchdol nad Lužnicí,48.902182,14.882861,train,1,,,,,CZ,,,,Europe/Prague,293
czptt,-SR70ST-CZ-73685,Nemilkov,49.284851,13.343957,train,1,,,,,CZ,,,,Europe/Prague,219
czptt,-SR70ST-CZ-73692,Majdalena,48.950586,14.868149,train,1,,,,,CZ,,,,Europe/Prague,477
czptt,-SR70ST-CZ-73695,Běšiny,49.304485,13.303661,train,1,,,,,CZ,,,,Europe/Prague,306
czptt,-SR70ST-CZ-73712,Třeboň,49.015286,14.760737,train,1,,,,,CZ,,,,Europe/Prague,478
czptt,-SR70ST-CZ-73732,Lomnice nad Lužnicí,49.091196,14.730274,train,1,,,,,CZ,,,,Europe/Prague,279
czptt,-SR70ST-CZ-73745,Klatovy,49.401471,13.27416,train,1,,,,,CZ,,,,Europe/Prague,1792
czptt,-SR70ST-CZ-73762,Vodňany,49.145139,14.180098,train,1,,,,,CZ,,,,Europe/Prague,411
czptt,-SR70ST-CZ-73765,Janovice nad Úhlavou,49.352642,13.203806,train,1,,,,,CZ,,,,Europe/Prague,529
czptt,-SR70ST-CZ-73792,Bavorov,49.12641,14.083973,train,1,,,,,CZ,,,,Europe/Prague,321
czptt,-SR70ST-CZ-73795,Pocinovice,49.346316,13.13562,train,1,,,,,CZ,,,,Europe/Prague,171
czptt,-SR70ST-CZ-73812,Strunkovice nad Blanicí,49.081185,14.061268,train,1,,,,,CZ,,,,Europe/Prague,322
czptt,-SR70ST-CZ-73822,Husinec,49.049901,14.026353,train,1,,,,,CZ,,,,Europe/Prague,322
czptt,-SR70ST-CZ-73832,Prachatice,49.015101,14.008707,train,1,,,,,CZ,,,,Europe/Prague,324
czptt,-SR70ST-CZ-73835,Kdyně,49.383661,13.032418,train,1,,,,,CZ,,,,Europe/Prague,173
czptt,-SR70ST-CZ-73842,Prachatice lázně,49.006011,13.997631,train,1,,,,,CZ,,,,Europe/Prague,251
czptt,-SR70ST-CZ-73845,Kout na Šumavě,49.397106,13.012074,train,1,,,,,CZ,,,,Europe/Prague,173
czptt,-SR70ST-CZ-73862,Chroboly,48.956319,14.055105,train,1,,,,,CZ,,,,Europe/Prague,248
czptt,-SR70ST-CZ-73865,Horažďovice předměstí,49.331317,13.738921,train,1,,,,,CZ,,,,Europe/Prague,1707
czptt,-SR70ST-CZ-73892,Zbytiny,48.93713,13.976944,train,1,,,,,CZ,,,,Europe/Prague,248
czptt,-SR70ST-CZ-73895,Pačejov,49.391283,13.62044,train,1,,,,,CZ,,,,Europe/Prague,285
czptt,-SR70ST-CZ-73912,Volary,48.9071,13.883316,train,1,,,,,CZ,,,,Europe/Prague,662
czptt,-SR70ST-CZ-73925,Nepomuk,49.49747,13.608839,train,1,,,,,CZ,,,,Europe/Prague,1709
czptt,-SR70ST-CZ-73932,Černý Kříž,48.86069,13.861132,train,1,,,,,CZ,,,,Europe/Prague,371
czptt,-SR70ST-CZ-73942,Stožec,48.859002,13.820792,train,1,,,,,CZ,,,,Europe/Prague,365
czptt,-SR70ST-CZ-73945,Ždírec u Plzně,49.550641,13.574083,train,1,,,,,CZ,,,,Europe/Prague,456
czptt,-SR70ST-CZ-73952,Nové Údolí,48.829371,13.7939,train,1,,,,,CZ,,,,Europe/Prague,285
czptt,-SR70ST-CZ-73955,Blovice,49.581111,13.531344,train,1,,,,,CZ,,,,Europe/Prague,726
czptt,-SR70ST-CZ-73985,Starý Plzenec,49.695247,13.478386,train,1,,,,,CZ,,,,Europe/Prague,502
czptt,-SR70ST-CZ-73992,Záboří u Číčenic,49.160499,14.273972,train,1,,,,,CZ,,,,Europe/Prague,3
czptt,-SR70ST-CZ-74005,Františkovy Lázně,50.124364,12.355275,train,1,,,,,CZ,,,,Europe/Prague,567
czptt,-SR70ST-CZ-74025,Vojtanov,50.167469,12.327701,train,1,,,,,CZ,,,,Europe/Prague,141
czptt,-SR70ST-CZ-74032,Temelín,49.195609,14.346411,train,1,,,,,CZ,,,,Europe/Prague,6
czptt,-SR70ST-CZ-74052,Týn nad Vltavou,49.223057,14.408464,train,1,,,,,CZ,,,,Europe/Prague,6
czptt,-SR70ST-CZ-74055,Chodov,50.231475,12.753659,train,1,,,,,CZ,,,,Europe/Prague,616
czptt,-SR70ST-CZ-74085,Nová Role,50.273633,12.780028,train,1,,,,,CZ,,,,Europe/Prague,438
czptt,-SR70ST-CZ-74102,Netolice,49.05412,14.189626,train,1,,,,,CZ,,,,Europe/Prague,2
czptt,-SR70ST-CZ-74105,Chrást u Plzně zastávka,49.800038,13.496894,train,1,,,,,CZ,,,,Europe/Prague,152
czptt,-SR70ST-CZ-74122,Nové Hrady,48.822788,14.809579,train,1,,,,,CZ,,,,Europe/Prague,334
czptt,-SR70ST-CZ-74135,Stupno,49.826136,13.577014,train,1,,,,,CZ,,,,Europe/Prague,239
czptt,-SR70ST-CZ-74142,Jílovice,48.8771,14.705291,train,1,,,,,CZ,,,,Europe/Prague,237
czptt,-SR70ST-CZ-74155,Radnice,49.858041,13.596655,train,1,,,,,CZ,,,,Europe/Prague,224
czptt,-SR70ST-CZ-74162,Borovany,48.891334,14.642616,train,1,,,,,CZ,,,,Europe/Prague,348
czptt,-SR70ST-CZ-74165,Stará Role,50.245811,12.835781,train,1,,,,,CZ,,,,Europe/Prague,409
czptt,-SR70ST-CZ-74182,Nová Ves u Českých Budějovic,48.921128,14.529094,train,1,,,,,CZ,,,,Europe/Prague,313
czptt,-SR70ST-CZ-74205,Nejdek,50.319077,12.727552,train,1,,,,,CZ,,,,Europe/Prague,453
czptt,-SR70ST-CZ-74222,Dobrá Voda u Pelhřimova,49.356609,15.274498,train,1,,,,,CZ,,,,Europe/Prague,393
czptt,-SR70ST-CZ-74235,Nové Hamry,50.357094,12.719411,train,1,,,,,CZ,,,,Europe/Prague,319
czptt,-SR70ST-CZ-74252,Pelhřimov,49.419759,15.222502,train,1,,,,,CZ,,,,Europe/Prague,465
czptt,-SR70ST-CZ-74272,Nová Cerekev,49.42571,15.118042,train,1,,,,,CZ,,,,Europe/Prague,425
czptt,-SR70ST-CZ-74275,Pernink,50.365598,12.773347,train,1,,,,,CZ,,,,Europe/Prague,243
czptt,-SR70ST-CZ-74285,Horní Blatná,50.388054,12.766634,train,1,,,,,CZ,,,,Europe/Prague,243
czptt,-SR70ST-CZ-74292,Pacov,49.459897,15.01728,train,1,,,,,CZ,,,,Europe/Prague,480
czptt,-SR70ST-CZ-74305,Potůčky,50.430215,12.738893,train,1,,,,,CZ,,,,Europe/Prague,303
czptt,-SR70ST-CZ-74315,Krásný Jez,50.11605,12.848147,train,1,,,,,CZ,,,,Europe/Prague,208
czptt,-SR70ST-CZ-74322,Chýnov,49.415568,14.810689,train,1,,,,,CZ,,,,Europe/Prague,484
czptt,-SR70ST-CZ-74325,Horní Slavkov-Kounice,50.136748,12.814416,train,1,,,,,CZ,,,,Europe/Prague,40
czptt,-SR70ST-CZ-74362,Jindřichův Hradec,49.155129,15.004196,train,1,,,,,CZ,,,,Europe/Prague,1327
czptt,-SR70ST-CZ-74365,Loket předměstí,50.185586,12.760206,train,1,,,,,CZ,,,,Europe/Prague,32
czptt,-SR70ST-CZ-74372,Jindřiš,49.146277,15.058958,train,1,,,,,CZ,,,,Europe/Prague,12
czptt,-SR70ST-CZ-74395,Nové Sedlo u Lokte,50.214223,12.745638,train,1,,,,,CZ,,,,Europe/Prague,591
czptt,-SR70ST-CZ-74405,Mariánské Lázně,49.956848,12.694608,train,1,,,,,CZ,,,,Europe/Prague,875
czptt,-SR70ST-CZ-74425,Vlkovice,49.946786,12.742649,train,1,,,,,CZ,,,,Europe/Prague,116
czptt,-SR70ST-CZ-74445,Ovesné Kladruby,49.956619,12.785065,train,1,,,,,CZ,,,,Europe/Prague,116
czptt,-SR70ST-CZ-74465,Teplá,49.9756,12.860021,train,1,,,,,CZ,,,,Europe/Prague,116
czptt,-SR70ST-CZ-74472,Horní Skrýchov,49.170725,15.031642,train,1,,,,,CZ,,,,Europe/Prague,12
czptt,-SR70ST-CZ-74485,Poutnov,50.01825,12.822012,train,1,,,,,CZ,,,,Europe/Prague,116
czptt,-SR70ST-CZ-74505,Bečov nad Teplou,50.083031,12.831168,train,1,,,,,CZ,,,,Europe/Prague,370
czptt,-SR70ST-CZ-74525,Loket,50.189839,12.752757,train,1,,,,,CZ,,,,Europe/Prague,262
czptt,-SR70ST-CZ-74535,Teplička u Karlových Varů,50.152214,12.847026,train,1,,,,,CZ,,,,Europe/Prague,30
czptt,-SR70ST-CZ-74565,Karlovy Vary-Březová,50.201953,12.83756,train,1,,,,,CZ,,,,Europe/Prague,177
czptt,-SR70ST-CZ-74585,Karlovy Vary dolní n.,50.230204,12.862865,train,1,,,,,CZ,,,,Europe/Prague,603
czptt,-SR70ST-CZ-74595,Nýřany,49.714949,13.209543,train,1,,,,,CZ,,,,Europe/Prague,651
czptt,-SR70ST-CZ-74632,Obrataň,49.428911,14.953393,train,1,,,,,CZ,,,,Europe/Prague,460
czptt,-SR70ST-CZ-74645,Heřmanova Huť,49.710581,13.087765,train,1,,,,,CZ,,,,Europe/Prague,159
czptt,-SR70ST-CZ-74655,Plzeň-Jižní Předměstí,49.740114,13.36752,train,1,,,,,CZ,,,,Europe/Prague,1890
czptt,-SR70ST-CZ-74675,Vejprnice,49.729814,13.284627,train,1,,,,,CZ,,,,Europe/Prague,480
czptt,-SR70ST-CZ-74683,Kasejovice,49.457008,13.744106,train,1,,,,,CZ,,,,Europe/Prague,147
czptt,-SR70ST-CZ-74715,Stod,49.639715,13.155191,train,1,,,,,CZ,,,,Europe/Prague,464
czptt,-SR70ST-CZ-74722,Blatná,49.431,13.872683,train,1,,,,,CZ,,,,Europe/Prague,747
czptt,-SR70ST-CZ-74735,Holýšov,49.597268,13.101306,train,1,,,,,CZ,,,,Europe/Prague,882
czptt,-SR70ST-CZ-74742,Rožmberk nad Vltavou,48.626417,14.363206,train,1,,,,,CZ,,,,Europe/Prague,434
czptt,-SR70ST-CZ-74765,Blížejov,49.501588,12.995066,train,1,,,,,CZ,,,,Europe/Prague,380
czptt,-SR70ST-CZ-74772,Vyšší Brod klášter,48.62346,14.309183,train,1,,,,,CZ,,,,Europe/Prague,505
czptt,-SR70ST-CZ-74785,Stříbro,49.741122,13.000607,train,1,,,,,CZ,,,,Europe/Prague,591
czptt,-SR70ST-CZ-74792,Loučovice,48.620677,14.256741,train,1,,,,,CZ,,,,Europe/Prague,425
czptt,-SR70ST-CZ-74805,Česká Kubice,49.374277,12.865068,train,1,,,,,CZ,,,,Europe/Prague,22
czptt,-SR70ST-CZ-74812,Lipno nad Vltavou,48.633829,14.243284,train,1,,,,,CZ,,,,Europe/Prague,425
czptt,-SR70ST-CZ-74815,Plzeň-Křimice,49.751597,13.303594,train,1,,,,,CZ,,,,Europe/Prague,334
czptt,-SR70ST-CZ-74822,Slavonice,48.993821,15.349134,train,1,,,,,CZ,,,,Europe/Prague,413
czptt,-SR70ST-CZ-74835,Kozolupy,49.762264,13.244578,train,1,,,,,CZ,,,,Europe/Prague,295
czptt,-SR70ST-CZ-74875,Vranov u Stříbra,49.762162,13.040952,train,1,,,,,CZ,,,,Europe/Prague,168
czptt,-SR70ST-CZ-74882,Dačice,49.086034,15.439268,train,1,,,,,CZ,,,,Europe/Prague,649
czptt,-SR70ST-CZ-74895,Milíkov,49.743308,12.940424,train,1,,,,,CZ,,,,Europe/Prague,22
czptt,-SR70ST-CZ-74905,Svojšín,49.763072,12.9111,train,1,,,,,CZ,,,,Europe/Prague,171
czptt,-SR70ST-CZ-74915,Ošelín,49.786,12.846318,train,1,,,,,CZ,,,,Europe/Prague,112
czptt,-SR70ST-CZ-74925,Pavlovice,49.821466,12.780456,train,1,,,,,CZ,,,,Europe/Prague,137
czptt,-SR70ST-CZ-74930,Telč,49.182572,15.464487,train,1,,,,,CZ,,,,Europe/Prague,708
czptt,-SR70ST-CZ-74935,Brod nad Tichou,49.829078,12.741366,train,1,,,,,CZ,,,,Europe/Prague,142
czptt,-SR70ST-CZ-74945,Planá u M.L.,49.86173,12.730129,train,1,,,,,CZ,,,,Europe/Prague,819
czptt,-SR70ST-CZ-74950,Sedlejov,49.224734,15.495807,train,1,,,,,CZ,,,,Europe/Prague,638
czptt,-SR70ST-CZ-74955,Chodová Planá,49.902697,12.725177,train,1,,,,,CZ,,,,Europe/Prague,267
czptt,-SR70ST-CZ-74960,Hodice,49.271699,15.484137,train,1,,,,,CZ,,,,Europe/Prague,631
czptt,-SR70ST-CZ-74965,Valy u Mariánských Lázní,49.977183,12.664722,train,1,,,,,CZ,,,,Europe/Prague,354
czptt,-SR70ST-CZ-74975,Lázně Kynžvart,49.993329,12.614074,train,1,,,,,CZ,,,,Europe/Prague,419
czptt,-SR70ST-CZ-74980,Třešť,49.298128,15.476438,train,1,,,,,CZ,,,,Europe/Prague,676
czptt,-SR70ST-CZ-74985,Dolní Žandov,50.011759,12.539968,train,1,,,,,CZ,,,,Europe/Prague,355
czptt,-SR70ST-CZ-75005,Lipová u Chebu,50.029198,12.457752,train,1,,,,,CZ,,,,Europe/Prague,320
czptt,-SR70ST-CZ-75032,Strunkovice nad Volyňkou,49.203439,13.885809,train,1,,,,,CZ,,,,Europe/Prague,0
czptt,-SR70ST-CZ-75035,Cheb,50.073768,12.380778,train,1,,,,,CZ,,,,Europe/Prague,1892
czptt,-SR70ST-CZ-75052,Volyně,49.170253,13.89292,train,1,,,,,CZ,,,,Europe/Prague,282
czptt,-SR70ST-CZ-75065,Třemošná u Plzně,49.819143,13.39459,train,1,,,,,CZ,,,,Europe/Prague,469
czptt,-SR70ST-CZ-75085,Horní Bříza,49.850917,13.379648,train,1,,,,,CZ,,,,Europe/Prague,467
czptt,-SR70ST-CZ-75092,Čkyně,49.111155,13.829106,train,1,,,,,CZ,,,,Europe/Prague,283
czptt,-SR70ST-CZ-75105,Kaznějov,49.893768,13.37501,train,1,,,,,CZ,,,,Europe/Prague,861
czptt,-SR70ST-CZ-75112,Bohumilice v Čechách,49.092715,13.801226,train,1,,,,,CZ,,,,Europe/Prague,283
czptt,-SR70ST-CZ-75115,Plasy,49.930898,13.379641,train,1,,,,,CZ,,,,Europe/Prague,869
czptt,-SR70ST-CZ-75122,Vimperk,49.055544,13.790796,train,1,,,,,CZ,,,,Europe/Prague,285
czptt,-SR70ST-CZ-75142,Lipka,49.020156,13.735621,train,1,,,,,CZ,,,,Europe/Prague,236
czptt,-SR70ST-CZ-75145,Mladotice,49.98671,13.364014,train,1,,,,,CZ,,,,Europe/Prague,295
czptt,-SR70ST-CZ-75162,Kubova Huť,48.982983,13.774752,train,1,,,,,CZ,,,,Europe/Prague,236
czptt,-SR70ST-CZ-75165,Žihle,50.046725,13.362878,train,1,,,,,CZ,,,,Europe/Prague,540
czptt,-SR70ST-CZ-75186,Blatno u Jesenice,50.100015,13.390018,train,1,,,,,CZ,,,,Europe/Prague,930
czptt,-SR70ST-CZ-75202,Lenora,48.928387,13.796929,train,1,,,,,CZ,,,,Europe/Prague,271
czptt,-SR70ST-CZ-75206,Petrohrad,50.135256,13.434022,train,1,,,,,CZ,,,,Europe/Prague,28
czptt,-SR70ST-CZ-75216,Kryry,50.168862,13.422875,train,1,,,,,CZ,,,,Europe/Prague,355
czptt,-SR70ST-CZ-75222,Horní Dvořiště,48.602468,14.420923,train,1,,,,,CZ,,,,Europe/Prague,218
czptt,-SR70ST-CZ-75226,Vroutek,50.183969,13.374018,train,1,,,,,CZ,,,,Europe/Prague,355
czptt,-SR70ST-CZ-75232,Rybník,48.649456,14.431826,train,1,,,,,CZ,,,,Europe/Prague,960
czptt,-SR70ST-CZ-75236,Podbořany,50.223563,13.404553,train,1,,,,,CZ,,,,Europe/Prague,437
czptt,-SR70ST-CZ-75246,Kaštice,50.261721,13.417975,train,1,,,,,CZ,,,,Europe/Prague,37
czptt,-SR70ST-CZ-75262,Omlenice,48.725222,14.447555,train,1,,,,,CZ,,,,Europe/Prague,339
czptt,-SR70ST-CZ-75272,Kaplice,48.775139,14.468693,train,1,,,,,CZ,,,,Europe/Prague,588
czptt,-SR70ST-CZ-75292,Velešín,48.819997,14.436373,train,1,,,,,CZ,,,,Europe/Prague,338
czptt,-SR70ST-CZ-75295,Plzeň zastávka,49.736793,13.374871,train,1,,,,,CZ,,,,Europe/Prague,1447
czptt,-SR70ST-CZ-75312,Holkov,48.851566,14.447967,train,1,,,,,CZ,,,,Europe/Prague,354
czptt,-SR70ST-CZ-75315,Plzeň-Valcha,49.713098,13.336891,train,1,,,,,CZ,,,,Europe/Prague,12
czptt,-SR70ST-CZ-75325,Dobřany,49.656503,13.303382,train,1,,,,,CZ,,,,Europe/Prague,1317
czptt,-SR70ST-CZ-75332,Kamenný Újezd u Českých Budějovic,48.891169,14.448996,train,1,,,,,CZ,,,,Europe/Prague,383
czptt,-SR70ST-CZ-75335,Chlumčany u Dobřan,49.622922,13.292072,train,1,,,,,CZ,,,,Europe/Prague,1230
czptt,-SR70ST-CZ-75352,Včelná,48.924434,14.449564,train,1,,,,,CZ,,,,Europe/Prague,267
czptt,-SR70ST-CZ-75355,Přeštice,49.575183,13.322532,train,1,,,,,CZ,,,,Europe/Prague,1448
czptt,-SR70ST-CZ-75382,Slapy,49.38461,14.62865,train,1,,,,,CZ,,,,Europe/Prague,186
czptt,-SR70ST-CZ-75395,Švihov u Klatov,49.473749,13.29077,train,1,,,,,CZ,,,,Europe/Prague,1168
czptt,-SR70ST-CZ-75402,Malšice,49.360474,14.586046,train,1,,,,,CZ,,,,Europe/Prague,187
czptt,-SR70ST-CZ-75415,Točník,49.429435,13.309333,train,1,,,,,CZ,,,,Europe/Prague,55
czptt,-SR70ST-CZ-75425,Pňovany,49.788654,13.09049,train,1,,,,,CZ,,,,Europe/Prague,240
czptt,-SR70ST-CZ-75445,Trpísty,49.815464,13.046976,train,1,,,,,CZ,,,,Europe/Prague,127
czptt,-SR70ST-CZ-75452,Sudoměřice u Bechyně,49.2956,14.541647,train,1,,,,,CZ,,,,Europe/Prague,186
czptt,-SR70ST-CZ-75465,Cebiv,49.831289,12.981299,train,1,,,,,CZ,,,,Europe/Prague,183
czptt,-SR70ST-CZ-75482,Bechyně,49.300467,14.477282,train,1,,,,,CZ,,,,Europe/Prague,186
czptt,-SR70ST-CZ-75495,Kokašice,49.882437,12.964296,train,1,,,,,CZ,,,,Europe/Prague,192
czptt,-SR70ST-CZ-75502,Balkova Lhota,49.44595,14.598225,train,1,,,,,CZ,,,,Europe/Prague,408
czptt,-SR70ST-CZ-75515,Bezdružice,49.903175,12.969448,train,1,,,,,CZ,,,,Europe/Prague,192
czptt,-SR70ST-CZ-75525,Poběžovice,49.513474,12.811605,train,1,,,,,CZ,,,,Europe/Prague,510
czptt,-SR70ST-CZ-75532,Božejovice,49.447655,14.494704,train,1,,,,,CZ,,,,Europe/Prague,715
czptt,-SR70ST-CZ-75535,Mutěnín,49.544936,12.773316,train,1,,,,,CZ,,,,Europe/Prague,312
czptt,-SR70ST-CZ-75545,Hostouň,49.560491,12.777961,train,1,,,,,CZ,,,,Europe/Prague,311
czptt,-SR70ST-CZ-75552,Milevsko,49.441497,14.377689,train,1,,,,,CZ,,,,Europe/Prague,870
czptt,-SR70ST-CZ-75572,Branice,49.402743,14.345372,train,1,,,,,CZ,,,,Europe/Prague,762
czptt,-SR70ST-CZ-75575,Bělá nad Radbuzou,49.588661,12.720743,train,1,,,,,CZ,,,,Europe/Prague,380
czptt,-SR70ST-CZ-75595,Třemešné pod Přimdou,49.625481,12.701394,train,1,,,,,CZ,,,,Europe/Prague,192
czptt,-SR70ST-CZ-75602,Červená nad Vltavou,49.371933,14.273039,train,1,,,,,CZ,,,,Europe/Prague,372
czptt,-SR70ST-CZ-75612,Vlastec,49.369163,14.223254,train,1,,,,,CZ,,,,Europe/Prague,332
czptt,-SR70ST-CZ-75622,Záhoří,49.343202,14.203446,train,1,,,,,CZ,,,,Europe/Prague,498
czptt,-SR70ST-CZ-75625,Stráž u Tachova,49.665381,12.772708,train,1,,,,,CZ,,,,Europe/Prague,244
czptt,-SR70ST-CZ-75642,Písek město,49.313743,14.161561,train,1,,,,,CZ,,,,Europe/Prague,789
czptt,-SR70ST-CZ-75645,Staré Sedliště,49.739748,12.701278,train,1,,,,,CZ,,,,Europe/Prague,263
czptt,-SR70ST-CZ-75652,Písek,49.296359,14.143109,train,1,,,,,CZ,,,,Europe/Prague,2012
czptt,-SR70ST-CZ-75662,Putim,49.263541,14.131178,train,1,,,,,CZ,,,,Europe/Prague,1100
czptt,-SR70ST-CZ-75672,Doňov,49.208252,14.799755,train,1,,,,,CZ,,,,Europe/Prague,281
czptt,-SR70ST-CZ-75682,Kardašova Řečice,49.183571,14.860462,train,1,,,,,CZ,,,,Europe/Prague,1299
czptt,-SR70ST-CZ-75685,Tachov,49.802209,12.638859,train,1,,,,,CZ,,,,Europe/Prague,427
czptt,-SR70ST-CZ-75722,Jarošov nad Nežárkou,49.181665,15.078826,train,1,,,,,CZ,,,,Europe/Prague,3
czptt,-SR70ST-CZ-75752,Popelín,49.220304,15.178502,train,1,,,,,CZ,,,,Europe/Prague,3
czptt,-SR70ST-CZ-75762,Počátky-Žirovnice,49.236994,15.212418,train,1,,,,,CZ,,,,Europe/Prague,1025
czptt,-SR70ST-CZ-75775,Bochov,50.154754,13.045366,train,1,,,,,CZ,,,,Europe/Prague,11
czptt,-SR70ST-CZ-75802,Horní Cerekev,49.311349,15.324708,train,1,,,,,CZ,,,,Europe/Prague,1626
czptt,-SR70ST-CZ-75816,Perštejn,50.367589,13.112837,train,1,,,,,CZ,,,,Europe/Prague,222
czptt,-SR70ST-CZ-75820,Batelov,49.317506,15.398129,train,1,,,,,CZ,,,,Europe/Prague,1633
czptt,-SR70ST-CZ-75835,Stráž nad Ohří,50.340461,13.059173,train,1,,,,,CZ,,,,Europe/Prague,220
czptt,-SR70ST-CZ-75840,Kostelec u Jihlavy,49.356996,15.481502,train,1,,,,,CZ,,,,Europe/Prague,1138
czptt,-SR70ST-CZ-75845,Vojkovice nad Ohří,50.307508,13.016184,train,1,,,,,CZ,,,,Europe/Prague,221
czptt,-SR70ST-CZ-75855,Ostrov nad Ohří,50.301689,12.957714,train,1,,,,,CZ,,,,Europe/Prague,364
czptt,-SR70ST-CZ-75860,Rantířov,49.406743,15.513208,train,1,,,,,CZ,,,,Europe/Prague,399
czptt,-SR70ST-CZ-75865,Hájek,50.280088,12.937848,train,1,,,,,CZ,,,,Europe/Prague,220
czptt,-SR70ST-CZ-75875,Karlovy Vary,50.235452,12.866757,train,1,,,,,CZ,,,,Europe/Prague,1229
czptt,-SR70ST-CZ-75885,Karlovy Vary-Dvory,50.228979,12.832501,train,1,,,,,CZ,,,,Europe/Prague,359
czptt,-SR70ST-CZ-75892,Nová Pec,48.789906,13.953137,train,1,,,,,CZ,,,,Europe/Prague,223
czptt,-SR70ST-CZ-75905,Citice,50.164534,12.615659,train,1,,,,,CZ,,,,Europe/Prague,327
czptt,-SR70ST-CZ-75912,Horní Planá,48.764988,14.026345,train,1,,,,,CZ,,,,Europe/Prague,222
czptt,-SR70ST-CZ-75922,Černá v Pošumaví,48.742829,14.086768,train,1,,,,,CZ,,,,Europe/Prague,223
czptt,-SR70ST-CZ-75925,Dasnice,50.1394,12.567186,train,1,,,,,CZ,,,,Europe/Prague,335
czptt,-SR70ST-CZ-75935,Kynšperk n.O.,50.125746,12.519509,train,1,,,,,CZ,,,,Europe/Prague,478
czptt,-SR70ST-CZ-75945,Nebanice,50.117446,12.47857,train,1,,,,,CZ,,,,Europe/Prague,335
czptt,-SR70ST-CZ-75952,Polečnice,48.799453,14.120351,train,1,,,,,CZ,,,,Europe/Prague,193
czptt,-SR70ST-CZ-75955,Tršnice,50.114144,12.39987,train,1,,,,,CZ,,,,Europe/Prague,503
czptt,-SR70ST-CZ-75962,Polná na Šumavě,48.798617,14.147697,train,1,,,,,CZ,,,,Europe/Prague,203
czptt,-SR70ST-CZ-75972,Hořice na Šumavě,48.771457,14.183012,train,1,,,,,CZ,,,,Europe/Prague,218
czptt,-SR70ST-CZ-75974,Lašovice,50.065505,13.800009,train,1,,,,,CZ,,,,Europe/Prague,284
czptt,-SR70ST-CZ-75992,Kájov,48.812954,14.265166,train,1,,,,,CZ,,,,Europe/Prague,235
czptt,-SR70ST-CZ-76002,Český Krumlov,48.822373,14.317062,train,1,,,,,CZ,,,,Europe/Prague,330
czptt,-SR70ST-CZ-76014,Roztoky u Křivoklátu,50.023524,13.873895,train,1,,,,,CZ,,,,Europe/Prague,314
czptt,-SR70ST-CZ-76022,Zlatá Koruna,48.850709,14.351897,train,1,,,,,CZ,,,,Europe/Prague,294
czptt,-SR70ST-CZ-76034,Zbečno,50.035732,13.918236,train,1,,,,,CZ,,,,Europe/Prague,306
czptt,-SR70ST-CZ-76062,Křemže,48.904632,14.331082,train,1,,,,,CZ,,,,Europe/Prague,295
czptt,-SR70ST-CZ-76064,Nižbor,50.003354,13.998362,train,1,,,,,CZ,,,,Europe/Prague,347
czptt,-SR70ST-CZ-76074,Hýskov,49.988852,14.044678,train,1,,,,,CZ,,,,Europe/Prague,317
czptt,-SR70ST-CZ-76084,Beroun-Závodí,49.967193,14.083565,train,1,,,,,CZ,,,,Europe/Prague,677
czptt,-SR70ST-CZ-76092,Boršov nad Vltavou,48.926756,14.443559,train,1,,,,,CZ,,,,Europe/Prague,296
czptt,-SR70ST-CZ-76094,Rakovník,50.099007,13.736038,train,1,,,,,CZ,,,,Europe/Prague,2349
czptt,-SR70ST-CZ-76102,Strakonice,49.255041,13.915584,train,1,,,,,CZ,,,,Europe/Prague,2337
czptt,-SR70ST-CZ-76104,Senomaty,50.095553,13.646679,train,1,,,,,CZ,,,,Europe/Prague,488
czptt,-SR70ST-CZ-76124,Pšovlky,50.104337,13.598088,train,1,,,,,CZ,,,,Europe/Prague,488
czptt,-SR70ST-CZ-76132,Katovice,49.269197,13.823606,train,1,,,,,CZ,,,,Europe/Prague,86
czptt,-SR70ST-CZ-76144,Oráčov,50.107212,13.544556,train,1,,,,,CZ,,,,Europe/Prague,486
czptt,-SR70ST-CZ-76152,Střelské Hoštice,49.305123,13.779057,train,1,,,,,CZ,,,,Europe/Prague,85
czptt,-SR70ST-CZ-76164,Jesenice,50.093118,13.471791,train,1,,,,,CZ,,,,Europe/Prague,503
czptt,-SR70ST-CZ-76184,Lubná,50.078552,13.696012,train,1,,,,,CZ,,,,Europe/Prague,61
czptt,-SR70ST-CZ-76224,Čistá,50.033058,13.568941,train,1,,,,,CZ,,,,Europe/Prague,62
czptt,-SR70ST-CZ-76254,Rakovník západ,50.101687,13.714037,train,1,,,,,CZ,,,,Europe/Prague,614
czptt,-SR70ST-CZ-76255,Kralovice u Rakovníka,49.988794,13.489667,train,1,,,,,CZ,,,,Europe/Prague,62
czptt,-SR70ST-CZ-76315,Mirošov,49.700027,13.666118,train,1,,,,,CZ,,,,Europe/Prague,207
czptt,-SR70ST-CZ-76325,Mirošov město,49.689834,13.663001,train,1,,,,,CZ,,,,Europe/Prague,203
czptt,-SR70ST-CZ-76345,Příkosice,49.66298,13.650832,train,1,,,,,CZ,,,,Europe/Prague,314
czptt,-SR70ST-CZ-76365,Lipnice,49.644896,13.609551,train,1,,,,,CZ,,,,Europe/Prague,96
czptt,-SR70ST-CZ-76405,Nezvěstice,49.642476,13.516606,train,1,,,,,CZ,,,,Europe/Prague,705
czptt,-SR70ST-CZ-76444,Rožmitál p.Třemšínem,49.602014,13.882192,train,1,,,,,CZ,,,,Europe/Prague,48
czptt,-SR70ST-CZ-76455,Sokolov,50.186084,12.644588,train,1,,,,,CZ,,,,Europe/Prague,865
czptt,-SR70ST-CZ-76465,Svatava,50.19015,12.624817,train,1,,,,,CZ,,,,Europe/Prague,334
czptt,-SR70ST-CZ-76495,Hřebeny,50.221805,12.580862,train,1,,,,,CZ,,,,Europe/Prague,334
czptt,-SR70ST-CZ-76505,Oloví,50.254741,12.558172,train,1,,,,,CZ,,,,Europe/Prague,330
czptt,-SR70ST-CZ-76515,Rotava,50.287057,12.535434,train,1,,,,,CZ,,,,Europe/Prague,330
czptt,-SR70ST-CZ-76525,Kraslice př. nz,50.311646,12.518667,train,1,,,,,CZ,,,,Europe/Prague,331
czptt,-SR70ST-CZ-76535,Kraslice,50.330742,12.502363,train,1,,,,,CZ,,,,Europe/Prague,459
czptt,-SR70ST-CZ-76575,Bor,49.717529,12.778526,train,1,,,,,CZ,,,,Europe/Prague,287
czptt,-SR70ST-CZ-76585,Staňkov,49.547649,13.071886,train,1,,,,,CZ,,,,Europe/Prague,590
czptt,-SR70ST-CZ-76595,Křenovy,49.535326,13.025093,train,1,,,,,CZ,,,,Europe/Prague,151
czptt,-SR70ST-CZ-76625,Horšovský Týn,49.524363,12.93764,train,1,,,,,CZ,,,,Europe/Prague,151
czptt,-SR70ST-CZ-76645,Meclov,49.51012,12.875246,train,1,,,,,CZ,,,,Europe/Prague,149
czptt,-SR70ST-CZ-76695,Vonšov,50.155993,12.379602,train,1,,,,,CZ,,,,Europe/Prague,165
czptt,-SR70ST-CZ-76705,Skalná,50.166159,12.368683,train,1,,,,,CZ,,,,Europe/Prague,164
czptt,-SR70ST-CZ-76745,Luby u Chebu,50.253392,12.400968,train,1,,,,,CZ,,,,Europe/Prague,165
czptt,-SR70ST-CZ-76764,Liteň,49.903408,14.155308,train,1,,,,,CZ,,,,Europe/Prague,595
czptt,-SR70ST-CZ-76794,Všeradice,49.867516,14.107369,train,1,,,,,CZ,,,,Europe/Prague,388
czptt,-SR70ST-CZ-76824,Hostomice pod Brdy,49.83141,14.047232,train,1,,,,,CZ,,,,Europe/Prague,408
czptt,-SR70ST-CZ-76844,Neumětely,49.850044,14.011898,train,1,,,,,CZ,,,,Europe/Prague,407
czptt,-SR70ST-CZ-76854,Lochovice,49.846406,13.974275,train,1,,,,,CZ,,,,Europe/Prague,1249
czptt,-SR70ST-CZ-76884,Jince,49.782231,13.987282,train,1,,,,,CZ,,,,Europe/Prague,899
czptt,-SR70ST-CZ-76894,Bratkovice,49.738552,14.003024,train,1,,,,,CZ,,,,Europe/Prague,328
czptt,-SR70ST-CZ-76904,Příbram,49.688932,14.003268,train,1,,,,,CZ,,,,Europe/Prague,974
czptt,-SR70ST-CZ-76914,Milín,49.632392,14.021981,train,1,,,,,CZ,,,,Europe/Prague,452
czptt,-SR70ST-CZ-76924,Tochovice,49.588682,13.987669,train,1,,,,,CZ,,,,Europe/Prague,426
czptt,-SR70ST-CZ-76934,Březnice,49.55835,13.964039,train,1,,,,,CZ,,,,Europe/Prague,1402
czptt,-SR70ST-CZ-76955,Nýrsko,49.296961,13.153168,train,1,,,,,CZ,,,,Europe/Prague,388
czptt,-SR70ST-CZ-76975,Zelená Lhota,49.249219,13.178962,train,1,,,,,CZ,,,,Europe/Prague,361
czptt,-SR70ST-CZ-76985,Hamry-Hojsova Stráž,49.211326,13.175142,train,1,,,,,CZ,,,,Europe/Prague,355
czptt,-SR70ST-CZ-77005,Špičák,49.161629,13.222619,train,1,,,,,CZ,,,,Europe/Prague,357
czptt,-SR70ST-CZ-77025,Ž. Ruda-Alžbětín,49.12192,13.210179,train,1,,,,,CZ,,,,Europe/Prague,356
czptt,-SR70ST-CZ-78035,Výh Nemanice I,49.009034,14.479586,train,1,,,,,CZ,,,,Europe/Prague,62
czptt,-SR70ST-CZ-78063,Výh Nemanice II,49.014034,14.468532,train,1,,,,,CZ,,,,Europe/Prague,0
czptt,-SR70ST-CZ-78065,Radonice výhybna,49.461226,12.988398,train,1,,,,,CZ,,,,Europe/Prague,0
czptt,-SR70ST-CZ-78105,Chotěšov výhybna,49.663719,13.201866,train,1,,,,,CZ,,,,Europe/Prague,0
